sample_id,corpus_type,level,tokenizer,chars_original,chars_compressed,chars_ratio,chars_saved_pct,tokens_original,tokens_compressed,token_ratio,token_saved_pct,isr,latency_ms
tech_000,technical_docs,1,cl100k_base,275,275,1.0,0.0,78,78,1.0,0.0,1,479.874
tech_000,technical_docs,1,o200k_base,275,275,1.0,0.0,78,78,1.0,0.0,1,0.152
tech_000,technical_docs,2,cl100k_base,275,237,0.8618,13.82,78,76,0.9744,2.56,1,0.716
tech_000,technical_docs,2,o200k_base,275,237,0.8618,13.82,78,76,0.9744,2.56,1,0.248
tech_000,technical_docs,3,cl100k_base,275,220,0.8,20.0,78,69,0.8846,11.54,1,0.246
tech_000,technical_docs,3,o200k_base,275,220,0.8,20.0,78,69,0.8846,11.54,1,0.238
tech_000,technical_docs,4,cl100k_base,275,183,0.6655,33.45,78,86,1.1026,-10.26,0,0.289
tech_000,technical_docs,4,o200k_base,275,183,0.6655,33.45,78,84,1.0769,-7.69,0,0.306
tech_000,technical_docs,5,cl100k_base,275,178,0.6473,35.27,78,87,1.1154,-11.54,0,0.309
tech_000,technical_docs,5,o200k_base,275,178,0.6473,35.27,78,85,1.0897,-8.97,0,0.295
tech_001,technical_docs,1,cl100k_base,268,267,0.9963,0.37,78,77,0.9872,1.28,1,0.148
tech_001,technical_docs,1,o200k_base,268,267,0.9963,0.37,78,77,0.9872,1.28,1,0.141
tech_001,technical_docs,2,cl100k_base,268,248,0.9254,7.46,78,76,0.9744,2.56,1,0.239
tech_001,technical_docs,2,o200k_base,268,248,0.9254,7.46,78,76,0.9744,2.56,1,0.237
tech_001,technical_docs,3,cl100k_base,268,232,0.8657,13.43,78,70,0.8974,10.26,1,0.241
tech_001,technical_docs,3,o200k_base,268,232,0.8657,13.43,78,70,0.8974,10.26,1,0.235
tech_001,technical_docs,4,cl100k_base,268,190,0.709,29.1,78,92,1.1795,-17.95,0,0.28
tech_001,technical_docs,4,o200k_base,268,190,0.709,29.1,78,90,1.1538,-15.38,0,0.274
tech_001,technical_docs,5,cl100k_base,268,186,0.694,30.6,78,93,1.1923,-19.23,0,0.388
tech_001,technical_docs,5,o200k_base,268,186,0.694,30.6,78,91,1.1667,-16.67,0,0.367
tech_002,technical_docs,1,cl100k_base,294,294,1.0,0.0,79,79,1.0,0.0,1,0.21
tech_002,technical_docs,1,o200k_base,294,294,1.0,0.0,79,79,1.0,0.0,1,0.198
tech_002,technical_docs,2,cl100k_base,294,265,0.9014,9.86,79,77,0.9747,2.53,1,0.262
tech_002,technical_docs,2,o200k_base,294,265,0.9014,9.86,79,77,0.9747,2.53,1,0.243
tech_002,technical_docs,3,cl100k_base,294,249,0.8469,15.31,79,71,0.8987,10.13,1,0.251
tech_002,technical_docs,3,o200k_base,294,249,0.8469,15.31,79,71,0.8987,10.13,1,0.246
tech_002,technical_docs,4,cl100k_base,294,201,0.6837,31.63,79,95,1.2025,-20.25,0,0.33
tech_002,technical_docs,4,o200k_base,294,201,0.6837,31.63,79,93,1.1772,-17.72,0,0.292
tech_002,technical_docs,5,cl100k_base,294,197,0.6701,32.99,79,96,1.2152,-21.52,0,0.321
tech_002,technical_docs,5,o200k_base,294,197,0.6701,32.99,79,94,1.1899,-18.99,0,0.314
tech_003,technical_docs,1,cl100k_base,268,267,0.9963,0.37,78,77,0.9872,1.28,1,0.151
tech_003,technical_docs,1,o200k_base,268,267,0.9963,0.37,78,77,0.9872,1.28,1,0.163
tech_003,technical_docs,2,cl100k_base,268,244,0.9104,8.96,78,76,0.9744,2.56,1,0.241
tech_003,technical_docs,2,o200k_base,268,244,0.9104,8.96,78,76,0.9744,2.56,1,0.235
tech_003,technical_docs,3,cl100k_base,268,228,0.8507,14.93,78,70,0.8974,10.26,1,0.272
tech_003,technical_docs,3,o200k_base,268,228,0.8507,14.93,78,70,0.8974,10.26,1,0.24
tech_003,technical_docs,4,cl100k_base,268,190,0.709,29.1,78,90,1.1538,-15.38,0,0.286
tech_003,technical_docs,4,o200k_base,268,190,0.709,29.1,78,88,1.1282,-12.82,0,0.274
tech_003,technical_docs,5,cl100k_base,268,187,0.6978,30.22,78,91,1.1667,-16.67,0,0.314
tech_003,technical_docs,5,o200k_base,268,187,0.6978,30.22,78,90,1.1538,-15.38,0,0.299
tech_004,technical_docs,1,cl100k_base,273,273,1.0,0.0,78,78,1.0,0.0,1,0.148
tech_004,technical_docs,1,o200k_base,273,273,1.0,0.0,78,78,1.0,0.0,1,0.14
tech_004,technical_docs,2,cl100k_base,273,248,0.9084,9.16,78,76,0.9744,2.56,1,0.238
tech_004,technical_docs,2,o200k_base,273,248,0.9084,9.16,78,76,0.9744,2.56,1,0.258
tech_004,technical_docs,3,cl100k_base,273,232,0.8498,15.02,78,70,0.8974,10.26,1,0.239
tech_004,technical_docs,3,o200k_base,273,232,0.8498,15.02,78,70,0.8974,10.26,1,0.234
tech_004,technical_docs,4,cl100k_base,273,191,0.6996,30.04,78,92,1.1795,-17.95,0,0.277
tech_004,technical_docs,4,o200k_base,273,191,0.6996,30.04,78,90,1.1538,-15.38,0,0.274
tech_004,technical_docs,5,cl100k_base,273,188,0.6886,31.14,78,93,1.1923,-19.23,0,0.313
tech_004,technical_docs,5,o200k_base,273,188,0.6886,31.14,78,91,1.1667,-16.67,0,0.299
tech_005,technical_docs,1,cl100k_base,273,272,0.9963,0.37,78,77,0.9872,1.28,1,0.15
tech_005,technical_docs,1,o200k_base,273,272,0.9963,0.37,78,77,0.9872,1.28,1,0.141
tech_005,technical_docs,2,cl100k_base,273,253,0.9267,7.33,78,76,0.9744,2.56,1,0.239
tech_005,technical_docs,2,o200k_base,273,253,0.9267,7.33,78,76,0.9744,2.56,1,0.257
tech_005,technical_docs,3,cl100k_base,273,237,0.8681,13.19,78,70,0.8974,10.26,1,0.244
tech_005,technical_docs,3,o200k_base,273,237,0.8681,13.19,78,70,0.8974,10.26,1,0.238
tech_005,technical_docs,4,cl100k_base,273,191,0.6996,30.04,78,95,1.2179,-21.79,0,0.284
tech_005,technical_docs,4,o200k_base,273,191,0.6996,30.04,78,93,1.1923,-19.23,0,0.28
tech_005,technical_docs,5,cl100k_base,273,189,0.6923,30.77,78,96,1.2308,-23.08,0,0.336
tech_005,technical_docs,5,o200k_base,273,189,0.6923,30.77,78,94,1.2051,-20.51,0,0.303
tech_006,technical_docs,1,cl100k_base,274,274,1.0,0.0,78,78,1.0,0.0,1,0.148
tech_006,technical_docs,1,o200k_base,274,274,1.0,0.0,78,78,1.0,0.0,1,0.14
tech_006,technical_docs,2,cl100k_base,274,236,0.8613,13.87,78,76,0.9744,2.56,1,0.238
tech_006,technical_docs,2,o200k_base,274,236,0.8613,13.87,78,76,0.9744,2.56,1,0.255
tech_006,technical_docs,3,cl100k_base,274,219,0.7993,20.07,78,69,0.8846,11.54,1,0.238
tech_006,technical_docs,3,o200k_base,274,219,0.7993,20.07,78,69,0.8846,11.54,1,0.233
tech_006,technical_docs,4,cl100k_base,274,181,0.6606,33.94,78,89,1.141,-14.1,0,0.273
tech_006,technical_docs,4,o200k_base,274,181,0.6606,33.94,78,87,1.1154,-11.54,0,0.268
tech_006,technical_docs,5,cl100k_base,274,177,0.646,35.4,78,90,1.1538,-15.38,0,0.32
tech_006,technical_docs,5,o200k_base,274,177,0.646,35.4,78,88,1.1282,-12.82,0,0.294
tech_007,technical_docs,1,cl100k_base,268,267,0.9963,0.37,79,78,0.9873,1.27,1,0.162
tech_007,technical_docs,1,o200k_base,268,267,0.9963,0.37,79,78,0.9873,1.27,1,0.142
tech_007,technical_docs,2,cl100k_base,268,248,0.9254,7.46,79,77,0.9747,2.53,1,0.239
tech_007,technical_docs,2,o200k_base,268,248,0.9254,7.46,79,77,0.9747,2.53,1,0.253
tech_007,technical_docs,3,cl100k_base,268,232,0.8657,13.43,79,71,0.8987,10.13,1,0.402
tech_007,technical_docs,3,o200k_base,268,232,0.8657,13.43,79,71,0.8987,10.13,1,0.248
tech_007,technical_docs,4,cl100k_base,268,195,0.7276,27.24,79,91,1.1519,-15.19,0,0.298
tech_007,technical_docs,4,o200k_base,268,195,0.7276,27.24,79,89,1.1266,-12.66,0,0.278
tech_007,technical_docs,5,cl100k_base,268,192,0.7164,28.36,79,92,1.1646,-16.46,0,0.322
tech_007,technical_docs,5,o200k_base,268,192,0.7164,28.36,79,90,1.1392,-13.92,0,0.302
tech_008,technical_docs,1,cl100k_base,285,285,1.0,0.0,80,80,1.0,0.0,1,0.156
tech_008,technical_docs,1,o200k_base,285,285,1.0,0.0,80,80,1.0,0.0,1,0.144
tech_008,technical_docs,2,cl100k_base,285,256,0.8982,10.18,80,78,0.975,2.5,1,0.246
tech_008,technical_docs,2,o200k_base,285,256,0.8982,10.18,80,78,0.975,2.5,1,0.243
tech_008,technical_docs,3,cl100k_base,285,240,0.8421,15.79,80,72,0.9,10.0,1,0.25
tech_008,technical_docs,3,o200k_base,285,240,0.8421,15.79,80,72,0.9,10.0,1,0.241
tech_008,technical_docs,4,cl100k_base,285,198,0.6947,30.53,80,92,1.15,-15.0,0,0.296
tech_008,technical_docs,4,o200k_base,285,198,0.6947,30.53,80,89,1.1125,-11.25,0,0.304
tech_008,technical_docs,5,cl100k_base,285,194,0.6807,31.93,80,93,1.1625,-16.25,0,0.327
tech_008,technical_docs,5,o200k_base,285,194,0.6807,31.93,80,90,1.125,-12.5,0,0.308
tech_009,technical_docs,1,cl100k_base,270,269,0.9963,0.37,79,78,0.9873,1.27,1,0.151
tech_009,technical_docs,1,o200k_base,270,269,0.9963,0.37,79,78,0.9873,1.27,1,0.142
tech_009,technical_docs,2,cl100k_base,270,241,0.8926,10.74,79,77,0.9747,2.53,1,0.263
tech_009,technical_docs,2,o200k_base,270,241,0.8926,10.74,79,77,0.9747,2.53,1,0.238
tech_009,technical_docs,3,cl100k_base,270,225,0.8333,16.67,79,71,0.8987,10.13,1,0.251
tech_009,technical_docs,3,o200k_base,270,225,0.8333,16.67,79,71,0.8987,10.13,1,0.236
tech_009,technical_docs,4,cl100k_base,270,188,0.6963,30.37,79,87,1.1013,-10.13,0,0.287
tech_009,technical_docs,4,o200k_base,270,188,0.6963,30.37,79,85,1.0759,-7.59,0,0.298
tech_009,technical_docs,5,cl100k_base,270,183,0.6778,32.22,79,89,1.1266,-12.66,0,0.319
tech_009,technical_docs,5,o200k_base,270,183,0.6778,32.22,79,87,1.1013,-10.13,0,0.319
tech_010,technical_docs,1,cl100k_base,286,286,1.0,0.0,80,80,1.0,0.0,1,0.155
tech_010,technical_docs,1,o200k_base,286,286,1.0,0.0,80,80,1.0,0.0,1,0.145
tech_010,technical_docs,2,cl100k_base,286,258,0.9021,9.79,80,78,0.975,2.5,1,0.28
tech_010,technical_docs,2,o200k_base,286,258,0.9021,9.79,80,78,0.975,2.5,1,0.24
tech_010,technical_docs,3,cl100k_base,286,242,0.8462,15.38,80,72,0.9,10.0,1,0.251
tech_010,technical_docs,3,o200k_base,286,242,0.8462,15.38,80,72,0.9,10.0,1,0.242
tech_010,technical_docs,4,cl100k_base,286,198,0.6923,30.77,80,94,1.175,-17.5,0,0.301
tech_010,technical_docs,4,o200k_base,286,198,0.6923,30.77,80,91,1.1375,-13.75,0,0.312
tech_010,technical_docs,5,cl100k_base,286,194,0.6783,32.17,80,95,1.1875,-18.75,0,0.32
tech_010,technical_docs,5,o200k_base,286,194,0.6783,32.17,80,92,1.15,-15.0,0,0.428
tech_011,technical_docs,1,cl100k_base,273,272,0.9963,0.37,80,79,0.9875,1.25,1,0.17
tech_011,technical_docs,1,o200k_base,273,272,0.9963,0.37,80,79,0.9875,1.25,1,0.281
tech_011,technical_docs,2,cl100k_base,273,253,0.9267,7.33,80,78,0.975,2.5,1,0.265
tech_011,technical_docs,2,o200k_base,273,253,0.9267,7.33,80,78,0.975,2.5,1,0.24
tech_011,technical_docs,3,cl100k_base,273,237,0.8681,13.19,80,72,0.9,10.0,1,0.249
tech_011,technical_docs,3,o200k_base,273,237,0.8681,13.19,80,72,0.9,10.0,1,0.24
tech_011,technical_docs,4,cl100k_base,273,196,0.7179,28.21,80,94,1.175,-17.5,0,0.323
tech_011,technical_docs,4,o200k_base,273,196,0.7179,28.21,80,92,1.15,-15.0,0,0.282
tech_011,technical_docs,5,cl100k_base,273,194,0.7106,28.94,80,95,1.1875,-18.75,0,0.315
tech_011,technical_docs,5,o200k_base,273,194,0.7106,28.94,80,93,1.1625,-16.25,0,0.309
tech_012,technical_docs,1,cl100k_base,292,292,1.0,0.0,79,79,1.0,0.0,1,0.2
tech_012,technical_docs,1,o200k_base,292,292,1.0,0.0,79,79,1.0,0.0,1,0.147
tech_012,technical_docs,2,cl100k_base,292,259,0.887,11.3,79,77,0.9747,2.53,1,0.249
tech_012,technical_docs,2,o200k_base,292,259,0.887,11.3,79,77,0.9747,2.53,1,0.239
tech_012,technical_docs,3,cl100k_base,292,243,0.8322,16.78,79,71,0.8987,10.13,1,0.247
tech_012,technical_docs,3,o200k_base,292,243,0.8322,16.78,79,71,0.8987,10.13,1,0.517
tech_012,technical_docs,4,cl100k_base,292,197,0.6747,32.53,79,94,1.1899,-18.99,0,0.345
tech_012,technical_docs,4,o200k_base,292,197,0.6747,32.53,79,92,1.1646,-16.46,0,0.298
tech_012,technical_docs,5,cl100k_base,292,195,0.6678,33.22,79,95,1.2025,-20.25,0,0.366
tech_012,technical_docs,5,o200k_base,292,195,0.6678,33.22,79,93,1.1772,-17.72,0,0.399
tech_013,technical_docs,1,cl100k_base,263,262,0.9962,0.38,79,78,0.9873,1.27,1,0.168
tech_013,technical_docs,1,o200k_base,263,262,0.9962,0.38,79,78,0.9873,1.27,1,0.162
tech_013,technical_docs,2,cl100k_base,263,243,0.924,7.6,79,77,0.9747,2.53,1,0.265
tech_013,technical_docs,2,o200k_base,263,243,0.924,7.6,79,77,0.9747,2.53,1,0.346
tech_013,technical_docs,3,cl100k_base,263,227,0.8631,13.69,79,71,0.8987,10.13,1,0.254
tech_013,technical_docs,3,o200k_base,263,227,0.8631,13.69,79,71,0.8987,10.13,1,0.239
tech_013,technical_docs,4,cl100k_base,263,190,0.7224,27.76,79,90,1.1392,-13.92,0,0.353
tech_013,technical_docs,4,o200k_base,263,190,0.7224,27.76,79,88,1.1139,-11.39,0,0.491
tech_013,technical_docs,5,cl100k_base,263,188,0.7148,28.52,79,91,1.1519,-15.19,0,0.794
tech_013,technical_docs,5,o200k_base,263,188,0.7148,28.52,79,89,1.1266,-12.66,0,0.407
tech_014,technical_docs,1,cl100k_base,273,273,1.0,0.0,78,78,1.0,0.0,1,0.195
tech_014,technical_docs,1,o200k_base,273,273,1.0,0.0,78,78,1.0,0.0,1,0.143
tech_014,technical_docs,2,cl100k_base,273,244,0.8938,10.62,78,76,0.9744,2.56,1,0.257
tech_014,technical_docs,2,o200k_base,273,244,0.8938,10.62,78,76,0.9744,2.56,1,0.234
tech_014,technical_docs,3,cl100k_base,273,228,0.8352,16.48,78,70,0.8974,10.26,1,0.294
tech_014,technical_docs,3,o200k_base,273,228,0.8352,16.48,78,70,0.8974,10.26,1,0.241
tech_014,technical_docs,4,cl100k_base,273,190,0.696,30.4,78,89,1.141,-14.1,0,0.32
tech_014,technical_docs,4,o200k_base,273,190,0.696,30.4,78,87,1.1154,-11.54,0,0.275
tech_014,technical_docs,5,cl100k_base,273,187,0.685,31.5,78,90,1.1538,-15.38,0,0.393
tech_014,technical_docs,5,o200k_base,273,187,0.685,31.5,78,88,1.1282,-12.82,0,0.307
tech_015,technical_docs,1,cl100k_base,287,286,0.9965,0.35,79,78,0.9873,1.27,1,0.165
tech_015,technical_docs,1,o200k_base,287,286,0.9965,0.35,79,78,0.9873,1.27,1,0.145
tech_015,technical_docs,2,cl100k_base,287,257,0.8955,10.45,79,77,0.9747,2.53,1,0.252
tech_015,technical_docs,2,o200k_base,287,257,0.8955,10.45,79,77,0.9747,2.53,1,0.273
tech_015,technical_docs,3,cl100k_base,287,241,0.8397,16.03,79,71,0.8987,10.13,1,0.25
tech_015,technical_docs,3,o200k_base,287,241,0.8397,16.03,79,71,0.8987,10.13,1,0.243
tech_015,technical_docs,4,cl100k_base,287,195,0.6794,32.06,79,94,1.1899,-18.99,0,0.295
tech_015,technical_docs,4,o200k_base,287,195,0.6794,32.06,79,92,1.1646,-16.46,0,0.283
tech_015,technical_docs,5,cl100k_base,287,193,0.6725,32.75,79,95,1.2025,-20.25,0,0.321
tech_015,technical_docs,5,o200k_base,287,193,0.6725,32.75,79,93,1.1772,-17.72,0,0.311
tech_016,technical_docs,1,cl100k_base,273,273,1.0,0.0,79,79,1.0,0.0,1,0.151
tech_016,technical_docs,1,o200k_base,273,273,1.0,0.0,79,79,1.0,0.0,1,0.141
tech_016,technical_docs,2,cl100k_base,273,249,0.9121,8.79,79,77,0.9747,2.53,1,0.24
tech_016,technical_docs,2,o200k_base,273,249,0.9121,8.79,79,77,0.9747,2.53,1,0.239
tech_016,technical_docs,3,cl100k_base,273,233,0.8535,14.65,79,71,0.8987,10.13,1,0.243
tech_016,technical_docs,3,o200k_base,273,233,0.8535,14.65,79,71,0.8987,10.13,1,0.238
tech_016,technical_docs,4,cl100k_base,273,191,0.6996,30.04,79,95,1.2025,-20.25,0,0.285
tech_016,technical_docs,4,o200k_base,273,191,0.6996,30.04,79,93,1.1772,-17.72,0,0.279
tech_016,technical_docs,5,cl100k_base,273,189,0.6923,30.77,79,96,1.2152,-21.52,0,0.317
tech_016,technical_docs,5,o200k_base,273,189,0.6923,30.77,79,94,1.1899,-18.99,0,0.304
tech_017,technical_docs,1,cl100k_base,272,271,0.9963,0.37,79,78,0.9873,1.27,1,0.151
tech_017,technical_docs,1,o200k_base,272,271,0.9963,0.37,79,78,0.9873,1.27,1,0.142
tech_017,technical_docs,2,cl100k_base,272,252,0.9265,7.35,79,77,0.9747,2.53,1,0.241
tech_017,technical_docs,2,o200k_base,272,252,0.9265,7.35,79,77,0.9747,2.53,1,0.342
tech_017,technical_docs,3,cl100k_base,272,236,0.8676,13.24,79,71,0.8987,10.13,1,0.245
tech_017,technical_docs,3,o200k_base,272,236,0.8676,13.24,79,71,0.8987,10.13,1,0.239
tech_017,technical_docs,4,cl100k_base,272,195,0.7169,28.31,79,92,1.1646,-16.46,0,0.291
tech_017,technical_docs,4,o200k_base,272,195,0.7169,28.31,79,90,1.1392,-13.92,0,0.302
tech_017,technical_docs,5,cl100k_base,272,193,0.7096,29.04,79,93,1.1772,-17.72,0,0.313
tech_017,technical_docs,5,o200k_base,272,193,0.7096,29.04,79,91,1.1519,-15.19,0,0.306
tech_018,technical_docs,1,cl100k_base,280,280,1.0,0.0,79,79,1.0,0.0,1,0.156
tech_018,technical_docs,1,o200k_base,280,280,1.0,0.0,79,79,1.0,0.0,1,0.142
tech_018,technical_docs,2,cl100k_base,280,245,0.875,12.5,79,77,0.9747,2.53,1,0.42
tech_018,technical_docs,2,o200k_base,280,245,0.875,12.5,79,77,0.9747,2.53,1,0.256
tech_018,technical_docs,3,cl100k_base,280,229,0.8179,18.21,79,71,0.8987,10.13,1,0.249
tech_018,technical_docs,3,o200k_base,280,229,0.8179,18.21,79,71,0.8987,10.13,1,0.239
tech_018,technical_docs,4,cl100k_base,280,192,0.6857,31.43,79,89,1.1266,-12.66,0,0.374
tech_018,technical_docs,4,o200k_base,280,192,0.6857,31.43,79,87,1.1013,-10.13,0,0.301
tech_018,technical_docs,5,cl100k_base,280,187,0.6679,33.21,79,90,1.1392,-13.92,0,0.313
tech_018,technical_docs,5,o200k_base,280,187,0.6679,33.21,79,88,1.1139,-11.39,0,0.305
tech_019,technical_docs,1,cl100k_base,277,276,0.9964,0.36,79,78,0.9873,1.27,1,0.16
tech_019,technical_docs,1,o200k_base,277,276,0.9964,0.36,80,79,0.9875,1.25,1,0.145
tech_019,technical_docs,2,cl100k_base,277,257,0.9278,7.22,79,77,0.9747,2.53,1,0.247
tech_019,technical_docs,2,o200k_base,277,257,0.9278,7.22,80,78,0.975,2.5,1,0.239
tech_019,technical_docs,3,cl100k_base,277,241,0.87,13.0,79,71,0.8987,10.13,1,0.247
tech_019,technical_docs,3,o200k_base,277,241,0.87,13.0,80,72,0.9,10.0,1,0.267
tech_019,technical_docs,4,cl100k_base,277,199,0.7184,28.16,79,92,1.1646,-16.46,0,0.293
tech_019,technical_docs,4,o200k_base,277,199,0.7184,28.16,80,90,1.125,-12.5,0,0.283
tech_019,technical_docs,5,cl100k_base,277,196,0.7076,29.24,79,93,1.1772,-17.72,0,0.315
tech_019,technical_docs,5,o200k_base,277,196,0.7076,29.24,80,91,1.1375,-13.75,0,0.311
tech_020,technical_docs,1,cl100k_base,299,299,1.0,0.0,83,83,1.0,0.0,1,0.221
tech_020,technical_docs,1,o200k_base,299,299,1.0,0.0,83,83,1.0,0.0,1,0.151
tech_020,technical_docs,2,cl100k_base,299,270,0.903,9.7,83,81,0.9759,2.41,1,0.255
tech_020,technical_docs,2,o200k_base,299,270,0.903,9.7,83,81,0.9759,2.41,1,0.248
tech_020,technical_docs,3,cl100k_base,299,254,0.8495,15.05,83,75,0.9036,9.64,1,0.254
tech_020,technical_docs,3,o200k_base,299,254,0.8495,15.05,83,75,0.9036,9.64,1,0.253
tech_020,technical_docs,4,cl100k_base,299,208,0.6957,30.43,83,97,1.1687,-16.87,0,0.3
tech_020,technical_docs,4,o200k_base,299,208,0.6957,30.43,83,95,1.1446,-14.46,0,0.293
tech_020,technical_docs,5,cl100k_base,299,206,0.689,31.1,83,98,1.1807,-18.07,0,0.328
tech_020,technical_docs,5,o200k_base,299,206,0.689,31.1,83,96,1.1566,-15.66,0,0.347
tech_021,technical_docs,1,cl100k_base,287,286,0.9965,0.35,79,78,0.9873,1.27,1,0.155
tech_021,technical_docs,1,o200k_base,287,286,0.9965,0.35,79,78,0.9873,1.27,1,0.144
tech_021,technical_docs,2,cl100k_base,287,257,0.8955,10.45,79,77,0.9747,2.53,1,0.253
tech_021,technical_docs,2,o200k_base,287,257,0.8955,10.45,79,77,0.9747,2.53,1,0.24
tech_021,technical_docs,3,cl100k_base,287,241,0.8397,16.03,79,71,0.8987,10.13,1,0.273
tech_021,technical_docs,3,o200k_base,287,241,0.8397,16.03,79,71,0.8987,10.13,1,0.245
tech_021,technical_docs,4,cl100k_base,287,195,0.6794,32.06,79,93,1.1772,-17.72,0,0.288
tech_021,technical_docs,4,o200k_base,287,195,0.6794,32.06,79,91,1.1519,-15.19,0,0.283
tech_021,technical_docs,5,cl100k_base,287,193,0.6725,32.75,79,94,1.1899,-18.99,0,0.389
tech_021,technical_docs,5,o200k_base,287,193,0.6725,32.75,79,92,1.1646,-16.46,0,0.312
tech_022,technical_docs,1,cl100k_base,281,281,1.0,0.0,78,78,1.0,0.0,1,0.152
tech_022,technical_docs,1,o200k_base,281,281,1.0,0.0,78,78,1.0,0.0,1,0.143
tech_022,technical_docs,2,cl100k_base,281,252,0.8968,10.32,78,76,0.9744,2.56,1,0.241
tech_022,technical_docs,2,o200k_base,281,252,0.8968,10.32,78,76,0.9744,2.56,1,0.282
tech_022,technical_docs,3,cl100k_base,281,236,0.8399,16.01,78,70,0.8974,10.26,1,0.242
tech_022,technical_docs,3,o200k_base,281,236,0.8399,16.01,78,70,0.8974,10.26,1,0.235
tech_022,technical_docs,4,cl100k_base,281,192,0.6833,31.67,78,95,1.2179,-21.79,0,0.282
tech_022,technical_docs,4,o200k_base,281,192,0.6833,31.67,78,92,1.1795,-17.95,0,0.275
tech_022,technical_docs,5,cl100k_base,281,190,0.6762,32.38,78,96,1.2308,-23.08,0,0.33
tech_022,technical_docs,5,o200k_base,281,190,0.6762,32.38,78,93,1.1923,-19.23,0,0.302
tech_023,technical_docs,1,cl100k_base,266,265,0.9962,0.38,78,77,0.9872,1.28,1,0.148
tech_023,technical_docs,1,o200k_base,266,265,0.9962,0.38,78,77,0.9872,1.28,1,0.14
tech_023,technical_docs,2,cl100k_base,266,246,0.9248,7.52,78,76,0.9744,2.56,1,0.236
tech_023,technical_docs,2,o200k_base,266,246,0.9248,7.52,78,76,0.9744,2.56,1,0.254
tech_023,technical_docs,3,cl100k_base,266,230,0.8647,13.53,78,70,0.8974,10.26,1,0.239
tech_023,technical_docs,3,o200k_base,266,230,0.8647,13.53,78,70,0.8974,10.26,1,0.233
tech_023,technical_docs,4,cl100k_base,266,191,0.718,28.2,78,92,1.1795,-17.95,0,0.275
tech_023,technical_docs,4,o200k_base,266,191,0.718,28.2,78,89,1.141,-14.1,0,0.272
tech_023,technical_docs,5,cl100k_base,266,189,0.7105,28.95,78,93,1.1923,-19.23,0,0.324
tech_023,technical_docs,5,o200k_base,266,189,0.7105,28.95,78,90,1.1538,-15.38,0,0.297
tech_024,technical_docs,1,cl100k_base,269,269,1.0,0.0,78,78,1.0,0.0,1,0.147
tech_024,technical_docs,1,o200k_base,269,269,1.0,0.0,78,78,1.0,0.0,1,0.139
tech_024,technical_docs,2,cl100k_base,269,237,0.881,11.9,78,76,0.9744,2.56,1,0.236
tech_024,technical_docs,2,o200k_base,269,237,0.881,11.9,78,76,0.9744,2.56,1,0.25
tech_024,technical_docs,3,cl100k_base,269,220,0.8178,18.22,78,69,0.8846,11.54,1,0.242
tech_024,technical_docs,3,o200k_base,269,220,0.8178,18.22,78,69,0.8846,11.54,1,0.232
tech_024,technical_docs,4,cl100k_base,269,186,0.6914,30.86,78,88,1.1282,-12.82,0,0.274
tech_024,technical_docs,4,o200k_base,269,186,0.6914,30.86,78,86,1.1026,-10.26,0,0.27
tech_024,technical_docs,5,cl100k_base,269,181,0.6729,32.71,78,89,1.141,-14.1,0,0.319
tech_024,technical_docs,5,o200k_base,269,181,0.6729,32.71,78,87,1.1154,-11.54,0,0.295
tech_025,technical_docs,1,cl100k_base,271,270,0.9963,0.37,83,82,0.988,1.2,1,0.166
tech_025,technical_docs,1,o200k_base,271,270,0.9963,0.37,83,82,0.988,1.2,1,0.148
tech_025,technical_docs,2,cl100k_base,271,251,0.9262,7.38,83,81,0.9759,2.41,1,0.247
tech_025,technical_docs,2,o200k_base,271,251,0.9262,7.38,83,81,0.9759,2.41,1,0.371
tech_025,technical_docs,3,cl100k_base,271,235,0.8672,13.28,83,75,0.9036,9.64,1,0.254
tech_025,technical_docs,3,o200k_base,271,235,0.8672,13.28,83,75,0.9036,9.64,1,0.245
tech_025,technical_docs,4,cl100k_base,271,196,0.7232,27.68,83,93,1.1205,-12.05,0,0.292
tech_025,technical_docs,4,o200k_base,271,196,0.7232,27.68,83,91,1.0964,-9.64,0,0.39
tech_025,technical_docs,5,cl100k_base,271,192,0.7085,29.15,83,94,1.1325,-13.25,0,0.359
tech_025,technical_docs,5,o200k_base,271,192,0.7085,29.15,83,92,1.1084,-10.84,0,0.34
tech_026,technical_docs,1,cl100k_base,263,263,1.0,0.0,79,79,1.0,0.0,1,0.158
tech_026,technical_docs,1,o200k_base,263,263,1.0,0.0,79,79,1.0,0.0,1,0.153
tech_026,technical_docs,2,cl100k_base,263,239,0.9087,9.13,79,77,0.9747,2.53,1,0.301
tech_026,technical_docs,2,o200k_base,263,239,0.9087,9.13,79,77,0.9747,2.53,1,0.241
tech_026,technical_docs,3,cl100k_base,263,223,0.8479,15.21,79,71,0.8987,10.13,1,0.274
tech_026,technical_docs,3,o200k_base,263,223,0.8479,15.21,79,71,0.8987,10.13,1,0.244
tech_026,technical_docs,4,cl100k_base,263,187,0.711,28.9,79,90,1.1392,-13.92,0,0.318
tech_026,technical_docs,4,o200k_base,263,187,0.711,28.9,79,88,1.1139,-11.39,0,0.368
tech_026,technical_docs,5,cl100k_base,263,185,0.7034,29.66,79,91,1.1519,-15.19,0,0.38
tech_026,technical_docs,5,o200k_base,263,185,0.7034,29.66,79,89,1.1266,-12.66,0,0.344
tech_027,technical_docs,1,cl100k_base,284,283,0.9965,0.35,80,79,0.9875,1.25,1,0.168
tech_027,technical_docs,1,o200k_base,284,283,0.9965,0.35,80,79,0.9875,1.25,1,0.158
tech_027,technical_docs,2,cl100k_base,284,254,0.8944,10.56,80,78,0.975,2.5,1,0.278
tech_027,technical_docs,2,o200k_base,284,254,0.8944,10.56,80,78,0.975,2.5,1,0.272
tech_027,technical_docs,3,cl100k_base,284,238,0.838,16.2,80,72,0.9,10.0,1,0.288
tech_027,technical_docs,3,o200k_base,284,238,0.838,16.2,80,72,0.9,10.0,1,0.248
tech_027,technical_docs,4,cl100k_base,284,196,0.6901,30.99,80,93,1.1625,-16.25,0,0.291
tech_027,technical_docs,4,o200k_base,284,196,0.6901,30.99,80,91,1.1375,-13.75,0,0.285
tech_027,technical_docs,5,cl100k_base,284,194,0.6831,31.69,80,94,1.175,-17.5,0,0.336
tech_027,technical_docs,5,o200k_base,284,194,0.6831,31.69,80,92,1.15,-15.0,0,0.308
tech_028,technical_docs,1,cl100k_base,299,299,1.0,0.0,84,84,1.0,0.0,1,0.16
tech_028,technical_docs,1,o200k_base,299,299,1.0,0.0,84,84,1.0,0.0,1,0.15
tech_028,technical_docs,2,cl100k_base,299,280,0.9365,6.35,84,83,0.9881,1.19,1,0.259
tech_028,technical_docs,2,o200k_base,299,280,0.9365,6.35,84,83,0.9881,1.19,1,0.273
tech_028,technical_docs,3,cl100k_base,299,264,0.8829,11.71,84,77,0.9167,8.33,1,0.261
tech_028,technical_docs,3,o200k_base,299,264,0.8829,11.71,84,77,0.9167,8.33,1,0.254
tech_028,technical_docs,4,cl100k_base,299,215,0.7191,28.09,84,103,1.2262,-22.62,0,0.303
tech_028,technical_docs,4,o200k_base,299,215,0.7191,28.09,84,101,1.2024,-20.24,0,0.298
tech_028,technical_docs,5,cl100k_base,299,213,0.7124,28.76,84,104,1.2381,-23.81,0,0.336
tech_028,technical_docs,5,o200k_base,299,213,0.7124,28.76,84,102,1.2143,-21.43,0,0.328
tech_029,technical_docs,1,cl100k_base,266,265,0.9962,0.38,79,78,0.9873,1.27,1,0.385
tech_029,technical_docs,1,o200k_base,266,265,0.9962,0.38,79,78,0.9873,1.27,1,0.171
tech_029,technical_docs,2,cl100k_base,266,246,0.9248,7.52,79,77,0.9747,2.53,1,0.265
tech_029,technical_docs,2,o200k_base,266,246,0.9248,7.52,79,77,0.9747,2.53,1,0.238
tech_029,technical_docs,3,cl100k_base,266,230,0.8647,13.53,79,71,0.8987,10.13,1,0.25
tech_029,technical_docs,3,o200k_base,266,230,0.8647,13.53,79,71,0.8987,10.13,1,0.279
tech_029,technical_docs,4,cl100k_base,266,188,0.7068,29.32,79,89,1.1266,-12.66,0,0.441
tech_029,technical_docs,4,o200k_base,266,188,0.7068,29.32,79,87,1.1013,-10.13,0,0.318
tech_029,technical_docs,5,cl100k_base,266,184,0.6917,30.83,79,90,1.1392,-13.92,0,0.325
tech_029,technical_docs,5,o200k_base,266,184,0.6917,30.83,79,88,1.1139,-11.39,0,0.334
tech_030,technical_docs,1,cl100k_base,286,286,1.0,0.0,80,80,1.0,0.0,1,0.194
tech_030,technical_docs,1,o200k_base,286,286,1.0,0.0,81,81,1.0,0.0,1,0.148
tech_030,technical_docs,2,cl100k_base,286,251,0.8776,12.24,80,78,0.975,2.5,1,0.439
tech_030,technical_docs,2,o200k_base,286,251,0.8776,12.24,81,79,0.9753,2.47,1,0.275
tech_030,technical_docs,3,cl100k_base,286,234,0.8182,18.18,80,71,0.8875,11.25,1,0.252
tech_030,technical_docs,3,o200k_base,286,234,0.8182,18.18,81,72,0.8889,11.11,1,0.242
tech_030,technical_docs,4,cl100k_base,286,191,0.6678,33.22,80,92,1.15,-15.0,0,0.428
tech_030,technical_docs,4,o200k_base,286,191,0.6678,33.22,81,90,1.1111,-11.11,0,0.321
tech_030,technical_docs,5,cl100k_base,286,189,0.6608,33.92,80,93,1.1625,-16.25,0,0.319
tech_030,technical_docs,5,o200k_base,286,189,0.6608,33.92,81,91,1.1235,-12.35,0,0.31
tech_031,technical_docs,1,cl100k_base,268,267,0.9963,0.37,78,77,0.9872,1.28,1,0.152
tech_031,technical_docs,1,o200k_base,268,267,0.9963,0.37,78,77,0.9872,1.28,1,0.141
tech_031,technical_docs,2,cl100k_base,268,248,0.9254,7.46,78,76,0.9744,2.56,1,0.263
tech_031,technical_docs,2,o200k_base,268,248,0.9254,7.46,78,76,0.9744,2.56,1,0.234
tech_031,technical_docs,3,cl100k_base,268,232,0.8657,13.43,78,70,0.8974,10.26,1,0.24
tech_031,technical_docs,3,o200k_base,268,232,0.8657,13.43,78,70,0.8974,10.26,1,0.236
tech_031,technical_docs,4,cl100k_base,268,190,0.709,29.1,78,90,1.1538,-15.38,0,0.281
tech_031,technical_docs,4,o200k_base,268,190,0.709,29.1,78,89,1.141,-14.1,0,0.298
tech_031,technical_docs,5,cl100k_base,268,188,0.7015,29.85,78,91,1.1667,-16.67,0,0.309
tech_031,technical_docs,5,o200k_base,268,188,0.7015,29.85,78,90,1.1538,-15.38,0,0.302
tech_032,technical_docs,1,cl100k_base,264,264,1.0,0.0,78,78,1.0,0.0,1,0.145
tech_032,technical_docs,1,o200k_base,264,264,1.0,0.0,78,78,1.0,0.0,1,0.138
tech_032,technical_docs,2,cl100k_base,264,239,0.9053,9.47,78,76,0.9744,2.56,1,0.252
tech_032,technical_docs,2,o200k_base,264,239,0.9053,9.47,78,76,0.9744,2.56,1,0.232
tech_032,technical_docs,3,cl100k_base,264,223,0.8447,15.53,78,70,0.8974,10.26,1,0.235
tech_032,technical_docs,3,o200k_base,264,223,0.8447,15.53,78,70,0.8974,10.26,1,0.275
tech_032,technical_docs,4,cl100k_base,264,189,0.7159,28.41,78,87,1.1154,-11.54,0,0.289
tech_032,technical_docs,4,o200k_base,264,189,0.7159,28.41,78,85,1.0897,-8.97,0,0.272
tech_032,technical_docs,5,cl100k_base,264,185,0.7008,29.92,78,88,1.1282,-12.82,0,0.327
tech_032,technical_docs,5,o200k_base,264,185,0.7008,29.92,78,86,1.1026,-10.26,0,0.3
tech_033,technical_docs,1,cl100k_base,273,272,0.9963,0.37,79,78,0.9873,1.27,1,0.152
tech_033,technical_docs,1,o200k_base,273,272,0.9963,0.37,79,78,0.9873,1.27,1,0.142
tech_033,technical_docs,2,cl100k_base,273,249,0.9121,8.79,79,77,0.9747,2.53,1,0.242
tech_033,technical_docs,2,o200k_base,273,249,0.9121,8.79,79,77,0.9747,2.53,1,0.236
tech_033,technical_docs,3,cl100k_base,273,233,0.8535,14.65,79,71,0.8987,10.13,1,0.252
tech_033,technical_docs,3,o200k_base,273,233,0.8535,14.65,79,71,0.8987,10.13,1,0.238
tech_033,technical_docs,4,cl100k_base,273,193,0.707,29.3,79,93,1.1772,-17.72,0,0.285
tech_033,technical_docs,4,o200k_base,273,193,0.707,29.3,79,91,1.1519,-15.19,0,0.276
tech_033,technical_docs,5,cl100k_base,273,191,0.6996,30.04,79,94,1.1899,-18.99,0,0.325
tech_033,technical_docs,5,o200k_base,273,191,0.6996,30.04,79,92,1.1646,-16.46,0,0.307
tech_034,technical_docs,1,cl100k_base,268,268,1.0,0.0,78,78,1.0,0.0,1,0.147
tech_034,technical_docs,1,o200k_base,268,268,1.0,0.0,78,78,1.0,0.0,1,0.139
tech_034,technical_docs,2,cl100k_base,268,242,0.903,9.7,78,76,0.9744,2.56,1,0.235
tech_034,technical_docs,2,o200k_base,268,242,0.903,9.7,78,76,0.9744,2.56,1,0.229
tech_034,technical_docs,3,cl100k_base,268,226,0.8433,15.67,78,70,0.8974,10.26,1,0.251
tech_034,technical_docs,3,o200k_base,268,226,0.8433,15.67,78,70,0.8974,10.26,1,0.233
tech_034,technical_docs,4,cl100k_base,268,191,0.7127,28.73,78,87,1.1154,-11.54,0,0.276
tech_034,technical_docs,4,o200k_base,268,191,0.7127,28.73,78,85,1.0897,-8.97,0,0.267
tech_034,technical_docs,5,cl100k_base,268,188,0.7015,29.85,78,88,1.1282,-12.82,0,0.298
tech_034,technical_docs,5,o200k_base,268,188,0.7015,29.85,78,86,1.1026,-10.26,0,0.298
tech_035,technical_docs,1,cl100k_base,273,272,0.9963,0.37,80,79,0.9875,1.25,1,0.152
tech_035,technical_docs,1,o200k_base,273,272,0.9963,0.37,80,79,0.9875,1.25,1,0.143
tech_035,technical_docs,2,cl100k_base,273,253,0.9267,7.33,80,78,0.975,2.5,1,0.241
tech_035,technical_docs,2,o200k_base,273,253,0.9267,7.33,80,78,0.975,2.5,1,0.237
tech_035,technical_docs,3,cl100k_base,273,237,0.8681,13.19,80,72,0.9,10.0,1,0.268
tech_035,technical_docs,3,o200k_base,273,237,0.8681,13.19,80,72,0.9,10.0,1,0.239
tech_035,technical_docs,4,cl100k_base,273,194,0.7106,28.94,80,92,1.15,-15.0,0,0.286
tech_035,technical_docs,4,o200k_base,273,194,0.7106,28.94,80,90,1.125,-12.5,0,0.279
tech_035,technical_docs,5,cl100k_base,273,192,0.7033,29.67,80,93,1.1625,-16.25,0,0.312
tech_035,technical_docs,5,o200k_base,273,192,0.7033,29.67,80,91,1.1375,-13.75,0,0.31
tech_036,technical_docs,1,cl100k_base,284,284,1.0,0.0,80,80,1.0,0.0,1,0.154
tech_036,technical_docs,1,o200k_base,284,284,1.0,0.0,80,80,1.0,0.0,1,0.143
tech_036,technical_docs,2,cl100k_base,284,253,0.8908,10.92,80,78,0.975,2.5,1,0.245
tech_036,technical_docs,2,o200k_base,284,253,0.8908,10.92,80,78,0.975,2.5,1,0.239
tech_036,technical_docs,3,cl100k_base,284,237,0.8345,16.55,80,72,0.9,10.0,1,0.272
tech_036,technical_docs,3,o200k_base,284,237,0.8345,16.55,80,72,0.9,10.0,1,0.244
tech_036,technical_docs,4,cl100k_base,284,199,0.7007,29.93,80,93,1.1625,-16.25,0,0.289
tech_036,technical_docs,4,o200k_base,284,199,0.7007,29.93,80,91,1.1375,-13.75,0,0.281
tech_036,technical_docs,5,cl100k_base,284,196,0.6901,30.99,80,94,1.175,-17.5,0,0.333
tech_036,technical_docs,5,o200k_base,284,196,0.6901,30.99,80,93,1.1625,-16.25,0,0.31
tech_037,technical_docs,1,cl100k_base,260,259,0.9962,0.38,78,77,0.9872,1.28,1,0.151
tech_037,technical_docs,1,o200k_base,260,259,0.9962,0.38,78,77,0.9872,1.28,1,0.139
tech_037,technical_docs,2,cl100k_base,260,240,0.9231,7.69,78,76,0.9744,2.56,1,0.235
tech_037,technical_docs,2,o200k_base,260,240,0.9231,7.69,78,76,0.9744,2.56,1,0.229
tech_037,technical_docs,3,cl100k_base,260,224,0.8615,13.85,78,70,0.8974,10.26,1,0.246
tech_037,technical_docs,3,o200k_base,260,224,0.8615,13.85,78,70,0.8974,10.26,1,0.233
tech_037,technical_docs,4,cl100k_base,260,186,0.7154,28.46,78,89,1.141,-14.1,0,0.274
tech_037,technical_docs,4,o200k_base,260,186,0.7154,28.46,78,86,1.1026,-10.26,0,0.269
tech_037,technical_docs,5,cl100k_base,260,183,0.7038,29.62,78,90,1.1538,-15.38,0,0.299
tech_037,technical_docs,5,o200k_base,260,183,0.7038,29.62,78,87,1.1154,-11.54,0,0.298
tech_038,technical_docs,1,cl100k_base,276,276,1.0,0.0,78,78,1.0,0.0,1,0.149
tech_038,technical_docs,1,o200k_base,276,276,1.0,0.0,78,78,1.0,0.0,1,0.14
tech_038,technical_docs,2,cl100k_base,276,247,0.8949,10.51,78,76,0.9744,2.56,1,0.238
tech_038,technical_docs,2,o200k_base,276,247,0.8949,10.51,78,76,0.9744,2.56,1,0.232
tech_038,technical_docs,3,cl100k_base,276,231,0.837,16.3,78,70,0.8974,10.26,1,0.272
tech_038,technical_docs,3,o200k_base,276,231,0.837,16.3,78,70,0.8974,10.26,1,0.233
tech_038,technical_docs,4,cl100k_base,276,194,0.7029,29.71,78,91,1.1667,-16.67,0,0.276
tech_038,technical_docs,4,o200k_base,276,194,0.7029,29.71,78,89,1.141,-14.1,0,0.273
tech_038,technical_docs,5,cl100k_base,276,191,0.692,30.8,78,92,1.1795,-17.95,0,0.304
tech_038,technical_docs,5,o200k_base,276,191,0.692,30.8,78,90,1.1538,-15.38,0,0.305
tech_039,technical_docs,1,cl100k_base,264,263,0.9962,0.38,78,77,0.9872,1.28,1,0.147
tech_039,technical_docs,1,o200k_base,264,263,0.9962,0.38,78,77,0.9872,1.28,1,0.14
tech_039,technical_docs,2,cl100k_base,264,235,0.8902,10.98,78,76,0.9744,2.56,1,0.237
tech_039,technical_docs,2,o200k_base,264,235,0.8902,10.98,78,76,0.9744,2.56,1,0.23
tech_039,technical_docs,3,cl100k_base,264,219,0.8295,17.05,78,70,0.8974,10.26,1,0.257
tech_039,technical_docs,3,o200k_base,264,219,0.8295,17.05,78,70,0.8974,10.26,1,0.233
tech_039,technical_docs,4,cl100k_base,264,184,0.697,30.3,78,88,1.1282,-12.82,0,0.273
tech_039,technical_docs,4,o200k_base,264,184,0.697,30.3,78,86,1.1026,-10.26,0,0.266
tech_039,technical_docs,5,cl100k_base,264,180,0.6818,31.82,78,90,1.1538,-15.38,0,0.296
tech_039,technical_docs,5,o200k_base,264,180,0.6818,31.82,78,88,1.1282,-12.82,0,0.316
tech_040,technical_docs,1,cl100k_base,287,287,1.0,0.0,81,81,1.0,0.0,1,0.156
tech_040,technical_docs,1,o200k_base,287,287,1.0,0.0,81,81,1.0,0.0,1,0.145
tech_040,technical_docs,2,cl100k_base,287,258,0.899,10.1,81,79,0.9753,2.47,1,0.246
tech_040,technical_docs,2,o200k_base,287,258,0.899,10.1,81,79,0.9753,2.47,1,0.239
tech_040,technical_docs,3,cl100k_base,287,242,0.8432,15.68,81,73,0.9012,9.88,1,0.339
tech_040,technical_docs,3,o200k_base,287,242,0.8432,15.68,81,73,0.9012,9.88,1,0.266
tech_040,technical_docs,4,cl100k_base,287,199,0.6934,30.66,81,95,1.1728,-17.28,0,0.323
tech_040,technical_docs,4,o200k_base,287,199,0.6934,30.66,81,93,1.1481,-14.81,0,0.301
tech_040,technical_docs,5,cl100k_base,287,197,0.6864,31.36,81,96,1.1852,-18.52,0,0.421
tech_040,technical_docs,5,o200k_base,287,197,0.6864,31.36,81,94,1.1605,-16.05,0,0.342
tech_041,technical_docs,1,cl100k_base,277,276,0.9964,0.36,81,80,0.9877,1.23,1,0.181
tech_041,technical_docs,1,o200k_base,277,276,0.9964,0.36,81,80,0.9877,1.23,1,0.148
tech_041,technical_docs,2,cl100k_base,277,257,0.9278,7.22,81,79,0.9753,2.47,1,0.29
tech_041,technical_docs,2,o200k_base,277,257,0.9278,7.22,81,79,0.9753,2.47,1,0.261
tech_041,technical_docs,3,cl100k_base,277,241,0.87,13.0,81,73,0.9012,9.88,1,0.721
tech_041,technical_docs,3,o200k_base,277,241,0.87,13.0,81,73,0.9012,9.88,1,0.921
tech_041,technical_docs,4,cl100k_base,277,199,0.7184,28.16,81,92,1.1358,-13.58,0,0.454
tech_041,technical_docs,4,o200k_base,277,199,0.7184,28.16,81,90,1.1111,-11.11,0,0.433
tech_041,technical_docs,5,cl100k_base,277,195,0.704,29.6,81,93,1.1481,-14.81,0,0.333
tech_041,technical_docs,5,o200k_base,277,195,0.704,29.6,81,91,1.1235,-12.35,0,0.315
tech_042,technical_docs,1,cl100k_base,301,301,1.0,0.0,83,83,1.0,0.0,1,0.166
tech_042,technical_docs,1,o200k_base,301,301,1.0,0.0,83,83,1.0,0.0,1,0.151
tech_042,technical_docs,2,cl100k_base,301,267,0.887,11.3,83,81,0.9759,2.41,1,0.261
tech_042,technical_docs,2,o200k_base,301,267,0.887,11.3,83,81,0.9759,2.41,1,0.249
tech_042,technical_docs,3,cl100k_base,301,251,0.8339,16.61,83,75,0.9036,9.64,1,0.258
tech_042,technical_docs,3,o200k_base,301,251,0.8339,16.61,83,75,0.9036,9.64,1,0.252
tech_042,technical_docs,4,cl100k_base,301,206,0.6844,31.56,83,99,1.1928,-19.28,0,0.32
tech_042,technical_docs,4,o200k_base,301,206,0.6844,31.56,83,97,1.1687,-16.87,0,0.297
tech_042,technical_docs,5,cl100k_base,301,204,0.6777,32.23,83,100,1.2048,-20.48,0,0.328
tech_042,technical_docs,5,o200k_base,301,204,0.6777,32.23,83,98,1.1807,-18.07,0,0.325
tech_043,technical_docs,1,cl100k_base,289,288,0.9965,0.35,82,81,0.9878,1.22,1,0.159
tech_043,technical_docs,1,o200k_base,289,288,0.9965,0.35,82,81,0.9878,1.22,1,0.156
tech_043,technical_docs,2,cl100k_base,289,269,0.9308,6.92,82,80,0.9756,2.44,1,0.253
tech_043,technical_docs,2,o200k_base,289,269,0.9308,6.92,82,80,0.9756,2.44,1,0.246
tech_043,technical_docs,3,cl100k_base,289,253,0.8754,12.46,82,74,0.9024,9.76,1,0.254
tech_043,technical_docs,3,o200k_base,289,253,0.8754,12.46,82,74,0.9024,9.76,1,0.307
tech_043,technical_docs,4,cl100k_base,289,207,0.7163,28.37,82,98,1.1951,-19.51,0,0.308
tech_043,technical_docs,4,o200k_base,289,207,0.7163,28.37,82,96,1.1707,-17.07,0,0.298
tech_043,technical_docs,5,cl100k_base,289,205,0.7093,29.07,82,99,1.2073,-20.73,0,0.332
tech_043,technical_docs,5,o200k_base,289,205,0.7093,29.07,82,97,1.1829,-18.29,0,0.346
tech_044,technical_docs,1,cl100k_base,279,279,1.0,0.0,79,79,1.0,0.0,1,0.153
tech_044,technical_docs,1,o200k_base,279,279,1.0,0.0,79,79,1.0,0.0,1,0.204
tech_044,technical_docs,2,cl100k_base,279,251,0.8996,10.04,79,77,0.9747,2.53,1,0.269
tech_044,technical_docs,2,o200k_base,279,251,0.8996,10.04,79,77,0.9747,2.53,1,0.241
tech_044,technical_docs,3,cl100k_base,279,235,0.8423,15.77,79,71,0.8987,10.13,1,0.249
tech_044,technical_docs,3,o200k_base,279,235,0.8423,15.77,79,71,0.8987,10.13,1,0.242
tech_044,technical_docs,4,cl100k_base,279,196,0.7025,29.75,79,93,1.1772,-17.72,0,0.33
tech_044,technical_docs,4,o200k_base,279,196,0.7025,29.75,79,90,1.1392,-13.92,0,0.287
tech_044,technical_docs,5,cl100k_base,279,193,0.6918,30.82,79,94,1.1899,-18.99,0,0.346
tech_044,technical_docs,5,o200k_base,279,193,0.6918,30.82,79,91,1.1519,-15.19,0,0.314
tech_045,technical_docs,1,cl100k_base,269,268,0.9963,0.37,78,77,0.9872,1.28,1,0.2
tech_045,technical_docs,1,o200k_base,269,268,0.9963,0.37,78,77,0.9872,1.28,1,0.148
tech_045,technical_docs,2,cl100k_base,269,239,0.8885,11.15,78,76,0.9744,2.56,1,0.29
tech_045,technical_docs,2,o200k_base,269,239,0.8885,11.15,78,76,0.9744,2.56,1,0.242
tech_045,technical_docs,3,cl100k_base,269,223,0.829,17.1,78,70,0.8974,10.26,1,0.274
tech_045,technical_docs,3,o200k_base,269,223,0.829,17.1,78,70,0.8974,10.26,1,0.247
tech_045,technical_docs,4,cl100k_base,269,190,0.7063,29.37,78,88,1.1282,-12.82,0,0.321
tech_045,technical_docs,4,o200k_base,269,190,0.7063,29.37,78,86,1.1026,-10.26,0,0.273
tech_045,technical_docs,5,cl100k_base,269,187,0.6952,30.48,78,89,1.141,-14.1,0,0.306
tech_045,technical_docs,5,o200k_base,269,187,0.6952,30.48,78,87,1.1154,-11.54,0,0.3
tech_046,technical_docs,1,cl100k_base,275,275,1.0,0.0,78,78,1.0,0.0,1,0.154
tech_046,technical_docs,1,o200k_base,275,275,1.0,0.0,78,78,1.0,0.0,1,0.141
tech_046,technical_docs,2,cl100k_base,275,247,0.8982,10.18,78,76,0.9744,2.56,1,0.241
tech_046,technical_docs,2,o200k_base,275,247,0.8982,10.18,78,76,0.9744,2.56,1,0.234
tech_046,technical_docs,3,cl100k_base,275,231,0.84,16.0,78,70,0.8974,10.26,1,0.25
tech_046,technical_docs,3,o200k_base,275,231,0.84,16.0,78,70,0.8974,10.26,1,0.253
tech_046,technical_docs,4,cl100k_base,275,192,0.6982,30.18,78,90,1.1538,-15.38,0,0.289
tech_046,technical_docs,4,o200k_base,275,192,0.6982,30.18,78,88,1.1282,-12.82,0,0.274
tech_046,technical_docs,5,cl100k_base,275,190,0.6909,30.91,78,91,1.1667,-16.67,0,0.305
tech_046,technical_docs,5,o200k_base,275,190,0.6909,30.91,78,89,1.141,-14.1,0,0.57
tech_047,technical_docs,1,cl100k_base,282,281,0.9965,0.35,81,80,0.9877,1.23,1,0.18
tech_047,technical_docs,1,o200k_base,282,281,0.9965,0.35,81,80,0.9877,1.23,1,0.316
tech_047,technical_docs,2,cl100k_base,282,262,0.9291,7.09,81,79,0.9753,2.47,1,0.299
tech_047,technical_docs,2,o200k_base,282,262,0.9291,7.09,81,79,0.9753,2.47,1,0.296
tech_047,technical_docs,3,cl100k_base,282,246,0.8723,12.77,81,73,0.9012,9.88,1,0.297
tech_047,technical_docs,3,o200k_base,282,246,0.8723,12.77,81,73,0.9012,9.88,1,0.399
tech_047,technical_docs,4,cl100k_base,282,203,0.7199,28.01,81,94,1.1605,-16.05,0,0.366
tech_047,technical_docs,4,o200k_base,282,203,0.7199,28.01,81,93,1.1481,-14.81,0,0.324
tech_047,technical_docs,5,cl100k_base,282,201,0.7128,28.72,81,95,1.1728,-17.28,0,0.416
tech_047,technical_docs,5,o200k_base,282,201,0.7128,28.72,81,94,1.1605,-16.05,0,0.379
tech_048,technical_docs,1,cl100k_base,297,297,1.0,0.0,79,79,1.0,0.0,1,0.175
tech_048,technical_docs,1,o200k_base,297,297,1.0,0.0,79,79,1.0,0.0,1,0.158
tech_048,technical_docs,2,cl100k_base,297,258,0.8687,13.13,79,77,0.9747,2.53,1,0.284
tech_048,technical_docs,2,o200k_base,297,258,0.8687,13.13,79,77,0.9747,2.53,1,0.29
tech_048,technical_docs,3,cl100k_base,297,242,0.8148,18.52,79,71,0.8987,10.13,1,0.284
tech_048,technical_docs,3,o200k_base,297,242,0.8148,18.52,79,71,0.8987,10.13,1,0.284
tech_048,technical_docs,4,cl100k_base,297,200,0.6734,32.66,79,92,1.1646,-16.46,0,0.362
tech_048,technical_docs,4,o200k_base,297,200,0.6734,32.66,79,90,1.1392,-13.92,0,0.346
tech_048,technical_docs,5,cl100k_base,297,196,0.6599,34.01,79,93,1.1772,-17.72,0,0.328
tech_048,technical_docs,5,o200k_base,297,196,0.6599,34.01,79,91,1.1519,-15.19,0,0.368
tech_049,technical_docs,1,cl100k_base,274,273,0.9964,0.36,79,78,0.9873,1.27,1,0.174
tech_049,technical_docs,1,o200k_base,274,273,0.9964,0.36,79,78,0.9873,1.27,1,0.229
tech_049,technical_docs,2,cl100k_base,274,254,0.927,7.3,79,77,0.9747,2.53,1,0.272
tech_049,technical_docs,2,o200k_base,274,254,0.927,7.3,79,77,0.9747,2.53,1,0.261
tech_049,technical_docs,3,cl100k_base,274,238,0.8686,13.14,79,71,0.8987,10.13,1,0.256
tech_049,technical_docs,3,o200k_base,274,238,0.8686,13.14,79,71,0.8987,10.13,1,0.25
tech_049,technical_docs,4,cl100k_base,274,198,0.7226,27.74,79,93,1.1772,-17.72,0,0.375
tech_049,technical_docs,4,o200k_base,274,198,0.7226,27.74,79,91,1.1519,-15.19,0,0.333
tech_049,technical_docs,5,cl100k_base,274,195,0.7117,28.83,79,94,1.1899,-18.99,0,0.361
tech_049,technical_docs,5,o200k_base,274,195,0.7117,28.83,79,92,1.1646,-16.46,0,2.408
tech_050,technical_docs,1,cl100k_base,151,151,1.0,0.0,52,52,1.0,0.0,1,0.162
tech_050,technical_docs,1,o200k_base,151,151,1.0,0.0,52,52,1.0,0.0,1,0.116
tech_050,technical_docs,2,cl100k_base,151,151,1.0,0.0,52,52,1.0,0.0,1,0.187
tech_050,technical_docs,2,o200k_base,151,151,1.0,0.0,52,52,1.0,0.0,1,0.205
tech_050,technical_docs,3,cl100k_base,151,151,1.0,0.0,52,52,1.0,0.0,1,0.186
tech_050,technical_docs,3,o200k_base,151,151,1.0,0.0,52,52,1.0,0.0,1,0.163
tech_050,technical_docs,4,cl100k_base,151,123,0.8146,18.54,52,69,1.3269,-32.69,1,0.228
tech_050,technical_docs,4,o200k_base,151,123,0.8146,18.54,52,70,1.3462,-34.62,1,0.207
tech_050,technical_docs,5,cl100k_base,151,123,0.8146,18.54,52,69,1.3269,-32.69,1,0.222
tech_050,technical_docs,5,o200k_base,151,123,0.8146,18.54,52,70,1.3462,-34.62,1,0.212
tech_051,technical_docs,1,cl100k_base,156,156,1.0,0.0,54,54,1.0,0.0,1,0.123
tech_051,technical_docs,1,o200k_base,156,156,1.0,0.0,54,54,1.0,0.0,1,0.099
tech_051,technical_docs,2,cl100k_base,156,156,1.0,0.0,54,54,1.0,0.0,1,0.192
tech_051,technical_docs,2,o200k_base,156,156,1.0,0.0,54,54,1.0,0.0,1,0.165
tech_051,technical_docs,3,cl100k_base,156,156,1.0,0.0,54,54,1.0,0.0,1,0.175
tech_051,technical_docs,3,o200k_base,156,156,1.0,0.0,54,54,1.0,0.0,1,0.171
tech_051,technical_docs,4,cl100k_base,156,124,0.7949,20.51,54,69,1.2778,-27.78,1,0.207
tech_051,technical_docs,4,o200k_base,156,124,0.7949,20.51,54,70,1.2963,-29.63,1,0.199
tech_051,technical_docs,5,cl100k_base,156,124,0.7949,20.51,54,69,1.2778,-27.78,1,0.217
tech_051,technical_docs,5,o200k_base,156,124,0.7949,20.51,54,70,1.2963,-29.63,1,0.387
tech_052,technical_docs,1,cl100k_base,143,143,1.0,0.0,52,52,1.0,0.0,1,0.123
tech_052,technical_docs,1,o200k_base,143,143,1.0,0.0,53,53,1.0,0.0,1,0.096
tech_052,technical_docs,2,cl100k_base,143,143,1.0,0.0,52,52,1.0,0.0,1,0.162
tech_052,technical_docs,2,o200k_base,143,143,1.0,0.0,53,53,1.0,0.0,1,0.15
tech_052,technical_docs,3,cl100k_base,143,143,1.0,0.0,52,52,1.0,0.0,1,0.157
tech_052,technical_docs,3,o200k_base,143,143,1.0,0.0,53,53,1.0,0.0,1,0.152
tech_052,technical_docs,4,cl100k_base,143,115,0.8042,19.58,52,68,1.3077,-30.77,1,0.217
tech_052,technical_docs,4,o200k_base,143,115,0.8042,19.58,53,69,1.3019,-30.19,1,0.29
tech_052,technical_docs,5,cl100k_base,143,115,0.8042,19.58,52,68,1.3077,-30.77,1,0.222
tech_052,technical_docs,5,o200k_base,143,115,0.8042,19.58,53,69,1.3019,-30.19,1,0.203
tech_053,technical_docs,1,cl100k_base,153,153,1.0,0.0,53,53,1.0,0.0,1,0.109
tech_053,technical_docs,1,o200k_base,153,153,1.0,0.0,53,53,1.0,0.0,1,0.097
tech_053,technical_docs,2,cl100k_base,153,153,1.0,0.0,53,53,1.0,0.0,1,0.161
tech_053,technical_docs,2,o200k_base,153,153,1.0,0.0,53,53,1.0,0.0,1,0.166
tech_053,technical_docs,3,cl100k_base,153,153,1.0,0.0,53,53,1.0,0.0,1,0.162
tech_053,technical_docs,3,o200k_base,153,153,1.0,0.0,53,53,1.0,0.0,1,0.157
tech_053,technical_docs,4,cl100k_base,153,124,0.8105,18.95,53,66,1.2453,-24.53,1,0.193
tech_053,technical_docs,4,o200k_base,153,124,0.8105,18.95,53,67,1.2642,-26.42,1,0.187
tech_053,technical_docs,5,cl100k_base,153,124,0.8105,18.95,53,66,1.2453,-24.53,1,0.212
tech_053,technical_docs,5,o200k_base,153,124,0.8105,18.95,53,67,1.2642,-26.42,1,0.207
tech_054,technical_docs,1,cl100k_base,155,155,1.0,0.0,54,54,1.0,0.0,1,0.11
tech_054,technical_docs,1,o200k_base,155,155,1.0,0.0,54,54,1.0,0.0,1,0.099
tech_054,technical_docs,2,cl100k_base,155,155,1.0,0.0,54,54,1.0,0.0,1,0.162
tech_054,technical_docs,2,o200k_base,155,155,1.0,0.0,54,54,1.0,0.0,1,0.155
tech_054,technical_docs,3,cl100k_base,155,155,1.0,0.0,54,54,1.0,0.0,1,0.162
tech_054,technical_docs,3,o200k_base,155,155,1.0,0.0,54,54,1.0,0.0,1,0.159
tech_054,technical_docs,4,cl100k_base,155,125,0.8065,19.35,54,68,1.2593,-25.93,1,0.287
tech_054,technical_docs,4,o200k_base,155,125,0.8065,19.35,54,69,1.2778,-27.78,1,0.204
tech_054,technical_docs,5,cl100k_base,155,125,0.8065,19.35,54,68,1.2593,-25.93,1,0.217
tech_054,technical_docs,5,o200k_base,155,125,0.8065,19.35,54,69,1.2778,-27.78,1,0.21
tech_055,technical_docs,1,cl100k_base,138,138,1.0,0.0,54,54,1.0,0.0,1,0.104
tech_055,technical_docs,1,o200k_base,138,138,1.0,0.0,54,54,1.0,0.0,1,0.094
tech_055,technical_docs,2,cl100k_base,138,138,1.0,0.0,54,54,1.0,0.0,1,0.175
tech_055,technical_docs,2,o200k_base,138,138,1.0,0.0,54,54,1.0,0.0,1,0.152
tech_055,technical_docs,3,cl100k_base,138,138,1.0,0.0,54,54,1.0,0.0,1,0.155
tech_055,technical_docs,3,o200k_base,138,138,1.0,0.0,54,54,1.0,0.0,1,0.151
tech_055,technical_docs,4,cl100k_base,138,111,0.8043,19.57,54,63,1.1667,-16.67,1,0.181
tech_055,technical_docs,4,o200k_base,138,111,0.8043,19.57,54,65,1.2037,-20.37,1,0.177
tech_055,technical_docs,5,cl100k_base,138,111,0.8043,19.57,54,63,1.1667,-16.67,1,0.199
tech_055,technical_docs,5,o200k_base,138,111,0.8043,19.57,54,65,1.2037,-20.37,1,0.194
tech_056,technical_docs,1,cl100k_base,155,155,1.0,0.0,54,54,1.0,0.0,1,0.108
tech_056,technical_docs,1,o200k_base,155,155,1.0,0.0,54,54,1.0,0.0,1,0.098
tech_056,technical_docs,2,cl100k_base,155,155,1.0,0.0,54,54,1.0,0.0,1,0.16
tech_056,technical_docs,2,o200k_base,155,155,1.0,0.0,54,54,1.0,0.0,1,0.154
tech_056,technical_docs,3,cl100k_base,155,155,1.0,0.0,54,54,1.0,0.0,1,0.16
tech_056,technical_docs,3,o200k_base,155,155,1.0,0.0,54,54,1.0,0.0,1,0.158
tech_056,technical_docs,4,cl100k_base,155,125,0.8065,19.35,54,70,1.2963,-29.63,1,0.194
tech_056,technical_docs,4,o200k_base,155,125,0.8065,19.35,54,70,1.2963,-29.63,1,0.206
tech_056,technical_docs,5,cl100k_base,155,125,0.8065,19.35,54,70,1.2963,-29.63,1,0.217
tech_056,technical_docs,5,o200k_base,155,125,0.8065,19.35,54,70,1.2963,-29.63,1,0.208
tech_057,technical_docs,1,cl100k_base,162,162,1.0,0.0,53,53,1.0,0.0,1,0.105
tech_057,technical_docs,1,o200k_base,162,162,1.0,0.0,53,53,1.0,0.0,1,0.097
tech_057,technical_docs,2,cl100k_base,162,162,1.0,0.0,53,53,1.0,0.0,1,0.161
tech_057,technical_docs,2,o200k_base,162,162,1.0,0.0,53,53,1.0,0.0,1,0.156
tech_057,technical_docs,3,cl100k_base,162,162,1.0,0.0,53,53,1.0,0.0,1,0.162
tech_057,technical_docs,3,o200k_base,162,162,1.0,0.0,53,53,1.0,0.0,1,0.167
tech_057,technical_docs,4,cl100k_base,162,128,0.7901,20.99,53,70,1.3208,-32.08,1,0.196
tech_057,technical_docs,4,o200k_base,162,128,0.7901,20.99,53,71,1.3396,-33.96,1,0.191
tech_057,technical_docs,5,cl100k_base,162,128,0.7901,20.99,53,70,1.3208,-32.08,1,0.216
tech_057,technical_docs,5,o200k_base,162,128,0.7901,20.99,53,71,1.3396,-33.96,1,0.21
tech_058,technical_docs,1,cl100k_base,150,150,1.0,0.0,52,52,1.0,0.0,1,0.104
tech_058,technical_docs,1,o200k_base,150,150,1.0,0.0,53,53,1.0,0.0,1,0.095
tech_058,technical_docs,2,cl100k_base,150,150,1.0,0.0,52,52,1.0,0.0,1,0.184
tech_058,technical_docs,2,o200k_base,150,150,1.0,0.0,53,53,1.0,0.0,1,0.155
tech_058,technical_docs,3,cl100k_base,150,150,1.0,0.0,52,52,1.0,0.0,1,0.159
tech_058,technical_docs,3,o200k_base,150,150,1.0,0.0,53,53,1.0,0.0,1,0.155
tech_058,technical_docs,4,cl100k_base,150,120,0.8,20.0,52,70,1.3462,-34.62,1,0.196
tech_058,technical_docs,4,o200k_base,150,120,0.8,20.0,53,71,1.3396,-33.96,1,0.186
tech_058,technical_docs,5,cl100k_base,150,120,0.8,20.0,52,70,1.3462,-34.62,1,0.216
tech_058,technical_docs,5,o200k_base,150,120,0.8,20.0,53,71,1.3396,-33.96,1,0.203
tech_059,technical_docs,1,cl100k_base,148,148,1.0,0.0,55,55,1.0,0.0,1,0.109
tech_059,technical_docs,1,o200k_base,148,148,1.0,0.0,55,55,1.0,0.0,1,0.098
tech_059,technical_docs,2,cl100k_base,148,148,1.0,0.0,55,55,1.0,0.0,1,0.159
tech_059,technical_docs,2,o200k_base,148,148,1.0,0.0,55,55,1.0,0.0,1,0.153
tech_059,technical_docs,3,cl100k_base,148,148,1.0,0.0,55,55,1.0,0.0,1,0.158
tech_059,technical_docs,3,o200k_base,148,148,1.0,0.0,55,55,1.0,0.0,1,0.175
tech_059,technical_docs,4,cl100k_base,148,119,0.8041,19.59,55,66,1.2,-20.0,1,0.192
tech_059,technical_docs,4,o200k_base,148,119,0.8041,19.59,55,67,1.2182,-21.82,1,0.183
tech_059,technical_docs,5,cl100k_base,148,119,0.8041,19.59,55,66,1.2,-20.0,1,0.208
tech_059,technical_docs,5,o200k_base,148,119,0.8041,19.59,55,67,1.2182,-21.82,1,0.202
tech_060,technical_docs,1,cl100k_base,154,154,1.0,0.0,53,53,1.0,0.0,1,0.109
tech_060,technical_docs,1,o200k_base,154,154,1.0,0.0,53,53,1.0,0.0,1,0.098
tech_060,technical_docs,2,cl100k_base,154,154,1.0,0.0,53,53,1.0,0.0,1,0.16
tech_060,technical_docs,2,o200k_base,154,154,1.0,0.0,53,53,1.0,0.0,1,0.159
tech_060,technical_docs,3,cl100k_base,154,154,1.0,0.0,53,53,1.0,0.0,1,0.164
tech_060,technical_docs,3,o200k_base,154,154,1.0,0.0,53,53,1.0,0.0,1,0.158
tech_060,technical_docs,4,cl100k_base,154,124,0.8052,19.48,53,68,1.283,-28.3,1,0.194
tech_060,technical_docs,4,o200k_base,154,124,0.8052,19.48,53,69,1.3019,-30.19,1,0.187
tech_060,technical_docs,5,cl100k_base,154,124,0.8052,19.48,53,68,1.283,-28.3,1,0.227
tech_060,technical_docs,5,o200k_base,154,124,0.8052,19.48,53,69,1.3019,-30.19,1,0.286
tech_061,technical_docs,1,cl100k_base,159,159,1.0,0.0,55,55,1.0,0.0,1,0.116
tech_061,technical_docs,1,o200k_base,159,159,1.0,0.0,55,55,1.0,0.0,1,0.104
tech_061,technical_docs,2,cl100k_base,159,159,1.0,0.0,55,55,1.0,0.0,1,0.199
tech_061,technical_docs,2,o200k_base,159,159,1.0,0.0,55,55,1.0,0.0,1,0.161
tech_061,technical_docs,3,cl100k_base,159,159,1.0,0.0,55,55,1.0,0.0,1,0.167
tech_061,technical_docs,3,o200k_base,159,159,1.0,0.0,55,55,1.0,0.0,1,0.162
tech_061,technical_docs,4,cl100k_base,159,125,0.7862,21.38,55,70,1.2727,-27.27,1,0.251
tech_061,technical_docs,4,o200k_base,159,125,0.7862,21.38,55,71,1.2909,-29.09,1,0.202
tech_061,technical_docs,5,cl100k_base,159,125,0.7862,21.38,55,70,1.2727,-27.27,1,0.219
tech_061,technical_docs,5,o200k_base,159,125,0.7862,21.38,55,71,1.2909,-29.09,1,0.211
tech_062,technical_docs,1,cl100k_base,167,167,1.0,0.0,60,60,1.0,0.0,1,0.133
tech_062,technical_docs,1,o200k_base,167,167,1.0,0.0,60,60,1.0,0.0,1,0.104
tech_062,technical_docs,2,cl100k_base,167,167,1.0,0.0,60,60,1.0,0.0,1,0.171
tech_062,technical_docs,2,o200k_base,167,167,1.0,0.0,60,60,1.0,0.0,1,0.196
tech_062,technical_docs,3,cl100k_base,167,167,1.0,0.0,60,60,1.0,0.0,1,0.174
tech_062,technical_docs,3,o200k_base,167,167,1.0,0.0,60,60,1.0,0.0,1,0.24
tech_062,technical_docs,4,cl100k_base,167,133,0.7964,20.36,60,73,1.2167,-21.67,1,0.262
tech_062,technical_docs,4,o200k_base,167,133,0.7964,20.36,60,74,1.2333,-23.33,1,0.21
tech_062,technical_docs,5,cl100k_base,167,133,0.7964,20.36,60,73,1.2167,-21.67,1,0.233
tech_062,technical_docs,5,o200k_base,167,133,0.7964,20.36,60,74,1.2333,-23.33,1,0.224
tech_063,technical_docs,1,cl100k_base,158,158,1.0,0.0,54,54,1.0,0.0,1,0.108
tech_063,technical_docs,1,o200k_base,158,158,1.0,0.0,54,54,1.0,0.0,1,0.098
tech_063,technical_docs,2,cl100k_base,158,158,1.0,0.0,54,54,1.0,0.0,1,0.161
tech_063,technical_docs,2,o200k_base,158,158,1.0,0.0,54,54,1.0,0.0,1,0.194
tech_063,technical_docs,3,cl100k_base,158,158,1.0,0.0,54,54,1.0,0.0,1,0.163
tech_063,technical_docs,3,o200k_base,158,158,1.0,0.0,54,54,1.0,0.0,1,0.158
tech_063,technical_docs,4,cl100k_base,158,126,0.7975,20.25,54,70,1.2963,-29.63,1,0.207
tech_063,technical_docs,4,o200k_base,158,126,0.7975,20.25,54,71,1.3148,-31.48,1,0.196
tech_063,technical_docs,5,cl100k_base,158,126,0.7975,20.25,54,70,1.2963,-29.63,1,0.221
tech_063,technical_docs,5,o200k_base,158,126,0.7975,20.25,54,71,1.3148,-31.48,1,0.288
tech_064,technical_docs,1,cl100k_base,147,147,1.0,0.0,52,52,1.0,0.0,1,0.116
tech_064,technical_docs,1,o200k_base,147,147,1.0,0.0,52,52,1.0,0.0,1,0.096
tech_064,technical_docs,2,cl100k_base,147,147,1.0,0.0,52,52,1.0,0.0,1,0.203
tech_064,technical_docs,2,o200k_base,147,147,1.0,0.0,52,52,1.0,0.0,1,0.155
tech_064,technical_docs,3,cl100k_base,147,147,1.0,0.0,52,52,1.0,0.0,1,0.162
tech_064,technical_docs,3,o200k_base,147,147,1.0,0.0,52,52,1.0,0.0,1,0.195
tech_064,technical_docs,4,cl100k_base,147,119,0.8095,19.05,52,66,1.2692,-26.92,1,0.206
tech_064,technical_docs,4,o200k_base,147,119,0.8095,19.05,52,67,1.2885,-28.85,1,0.191
tech_064,technical_docs,5,cl100k_base,147,119,0.8095,19.05,52,66,1.2692,-26.92,1,0.204
tech_064,technical_docs,5,o200k_base,147,119,0.8095,19.05,52,67,1.2885,-28.85,1,0.199
tech_065,technical_docs,1,cl100k_base,159,159,1.0,0.0,53,53,1.0,0.0,1,0.112
tech_065,technical_docs,1,o200k_base,159,159,1.0,0.0,53,53,1.0,0.0,1,0.098
tech_065,technical_docs,2,cl100k_base,159,159,1.0,0.0,53,53,1.0,0.0,1,0.16
tech_065,technical_docs,2,o200k_base,159,159,1.0,0.0,53,53,1.0,0.0,1,0.156
tech_065,technical_docs,3,cl100k_base,159,159,1.0,0.0,53,53,1.0,0.0,1,0.195
tech_065,technical_docs,3,o200k_base,159,159,1.0,0.0,53,53,1.0,0.0,1,0.359
tech_065,technical_docs,4,cl100k_base,159,125,0.7862,21.38,53,70,1.3208,-32.08,1,0.225
tech_065,technical_docs,4,o200k_base,159,125,0.7862,21.38,53,71,1.3396,-33.96,1,0.196
tech_065,technical_docs,5,cl100k_base,159,125,0.7862,21.38,53,70,1.3208,-32.08,1,0.219
tech_065,technical_docs,5,o200k_base,159,125,0.7862,21.38,53,71,1.3396,-33.96,1,0.21
tech_066,technical_docs,1,cl100k_base,170,170,1.0,0.0,55,55,1.0,0.0,1,0.109
tech_066,technical_docs,1,o200k_base,170,170,1.0,0.0,55,55,1.0,0.0,1,0.108
tech_066,technical_docs,2,cl100k_base,170,170,1.0,0.0,55,55,1.0,0.0,1,0.26
tech_066,technical_docs,2,o200k_base,170,170,1.0,0.0,55,55,1.0,0.0,1,0.177
tech_066,technical_docs,3,cl100k_base,170,170,1.0,0.0,55,55,1.0,0.0,1,0.174
tech_066,technical_docs,3,o200k_base,170,170,1.0,0.0,55,55,1.0,0.0,1,0.167
tech_066,technical_docs,4,cl100k_base,170,134,0.7882,21.18,55,73,1.3273,-32.73,1,0.215
tech_066,technical_docs,4,o200k_base,170,134,0.7882,21.18,55,74,1.3455,-34.55,1,0.2
tech_066,technical_docs,5,cl100k_base,170,134,0.7882,21.18,55,73,1.3273,-32.73,1,0.232
tech_066,technical_docs,5,o200k_base,170,134,0.7882,21.18,55,74,1.3455,-34.55,1,0.219
tech_067,technical_docs,1,cl100k_base,158,158,1.0,0.0,56,56,1.0,0.0,1,0.111
tech_067,technical_docs,1,o200k_base,158,158,1.0,0.0,56,56,1.0,0.0,1,0.099
tech_067,technical_docs,2,cl100k_base,158,158,1.0,0.0,56,56,1.0,0.0,1,0.163
tech_067,technical_docs,2,o200k_base,158,158,1.0,0.0,56,56,1.0,0.0,1,0.159
tech_067,technical_docs,3,cl100k_base,158,158,1.0,0.0,56,56,1.0,0.0,1,0.164
tech_067,technical_docs,3,o200k_base,158,158,1.0,0.0,56,56,1.0,0.0,1,0.17
tech_067,technical_docs,4,cl100k_base,158,130,0.8228,17.72,56,69,1.2321,-23.21,1,0.21
tech_067,technical_docs,4,o200k_base,158,130,0.8228,17.72,56,69,1.2321,-23.21,1,0.194
tech_067,technical_docs,5,cl100k_base,158,130,0.8228,17.72,56,69,1.2321,-23.21,1,0.218
tech_067,technical_docs,5,o200k_base,158,130,0.8228,17.72,56,69,1.2321,-23.21,1,0.212
tech_068,technical_docs,1,cl100k_base,164,164,1.0,0.0,53,53,1.0,0.0,1,0.107
tech_068,technical_docs,1,o200k_base,164,164,1.0,0.0,54,54,1.0,0.0,1,0.115
tech_068,technical_docs,2,cl100k_base,164,164,1.0,0.0,53,53,1.0,0.0,1,0.168
tech_068,technical_docs,2,o200k_base,164,164,1.0,0.0,54,54,1.0,0.0,1,0.157
tech_068,technical_docs,3,cl100k_base,164,164,1.0,0.0,53,53,1.0,0.0,1,0.164
tech_068,technical_docs,3,o200k_base,164,164,1.0,0.0,54,54,1.0,0.0,1,0.16
tech_068,technical_docs,4,cl100k_base,164,132,0.8049,19.51,53,72,1.3585,-35.85,1,0.199
tech_068,technical_docs,4,o200k_base,164,132,0.8049,19.51,54,73,1.3519,-35.19,1,0.194
tech_068,technical_docs,5,cl100k_base,164,132,0.8049,19.51,53,72,1.3585,-35.85,1,0.236
tech_068,technical_docs,5,o200k_base,164,132,0.8049,19.51,54,73,1.3519,-35.19,1,0.215
tech_069,technical_docs,1,cl100k_base,140,140,1.0,0.0,54,54,1.0,0.0,1,0.104
tech_069,technical_docs,1,o200k_base,140,140,1.0,0.0,54,54,1.0,0.0,1,0.094
tech_069,technical_docs,2,cl100k_base,140,140,1.0,0.0,54,54,1.0,0.0,1,0.153
tech_069,technical_docs,2,o200k_base,140,140,1.0,0.0,54,54,1.0,0.0,1,0.148
tech_069,technical_docs,3,cl100k_base,140,140,1.0,0.0,54,54,1.0,0.0,1,0.154
tech_069,technical_docs,3,o200k_base,140,140,1.0,0.0,54,54,1.0,0.0,1,0.15
tech_069,technical_docs,4,cl100k_base,140,112,0.8,20.0,54,65,1.2037,-20.37,1,0.203
tech_069,technical_docs,4,o200k_base,140,112,0.8,20.0,54,66,1.2222,-22.22,1,0.178
tech_069,technical_docs,5,cl100k_base,140,112,0.8,20.0,54,65,1.2037,-20.37,1,0.198
tech_069,technical_docs,5,o200k_base,140,112,0.8,20.0,54,66,1.2222,-22.22,1,0.193
tech_070,technical_docs,1,cl100k_base,146,146,1.0,0.0,51,51,1.0,0.0,1,0.1
tech_070,technical_docs,1,o200k_base,146,146,1.0,0.0,51,51,1.0,0.0,1,0.092
tech_070,technical_docs,2,cl100k_base,146,146,1.0,0.0,51,51,1.0,0.0,1,0.152
tech_070,technical_docs,2,o200k_base,146,146,1.0,0.0,51,51,1.0,0.0,1,0.147
tech_070,technical_docs,3,cl100k_base,146,146,1.0,0.0,51,51,1.0,0.0,1,0.175
tech_070,technical_docs,3,o200k_base,146,146,1.0,0.0,51,51,1.0,0.0,1,0.152
tech_070,technical_docs,4,cl100k_base,146,120,0.8219,17.81,51,67,1.3137,-31.37,1,0.185
tech_070,technical_docs,4,o200k_base,146,120,0.8219,17.81,51,68,1.3333,-33.33,1,0.181
tech_070,technical_docs,5,cl100k_base,146,120,0.8219,17.81,51,67,1.3137,-31.37,1,0.235
tech_070,technical_docs,5,o200k_base,146,120,0.8219,17.81,51,68,1.3333,-33.33,1,0.208
tech_071,technical_docs,1,cl100k_base,150,150,1.0,0.0,54,54,1.0,0.0,1,0.11
tech_071,technical_docs,1,o200k_base,150,150,1.0,0.0,54,54,1.0,0.0,1,0.098
tech_071,technical_docs,2,cl100k_base,150,150,1.0,0.0,54,54,1.0,0.0,1,0.16
tech_071,technical_docs,2,o200k_base,150,150,1.0,0.0,54,54,1.0,0.0,1,0.155
tech_071,technical_docs,3,cl100k_base,150,150,1.0,0.0,54,54,1.0,0.0,1,0.171
tech_071,technical_docs,3,o200k_base,150,150,1.0,0.0,54,54,1.0,0.0,1,0.157
tech_071,technical_docs,4,cl100k_base,150,119,0.7933,20.67,54,67,1.2407,-24.07,1,0.193
tech_071,technical_docs,4,o200k_base,150,119,0.7933,20.67,54,68,1.2593,-25.93,1,0.188
tech_071,technical_docs,5,cl100k_base,150,119,0.7933,20.67,54,67,1.2407,-24.07,1,0.209
tech_071,technical_docs,5,o200k_base,150,119,0.7933,20.67,54,68,1.2593,-25.93,1,0.205
tech_072,technical_docs,1,cl100k_base,142,142,1.0,0.0,51,51,1.0,0.0,1,0.1
tech_072,technical_docs,1,o200k_base,142,142,1.0,0.0,51,51,1.0,0.0,1,0.102
tech_072,technical_docs,2,cl100k_base,142,142,1.0,0.0,51,51,1.0,0.0,1,0.152
tech_072,technical_docs,2,o200k_base,142,142,1.0,0.0,51,51,1.0,0.0,1,0.146
tech_072,technical_docs,3,cl100k_base,142,142,1.0,0.0,51,51,1.0,0.0,1,0.151
tech_072,technical_docs,3,o200k_base,142,142,1.0,0.0,51,51,1.0,0.0,1,0.149
tech_072,technical_docs,4,cl100k_base,142,115,0.8099,19.01,51,66,1.2941,-29.41,1,0.183
tech_072,technical_docs,4,o200k_base,142,115,0.8099,19.01,51,67,1.3137,-31.37,1,0.177
tech_072,technical_docs,5,cl100k_base,142,115,0.8099,19.01,51,66,1.2941,-29.41,1,0.198
tech_072,technical_docs,5,o200k_base,142,115,0.8099,19.01,51,67,1.3137,-31.37,1,0.199
tech_073,technical_docs,1,cl100k_base,139,139,1.0,0.0,53,53,1.0,0.0,1,0.101
tech_073,technical_docs,1,o200k_base,139,139,1.0,0.0,53,53,1.0,0.0,1,0.093
tech_073,technical_docs,2,cl100k_base,139,139,1.0,0.0,53,53,1.0,0.0,1,0.151
tech_073,technical_docs,2,o200k_base,139,139,1.0,0.0,53,53,1.0,0.0,1,0.147
tech_073,technical_docs,3,cl100k_base,139,139,1.0,0.0,53,53,1.0,0.0,1,0.152
tech_073,technical_docs,3,o200k_base,139,139,1.0,0.0,53,53,1.0,0.0,1,0.149
tech_073,technical_docs,4,cl100k_base,139,115,0.8273,17.27,53,65,1.2264,-22.64,1,0.18
tech_073,technical_docs,4,o200k_base,139,115,0.8273,17.27,53,66,1.2453,-24.53,1,0.18
tech_073,technical_docs,5,cl100k_base,139,115,0.8273,17.27,53,65,1.2264,-22.64,1,0.199
tech_073,technical_docs,5,o200k_base,139,115,0.8273,17.27,53,66,1.2453,-24.53,1,0.194
tech_074,technical_docs,1,cl100k_base,146,146,1.0,0.0,51,51,1.0,0.0,1,0.099
tech_074,technical_docs,1,o200k_base,146,146,1.0,0.0,51,51,1.0,0.0,1,0.093
tech_074,technical_docs,2,cl100k_base,146,146,1.0,0.0,51,51,1.0,0.0,1,0.151
tech_074,technical_docs,2,o200k_base,146,146,1.0,0.0,51,51,1.0,0.0,1,0.147
tech_074,technical_docs,3,cl100k_base,146,146,1.0,0.0,51,51,1.0,0.0,1,0.169
tech_074,technical_docs,3,o200k_base,146,146,1.0,0.0,51,51,1.0,0.0,1,0.154
tech_074,technical_docs,4,cl100k_base,146,119,0.8151,18.49,51,68,1.3333,-33.33,1,0.185
tech_074,technical_docs,4,o200k_base,146,119,0.8151,18.49,51,70,1.3725,-37.25,1,0.18
tech_074,technical_docs,5,cl100k_base,146,119,0.8151,18.49,51,68,1.3333,-33.33,1,0.202
tech_074,technical_docs,5,o200k_base,146,119,0.8151,18.49,51,70,1.3725,-37.25,1,0.198
tech_075,technical_docs,1,cl100k_base,147,147,1.0,0.0,51,51,1.0,0.0,1,0.101
tech_075,technical_docs,1,o200k_base,147,147,1.0,0.0,52,52,1.0,0.0,1,0.093
tech_075,technical_docs,2,cl100k_base,147,147,1.0,0.0,51,51,1.0,0.0,1,0.176
tech_075,technical_docs,2,o200k_base,147,147,1.0,0.0,52,52,1.0,0.0,1,0.148
tech_075,technical_docs,3,cl100k_base,147,147,1.0,0.0,51,51,1.0,0.0,1,0.153
tech_075,technical_docs,3,o200k_base,147,147,1.0,0.0,52,52,1.0,0.0,1,0.152
tech_075,technical_docs,4,cl100k_base,147,118,0.8027,19.73,51,68,1.3333,-33.33,1,0.187
tech_075,technical_docs,4,o200k_base,147,118,0.8027,19.73,52,69,1.3269,-32.69,1,0.182
tech_075,technical_docs,5,cl100k_base,147,118,0.8027,19.73,51,68,1.3333,-33.33,1,0.205
tech_075,technical_docs,5,o200k_base,147,118,0.8027,19.73,52,69,1.3269,-32.69,1,0.223
tech_076,technical_docs,1,cl100k_base,154,154,1.0,0.0,57,57,1.0,0.0,1,0.11
tech_076,technical_docs,1,o200k_base,154,154,1.0,0.0,57,57,1.0,0.0,1,0.099
tech_076,technical_docs,2,cl100k_base,154,154,1.0,0.0,57,57,1.0,0.0,1,0.162
tech_076,technical_docs,2,o200k_base,154,154,1.0,0.0,57,57,1.0,0.0,1,0.156
tech_076,technical_docs,3,cl100k_base,154,154,1.0,0.0,57,57,1.0,0.0,1,0.162
tech_076,technical_docs,3,o200k_base,154,154,1.0,0.0,57,57,1.0,0.0,1,0.16
tech_076,technical_docs,4,cl100k_base,154,126,0.8182,18.18,57,70,1.2281,-22.81,1,0.195
tech_076,technical_docs,4,o200k_base,154,126,0.8182,18.18,57,71,1.2456,-24.56,1,0.397
tech_076,technical_docs,5,cl100k_base,154,126,0.8182,18.18,57,70,1.2281,-22.81,1,0.257
tech_076,technical_docs,5,o200k_base,154,126,0.8182,18.18,57,71,1.2456,-24.56,1,0.231
tech_077,technical_docs,1,cl100k_base,162,162,1.0,0.0,56,56,1.0,0.0,1,0.12
tech_077,technical_docs,1,o200k_base,162,162,1.0,0.0,56,56,1.0,0.0,1,0.108
tech_077,technical_docs,2,cl100k_base,162,162,1.0,0.0,56,56,1.0,0.0,1,0.22
tech_077,technical_docs,2,o200k_base,162,162,1.0,0.0,56,56,1.0,0.0,1,0.216
tech_077,technical_docs,3,cl100k_base,162,162,1.0,0.0,56,56,1.0,0.0,1,0.175
tech_077,technical_docs,3,o200k_base,162,162,1.0,0.0,56,56,1.0,0.0,1,0.166
tech_077,technical_docs,4,cl100k_base,162,127,0.784,21.6,56,72,1.2857,-28.57,1,0.215
tech_077,technical_docs,4,o200k_base,162,127,0.784,21.6,56,72,1.2857,-28.57,1,0.252
tech_077,technical_docs,5,cl100k_base,162,127,0.784,21.6,56,72,1.2857,-28.57,1,0.237
tech_077,technical_docs,5,o200k_base,162,127,0.784,21.6,56,72,1.2857,-28.57,1,0.324
tech_078,technical_docs,1,cl100k_base,144,144,1.0,0.0,52,52,1.0,0.0,1,0.114
tech_078,technical_docs,1,o200k_base,144,144,1.0,0.0,52,52,1.0,0.0,1,0.095
tech_078,technical_docs,2,cl100k_base,144,144,1.0,0.0,52,52,1.0,0.0,1,0.167
tech_078,technical_docs,2,o200k_base,144,144,1.0,0.0,52,52,1.0,0.0,1,0.151
tech_078,technical_docs,3,cl100k_base,144,144,1.0,0.0,52,52,1.0,0.0,1,0.156
tech_078,technical_docs,3,o200k_base,144,144,1.0,0.0,52,52,1.0,0.0,1,0.435
tech_078,technical_docs,4,cl100k_base,144,117,0.8125,18.75,52,64,1.2308,-23.08,1,0.224
tech_078,technical_docs,4,o200k_base,144,117,0.8125,18.75,52,66,1.2692,-26.92,1,0.196
tech_078,technical_docs,5,cl100k_base,144,117,0.8125,18.75,52,64,1.2308,-23.08,1,0.211
tech_078,technical_docs,5,o200k_base,144,117,0.8125,18.75,52,66,1.2692,-26.92,1,0.201
tech_079,technical_docs,1,cl100k_base,146,146,1.0,0.0,51,51,1.0,0.0,1,0.117
tech_079,technical_docs,1,o200k_base,146,146,1.0,0.0,52,52,1.0,0.0,1,0.093
tech_079,technical_docs,2,cl100k_base,146,146,1.0,0.0,51,51,1.0,0.0,1,0.17
tech_079,technical_docs,2,o200k_base,146,146,1.0,0.0,52,52,1.0,0.0,1,0.151
tech_079,technical_docs,3,cl100k_base,146,146,1.0,0.0,51,51,1.0,0.0,1,0.406
tech_079,technical_docs,3,o200k_base,146,146,1.0,0.0,52,52,1.0,0.0,1,0.177
tech_079,technical_docs,4,cl100k_base,146,118,0.8082,19.18,51,67,1.3137,-31.37,1,0.22
tech_079,technical_docs,4,o200k_base,146,118,0.8082,19.18,52,68,1.3077,-30.77,1,0.194
tech_079,technical_docs,5,cl100k_base,146,118,0.8082,19.18,51,67,1.3137,-31.37,1,0.292
tech_079,technical_docs,5,o200k_base,146,118,0.8082,19.18,52,68,1.3077,-30.77,1,0.302
tech_080,technical_docs,1,cl100k_base,161,161,1.0,0.0,58,58,1.0,0.0,1,0.154
tech_080,technical_docs,1,o200k_base,161,161,1.0,0.0,58,58,1.0,0.0,1,0.105
tech_080,technical_docs,2,cl100k_base,161,161,1.0,0.0,58,58,1.0,0.0,1,0.183
tech_080,technical_docs,2,o200k_base,161,161,1.0,0.0,58,58,1.0,0.0,1,0.197
tech_080,technical_docs,3,cl100k_base,161,161,1.0,0.0,58,58,1.0,0.0,1,0.173
tech_080,technical_docs,3,o200k_base,161,161,1.0,0.0,58,58,1.0,0.0,1,0.167
tech_080,technical_docs,4,cl100k_base,161,130,0.8075,19.25,58,73,1.2586,-25.86,1,0.252
tech_080,technical_docs,4,o200k_base,161,130,0.8075,19.25,58,74,1.2759,-27.59,1,0.202
tech_080,technical_docs,5,cl100k_base,161,130,0.8075,19.25,58,73,1.2586,-25.86,1,0.223
tech_080,technical_docs,5,o200k_base,161,130,0.8075,19.25,58,74,1.2759,-27.59,1,0.24
tech_081,technical_docs,1,cl100k_base,141,141,1.0,0.0,51,51,1.0,0.0,1,0.103
tech_081,technical_docs,1,o200k_base,141,141,1.0,0.0,51,51,1.0,0.0,1,0.092
tech_081,technical_docs,2,cl100k_base,141,141,1.0,0.0,51,51,1.0,0.0,1,0.153
tech_081,technical_docs,2,o200k_base,141,141,1.0,0.0,51,51,1.0,0.0,1,0.146
tech_081,technical_docs,3,cl100k_base,141,141,1.0,0.0,51,51,1.0,0.0,1,0.152
tech_081,technical_docs,3,o200k_base,141,141,1.0,0.0,51,51,1.0,0.0,1,0.148
tech_081,technical_docs,4,cl100k_base,141,118,0.8369,16.31,51,64,1.2549,-25.49,1,0.183
tech_081,technical_docs,4,o200k_base,141,118,0.8369,16.31,51,66,1.2941,-29.41,1,0.198
tech_081,technical_docs,5,cl100k_base,141,118,0.8369,16.31,51,64,1.2549,-25.49,1,0.397
tech_081,technical_docs,5,o200k_base,141,118,0.8369,16.31,51,66,1.2941,-29.41,1,0.218
tech_082,technical_docs,1,cl100k_base,156,156,1.0,0.0,54,54,1.0,0.0,1,0.11
tech_082,technical_docs,1,o200k_base,156,156,1.0,0.0,55,55,1.0,0.0,1,0.098
tech_082,technical_docs,2,cl100k_base,156,156,1.0,0.0,54,54,1.0,0.0,1,0.163
tech_082,technical_docs,2,o200k_base,156,156,1.0,0.0,55,55,1.0,0.0,1,0.156
tech_082,technical_docs,3,cl100k_base,156,156,1.0,0.0,54,54,1.0,0.0,1,0.161
tech_082,technical_docs,3,o200k_base,156,156,1.0,0.0,55,55,1.0,0.0,1,0.303
tech_082,technical_docs,4,cl100k_base,156,129,0.8269,17.31,54,68,1.2593,-25.93,1,0.23
tech_082,technical_docs,4,o200k_base,156,129,0.8269,17.31,55,68,1.2364,-23.64,1,0.22
tech_082,technical_docs,5,cl100k_base,156,129,0.8269,17.31,54,68,1.2593,-25.93,1,0.242
tech_082,technical_docs,5,o200k_base,156,129,0.8269,17.31,55,68,1.2364,-23.64,1,0.238
tech_083,technical_docs,1,cl100k_base,149,149,1.0,0.0,51,51,1.0,0.0,1,0.107
tech_083,technical_docs,1,o200k_base,149,149,1.0,0.0,53,53,1.0,0.0,1,0.094
tech_083,technical_docs,2,cl100k_base,149,149,1.0,0.0,51,51,1.0,0.0,1,0.158
tech_083,technical_docs,2,o200k_base,149,149,1.0,0.0,53,53,1.0,0.0,1,0.149
tech_083,technical_docs,3,cl100k_base,149,149,1.0,0.0,51,51,1.0,0.0,1,0.155
tech_083,technical_docs,3,o200k_base,149,149,1.0,0.0,53,53,1.0,0.0,1,0.153
tech_083,technical_docs,4,cl100k_base,149,121,0.8121,18.79,51,69,1.3529,-35.29,1,0.199
tech_083,technical_docs,4,o200k_base,149,121,0.8121,18.79,53,70,1.3208,-32.08,1,0.228
tech_083,technical_docs,5,cl100k_base,149,121,0.8121,18.79,51,69,1.3529,-35.29,1,0.213
tech_083,technical_docs,5,o200k_base,149,121,0.8121,18.79,53,70,1.3208,-32.08,1,0.201
tech_084,technical_docs,1,cl100k_base,145,145,1.0,0.0,52,52,1.0,0.0,1,0.102
tech_084,technical_docs,1,o200k_base,145,145,1.0,0.0,52,52,1.0,0.0,1,0.093
tech_084,technical_docs,2,cl100k_base,145,145,1.0,0.0,52,52,1.0,0.0,1,0.153
tech_084,technical_docs,2,o200k_base,145,145,1.0,0.0,52,52,1.0,0.0,1,0.149
tech_084,technical_docs,3,cl100k_base,145,145,1.0,0.0,52,52,1.0,0.0,1,0.154
tech_084,technical_docs,3,o200k_base,145,145,1.0,0.0,52,52,1.0,0.0,1,0.176
tech_084,technical_docs,4,cl100k_base,145,118,0.8138,18.62,52,66,1.2692,-26.92,1,0.185
tech_084,technical_docs,4,o200k_base,145,118,0.8138,18.62,52,67,1.2885,-28.85,1,0.18
tech_084,technical_docs,5,cl100k_base,145,118,0.8138,18.62,52,66,1.2692,-26.92,1,0.202
tech_084,technical_docs,5,o200k_base,145,118,0.8138,18.62,52,67,1.2885,-28.85,1,2.239
tech_085,technical_docs,1,cl100k_base,145,145,1.0,0.0,52,52,1.0,0.0,1,0.152
tech_085,technical_docs,1,o200k_base,145,145,1.0,0.0,53,53,1.0,0.0,1,0.096
tech_085,technical_docs,2,cl100k_base,145,145,1.0,0.0,52,52,1.0,0.0,1,0.168
tech_085,technical_docs,2,o200k_base,145,145,1.0,0.0,53,53,1.0,0.0,1,0.152
tech_085,technical_docs,3,cl100k_base,145,145,1.0,0.0,52,52,1.0,0.0,1,0.158
tech_085,technical_docs,3,o200k_base,145,145,1.0,0.0,53,53,1.0,0.0,1,0.154
tech_085,technical_docs,4,cl100k_base,145,118,0.8138,18.62,52,68,1.3077,-30.77,1,0.26
tech_085,technical_docs,4,o200k_base,145,118,0.8138,18.62,53,69,1.3019,-30.19,1,0.184
tech_085,technical_docs,5,cl100k_base,145,118,0.8138,18.62,52,68,1.3077,-30.77,1,0.212
tech_085,technical_docs,5,o200k_base,145,118,0.8138,18.62,53,69,1.3019,-30.19,1,0.207
tech_086,technical_docs,1,cl100k_base,149,149,1.0,0.0,54,54,1.0,0.0,1,0.177
tech_086,technical_docs,1,o200k_base,149,149,1.0,0.0,54,54,1.0,0.0,1,0.104
tech_086,technical_docs,2,cl100k_base,149,149,1.0,0.0,54,54,1.0,0.0,1,0.227
tech_086,technical_docs,2,o200k_base,149,149,1.0,0.0,54,54,1.0,0.0,1,0.162
tech_086,technical_docs,3,cl100k_base,149,149,1.0,0.0,54,54,1.0,0.0,1,0.203
tech_086,technical_docs,3,o200k_base,149,149,1.0,0.0,54,54,1.0,0.0,1,0.289
tech_086,technical_docs,4,cl100k_base,149,122,0.8188,18.12,54,66,1.2222,-22.22,1,0.225
tech_086,technical_docs,4,o200k_base,149,122,0.8188,18.12,54,67,1.2407,-24.07,1,0.196
tech_086,technical_docs,5,cl100k_base,149,122,0.8188,18.12,54,66,1.2222,-22.22,1,0.273
tech_086,technical_docs,5,o200k_base,149,122,0.8188,18.12,54,67,1.2407,-24.07,1,0.219
tech_087,technical_docs,1,cl100k_base,146,146,1.0,0.0,51,51,1.0,0.0,1,0.102
tech_087,technical_docs,1,o200k_base,146,146,1.0,0.0,51,51,1.0,0.0,1,0.096
tech_087,technical_docs,2,cl100k_base,146,146,1.0,0.0,51,51,1.0,0.0,1,0.192
tech_087,technical_docs,2,o200k_base,146,146,1.0,0.0,51,51,1.0,0.0,1,0.149
tech_087,technical_docs,3,cl100k_base,146,146,1.0,0.0,51,51,1.0,0.0,1,0.154
tech_087,technical_docs,3,o200k_base,146,146,1.0,0.0,51,51,1.0,0.0,1,0.151
tech_087,technical_docs,4,cl100k_base,146,121,0.8288,17.12,51,66,1.2941,-29.41,1,0.204
tech_087,technical_docs,4,o200k_base,146,121,0.8288,17.12,51,67,1.3137,-31.37,1,0.181
tech_087,technical_docs,5,cl100k_base,146,121,0.8288,17.12,51,66,1.2941,-29.41,1,0.205
tech_087,technical_docs,5,o200k_base,146,121,0.8288,17.12,51,67,1.3137,-31.37,1,0.2
tech_088,technical_docs,1,cl100k_base,155,155,1.0,0.0,53,53,1.0,0.0,1,0.107
tech_088,technical_docs,1,o200k_base,155,155,1.0,0.0,53,53,1.0,0.0,1,0.096
tech_088,technical_docs,2,cl100k_base,155,155,1.0,0.0,53,53,1.0,0.0,1,0.158
tech_088,technical_docs,2,o200k_base,155,155,1.0,0.0,53,53,1.0,0.0,1,0.185
tech_088,technical_docs,3,cl100k_base,155,155,1.0,0.0,53,53,1.0,0.0,1,0.159
tech_088,technical_docs,3,o200k_base,155,155,1.0,0.0,53,53,1.0,0.0,1,0.155
tech_088,technical_docs,4,cl100k_base,155,123,0.7935,20.65,53,69,1.3019,-30.19,1,0.192
tech_088,technical_docs,4,o200k_base,155,123,0.7935,20.65,53,70,1.3208,-32.08,1,0.186
tech_088,technical_docs,5,cl100k_base,155,123,0.7935,20.65,53,69,1.3019,-30.19,1,0.21
tech_088,technical_docs,5,o200k_base,155,123,0.7935,20.65,53,70,1.3208,-32.08,1,0.206
tech_089,technical_docs,1,cl100k_base,149,149,1.0,0.0,52,52,1.0,0.0,1,0.117
tech_089,technical_docs,1,o200k_base,149,149,1.0,0.0,53,53,1.0,0.0,1,0.094
tech_089,technical_docs,2,cl100k_base,149,149,1.0,0.0,52,52,1.0,0.0,1,0.157
tech_089,technical_docs,2,o200k_base,149,149,1.0,0.0,53,53,1.0,0.0,1,0.15
tech_089,technical_docs,3,cl100k_base,149,149,1.0,0.0,52,52,1.0,0.0,1,0.156
tech_089,technical_docs,3,o200k_base,149,149,1.0,0.0,53,53,1.0,0.0,1,0.154
tech_089,technical_docs,4,cl100k_base,149,122,0.8188,18.12,52,66,1.2692,-26.92,1,0.189
tech_089,technical_docs,4,o200k_base,149,122,0.8188,18.12,53,68,1.283,-28.3,1,0.184
tech_089,technical_docs,5,cl100k_base,149,122,0.8188,18.12,52,66,1.2692,-26.92,1,0.213
tech_089,technical_docs,5,o200k_base,149,122,0.8188,18.12,53,68,1.283,-28.3,1,0.202
tech_090,technical_docs,1,cl100k_base,143,143,1.0,0.0,52,52,1.0,0.0,1,0.106
tech_090,technical_docs,1,o200k_base,143,143,1.0,0.0,52,52,1.0,0.0,1,0.094
tech_090,technical_docs,2,cl100k_base,143,143,1.0,0.0,52,52,1.0,0.0,1,0.152
tech_090,technical_docs,2,o200k_base,143,143,1.0,0.0,52,52,1.0,0.0,1,0.147
tech_090,technical_docs,3,cl100k_base,143,143,1.0,0.0,52,52,1.0,0.0,1,0.152
tech_090,technical_docs,3,o200k_base,143,143,1.0,0.0,52,52,1.0,0.0,1,0.167
tech_090,technical_docs,4,cl100k_base,143,118,0.8252,17.48,52,66,1.2692,-26.92,1,0.187
tech_090,technical_docs,4,o200k_base,143,118,0.8252,17.48,52,66,1.2692,-26.92,1,0.178
tech_090,technical_docs,5,cl100k_base,143,118,0.8252,17.48,52,66,1.2692,-26.92,1,0.201
tech_090,technical_docs,5,o200k_base,143,118,0.8252,17.48,52,66,1.2692,-26.92,1,0.195
tech_091,technical_docs,1,cl100k_base,150,150,1.0,0.0,54,54,1.0,0.0,1,0.107
tech_091,technical_docs,1,o200k_base,150,150,1.0,0.0,54,54,1.0,0.0,1,0.097
tech_091,technical_docs,2,cl100k_base,150,150,1.0,0.0,54,54,1.0,0.0,1,0.158
tech_091,technical_docs,2,o200k_base,150,150,1.0,0.0,54,54,1.0,0.0,1,0.177
tech_091,technical_docs,3,cl100k_base,150,150,1.0,0.0,54,54,1.0,0.0,1,0.158
tech_091,technical_docs,3,o200k_base,150,150,1.0,0.0,54,54,1.0,0.0,1,0.156
tech_091,technical_docs,4,cl100k_base,150,121,0.8067,19.33,54,68,1.2593,-25.93,1,0.189
tech_091,technical_docs,4,o200k_base,150,121,0.8067,19.33,54,69,1.2778,-27.78,1,0.185
tech_091,technical_docs,5,cl100k_base,150,121,0.8067,19.33,54,68,1.2593,-25.93,1,0.208
tech_091,technical_docs,5,o200k_base,150,121,0.8067,19.33,54,69,1.2778,-27.78,1,0.203
tech_092,technical_docs,1,cl100k_base,152,152,1.0,0.0,54,54,1.0,0.0,1,0.112
tech_092,technical_docs,1,o200k_base,152,152,1.0,0.0,54,54,1.0,0.0,1,0.097
tech_092,technical_docs,2,cl100k_base,152,152,1.0,0.0,54,54,1.0,0.0,1,0.161
tech_092,technical_docs,2,o200k_base,152,152,1.0,0.0,54,54,1.0,0.0,1,0.154
tech_092,technical_docs,3,cl100k_base,152,152,1.0,0.0,54,54,1.0,0.0,1,0.158
tech_092,technical_docs,3,o200k_base,152,152,1.0,0.0,54,54,1.0,0.0,1,0.155
tech_092,technical_docs,4,cl100k_base,152,121,0.7961,20.39,54,65,1.2037,-20.37,1,0.189
tech_092,technical_docs,4,o200k_base,152,121,0.7961,20.39,54,67,1.2407,-24.07,1,0.185
tech_092,technical_docs,5,cl100k_base,152,121,0.7961,20.39,54,65,1.2037,-20.37,1,0.214
tech_092,technical_docs,5,o200k_base,152,121,0.7961,20.39,54,67,1.2407,-24.07,1,0.203
tech_093,technical_docs,1,cl100k_base,143,143,1.0,0.0,51,51,1.0,0.0,1,0.099
tech_093,technical_docs,1,o200k_base,143,143,1.0,0.0,52,52,1.0,0.0,1,0.092
tech_093,technical_docs,2,cl100k_base,143,143,1.0,0.0,51,51,1.0,0.0,1,0.151
tech_093,technical_docs,2,o200k_base,143,143,1.0,0.0,52,52,1.0,0.0,1,0.147
tech_093,technical_docs,3,cl100k_base,143,143,1.0,0.0,51,51,1.0,0.0,1,0.152
tech_093,technical_docs,3,o200k_base,143,143,1.0,0.0,52,52,1.0,0.0,1,0.168
tech_093,technical_docs,4,cl100k_base,143,116,0.8112,18.88,51,66,1.2941,-29.41,1,0.188
tech_093,technical_docs,4,o200k_base,143,116,0.8112,18.88,52,67,1.2885,-28.85,1,0.179
tech_093,technical_docs,5,cl100k_base,143,116,0.8112,18.88,51,66,1.2941,-29.41,1,0.201
tech_093,technical_docs,5,o200k_base,143,116,0.8112,18.88,52,67,1.2885,-28.85,1,0.196
tech_094,technical_docs,1,cl100k_base,164,164,1.0,0.0,56,56,1.0,0.0,1,0.118
tech_094,technical_docs,1,o200k_base,164,164,1.0,0.0,56,56,1.0,0.0,1,0.101
tech_094,technical_docs,2,cl100k_base,164,164,1.0,0.0,56,56,1.0,0.0,1,0.166
tech_094,technical_docs,2,o200k_base,164,164,1.0,0.0,56,56,1.0,0.0,1,0.166
tech_094,technical_docs,3,cl100k_base,164,164,1.0,0.0,56,56,1.0,0.0,1,0.166
tech_094,technical_docs,3,o200k_base,164,164,1.0,0.0,56,56,1.0,0.0,1,0.163
tech_094,technical_docs,4,cl100k_base,164,127,0.7744,22.56,56,72,1.2857,-28.57,1,0.199
tech_094,technical_docs,4,o200k_base,164,127,0.7744,22.56,56,73,1.3036,-30.36,1,0.194
tech_094,technical_docs,5,cl100k_base,164,127,0.7744,22.56,56,72,1.2857,-28.57,1,0.218
tech_094,technical_docs,5,o200k_base,164,127,0.7744,22.56,56,73,1.3036,-30.36,1,0.232
tech_095,technical_docs,1,cl100k_base,141,141,1.0,0.0,52,52,1.0,0.0,1,0.105
tech_095,technical_docs,1,o200k_base,141,141,1.0,0.0,53,53,1.0,0.0,1,0.094
tech_095,technical_docs,2,cl100k_base,141,141,1.0,0.0,52,52,1.0,0.0,1,0.153
tech_095,technical_docs,2,o200k_base,141,141,1.0,0.0,53,53,1.0,0.0,1,0.147
tech_095,technical_docs,3,cl100k_base,141,141,1.0,0.0,52,52,1.0,0.0,1,0.154
tech_095,technical_docs,3,o200k_base,141,141,1.0,0.0,53,53,1.0,0.0,1,0.151
tech_095,technical_docs,4,cl100k_base,141,116,0.8227,17.73,52,66,1.2692,-26.92,1,0.181
tech_095,technical_docs,4,o200k_base,141,116,0.8227,17.73,53,68,1.283,-28.3,1,0.197
tech_095,technical_docs,5,cl100k_base,141,116,0.8227,17.73,52,66,1.2692,-26.92,1,0.206
tech_095,technical_docs,5,o200k_base,141,116,0.8227,17.73,53,68,1.283,-28.3,1,0.196
tech_096,technical_docs,1,cl100k_base,145,145,1.0,0.0,51,51,1.0,0.0,1,0.101
tech_096,technical_docs,1,o200k_base,145,145,1.0,0.0,51,51,1.0,0.0,1,0.093
tech_096,technical_docs,2,cl100k_base,145,145,1.0,0.0,51,51,1.0,0.0,1,0.153
tech_096,technical_docs,2,o200k_base,145,145,1.0,0.0,51,51,1.0,0.0,1,0.148
tech_096,technical_docs,3,cl100k_base,145,145,1.0,0.0,51,51,1.0,0.0,1,0.154
tech_096,technical_docs,3,o200k_base,145,145,1.0,0.0,51,51,1.0,0.0,1,0.174
tech_096,technical_docs,4,cl100k_base,145,119,0.8207,17.93,51,67,1.3137,-31.37,1,0.187
tech_096,technical_docs,4,o200k_base,145,119,0.8207,17.93,51,68,1.3333,-33.33,1,0.181
tech_096,technical_docs,5,cl100k_base,145,119,0.8207,17.93,51,67,1.3137,-31.37,1,0.203
tech_096,technical_docs,5,o200k_base,145,119,0.8207,17.93,51,68,1.3333,-33.33,1,0.197
tech_097,technical_docs,1,cl100k_base,167,167,1.0,0.0,54,54,1.0,0.0,1,0.108
tech_097,technical_docs,1,o200k_base,167,167,1.0,0.0,54,54,1.0,0.0,1,0.099
tech_097,technical_docs,2,cl100k_base,167,167,1.0,0.0,54,54,1.0,0.0,1,0.175
tech_097,technical_docs,2,o200k_base,167,167,1.0,0.0,54,54,1.0,0.0,1,0.162
tech_097,technical_docs,3,cl100k_base,167,167,1.0,0.0,54,54,1.0,0.0,1,0.164
tech_097,technical_docs,3,o200k_base,167,167,1.0,0.0,54,54,1.0,0.0,1,0.163
tech_097,technical_docs,4,cl100k_base,167,134,0.8024,19.76,54,72,1.3333,-33.33,1,0.202
tech_097,technical_docs,4,o200k_base,167,134,0.8024,19.76,54,73,1.3519,-35.19,1,0.195
tech_097,technical_docs,5,cl100k_base,167,134,0.8024,19.76,54,72,1.3333,-33.33,1,0.221
tech_097,technical_docs,5,o200k_base,167,134,0.8024,19.76,54,73,1.3519,-35.19,1,0.237
tech_098,technical_docs,1,cl100k_base,159,159,1.0,0.0,54,54,1.0,0.0,1,0.107
tech_098,technical_docs,1,o200k_base,159,159,1.0,0.0,54,54,1.0,0.0,1,0.189
tech_098,technical_docs,2,cl100k_base,159,159,1.0,0.0,54,54,1.0,0.0,1,0.191
tech_098,technical_docs,2,o200k_base,159,159,1.0,0.0,54,54,1.0,0.0,1,0.171
tech_098,technical_docs,3,cl100k_base,159,159,1.0,0.0,54,54,1.0,0.0,1,0.177
tech_098,technical_docs,3,o200k_base,159,159,1.0,0.0,54,54,1.0,0.0,1,0.169
tech_098,technical_docs,4,cl100k_base,159,127,0.7987,20.13,54,73,1.3519,-35.19,1,0.216
tech_098,technical_docs,4,o200k_base,159,127,0.7987,20.13,54,74,1.3704,-37.04,1,0.22
tech_098,technical_docs,5,cl100k_base,159,127,0.7987,20.13,54,73,1.3519,-35.19,1,0.24
tech_098,technical_docs,5,o200k_base,159,127,0.7987,20.13,54,74,1.3704,-37.04,1,0.237
tech_099,technical_docs,1,cl100k_base,151,151,1.0,0.0,52,52,1.0,0.0,1,0.126
tech_099,technical_docs,1,o200k_base,151,151,1.0,0.0,53,53,1.0,0.0,1,0.098
tech_099,technical_docs,2,cl100k_base,151,151,1.0,0.0,52,52,1.0,0.0,1,0.178
tech_099,technical_docs,2,o200k_base,151,151,1.0,0.0,53,53,1.0,0.0,1,0.163
tech_099,technical_docs,3,cl100k_base,151,151,1.0,0.0,52,52,1.0,0.0,1,0.542
tech_099,technical_docs,3,o200k_base,151,151,1.0,0.0,53,53,1.0,0.0,1,0.208
tech_099,technical_docs,4,cl100k_base,151,120,0.7947,20.53,52,68,1.3077,-30.77,1,0.217
tech_099,technical_docs,4,o200k_base,151,120,0.7947,20.53,53,69,1.3019,-30.19,1,0.191
tech_099,technical_docs,5,cl100k_base,151,120,0.7947,20.53,52,68,1.3077,-30.77,1,0.218
tech_099,technical_docs,5,o200k_base,151,120,0.7947,20.53,53,69,1.3019,-30.19,1,0.204
casual_000,casual_prose,1,cl100k_base,290,290,1.0,0.0,72,72,1.0,0.0,1,0.226
casual_000,casual_prose,1,o200k_base,290,290,1.0,0.0,71,71,1.0,0.0,1,0.156
casual_000,casual_prose,2,cl100k_base,290,248,0.8552,14.48,72,67,0.9306,6.94,1,0.259
casual_000,casual_prose,2,o200k_base,290,248,0.8552,14.48,71,66,0.9296,7.04,1,0.244
casual_000,casual_prose,3,cl100k_base,290,232,0.8,20.0,72,63,0.875,12.5,1,0.353
casual_000,casual_prose,3,o200k_base,290,232,0.8,20.0,71,62,0.8732,12.68,1,0.232
casual_000,casual_prose,4,cl100k_base,290,198,0.6828,31.72,72,81,1.125,-12.5,1,0.277
casual_000,casual_prose,4,o200k_base,290,198,0.6828,31.72,71,83,1.169,-16.9,1,0.259
casual_000,casual_prose,5,cl100k_base,290,191,0.6586,34.14,72,83,1.1528,-15.28,1,0.306
casual_000,casual_prose,5,o200k_base,290,191,0.6586,34.14,71,85,1.1972,-19.72,1,0.292
casual_001,casual_prose,1,cl100k_base,283,283,1.0,0.0,69,69,1.0,0.0,1,0.142
casual_001,casual_prose,1,o200k_base,283,283,1.0,0.0,66,66,1.0,0.0,1,0.127
casual_001,casual_prose,2,cl100k_base,283,218,0.7703,22.97,69,63,0.913,8.7,1,0.31
casual_001,casual_prose,2,o200k_base,283,218,0.7703,22.97,66,60,0.9091,9.09,1,0.214
casual_001,casual_prose,3,cl100k_base,283,203,0.7173,28.27,69,58,0.8406,15.94,1,0.239
casual_001,casual_prose,3,o200k_base,283,203,0.7173,28.27,66,55,0.8333,16.67,1,0.213
casual_001,casual_prose,4,cl100k_base,283,171,0.6042,39.58,69,76,1.1014,-10.14,1,0.257
casual_001,casual_prose,4,o200k_base,283,171,0.6042,39.58,66,76,1.1515,-15.15,1,0.242
casual_001,casual_prose,5,cl100k_base,283,166,0.5866,41.34,69,79,1.1449,-14.49,1,0.275
casual_001,casual_prose,5,o200k_base,283,166,0.5866,41.34,66,80,1.2121,-21.21,1,0.264
casual_002,casual_prose,1,cl100k_base,293,293,1.0,0.0,73,73,1.0,0.0,1,0.146
casual_002,casual_prose,1,o200k_base,293,293,1.0,0.0,72,72,1.0,0.0,1,0.133
casual_002,casual_prose,2,cl100k_base,293,251,0.8567,14.33,73,68,0.9315,6.85,1,0.225
casual_002,casual_prose,2,o200k_base,293,251,0.8567,14.33,72,67,0.9306,6.94,1,0.218
casual_002,casual_prose,3,cl100k_base,293,235,0.802,19.8,73,64,0.8767,12.33,1,0.227
casual_002,casual_prose,3,o200k_base,293,235,0.802,19.8,72,63,0.875,12.5,1,0.246
casual_002,casual_prose,4,cl100k_base,293,200,0.6826,31.74,73,82,1.1233,-12.33,1,0.281
casual_002,casual_prose,4,o200k_base,293,200,0.6826,31.74,72,83,1.1528,-15.28,1,0.344
casual_002,casual_prose,5,cl100k_base,293,193,0.6587,34.13,73,84,1.1507,-15.07,1,0.344
casual_002,casual_prose,5,o200k_base,293,193,0.6587,34.13,72,85,1.1806,-18.06,1,0.293
casual_003,casual_prose,1,cl100k_base,289,289,1.0,0.0,72,72,1.0,0.0,1,0.159
casual_003,casual_prose,1,o200k_base,289,289,1.0,0.0,71,71,1.0,0.0,1,0.134
casual_003,casual_prose,2,cl100k_base,289,236,0.8166,18.34,72,66,0.9167,8.33,1,0.245
casual_003,casual_prose,2,o200k_base,289,236,0.8166,18.34,71,65,0.9155,8.45,1,0.224
casual_003,casual_prose,3,cl100k_base,289,218,0.7543,24.57,72,61,0.8472,15.28,1,0.234
casual_003,casual_prose,3,o200k_base,289,218,0.7543,24.57,71,60,0.8451,15.49,1,0.228
casual_003,casual_prose,4,cl100k_base,289,183,0.6332,36.68,72,79,1.0972,-9.72,1,0.27
casual_003,casual_prose,4,o200k_base,289,183,0.6332,36.68,71,80,1.1268,-12.68,1,0.288
casual_003,casual_prose,5,cl100k_base,289,178,0.6159,38.41,72,80,1.1111,-11.11,1,0.296
casual_003,casual_prose,5,o200k_base,289,178,0.6159,38.41,71,82,1.1549,-15.49,1,0.29
casual_004,casual_prose,1,cl100k_base,294,294,1.0,0.0,72,72,1.0,0.0,1,0.142
casual_004,casual_prose,1,o200k_base,294,294,1.0,0.0,70,70,1.0,0.0,1,0.132
casual_004,casual_prose,2,cl100k_base,294,235,0.7993,20.07,72,66,0.9167,8.33,1,0.238
casual_004,casual_prose,2,o200k_base,294,235,0.7993,20.07,70,64,0.9143,8.57,1,0.218
casual_004,casual_prose,3,cl100k_base,294,217,0.7381,26.19,72,61,0.8472,15.28,1,0.226
casual_004,casual_prose,3,o200k_base,294,217,0.7381,26.19,70,59,0.8429,15.71,1,0.22
casual_004,casual_prose,4,cl100k_base,294,185,0.6293,37.07,72,79,1.0972,-9.72,1,0.26
casual_004,casual_prose,4,o200k_base,294,185,0.6293,37.07,70,79,1.1286,-12.86,1,0.254
casual_004,casual_prose,5,cl100k_base,294,182,0.619,38.1,72,80,1.1111,-11.11,1,0.291
casual_004,casual_prose,5,o200k_base,294,182,0.619,38.1,70,80,1.1429,-14.29,1,0.279
casual_005,casual_prose,1,cl100k_base,305,305,1.0,0.0,73,73,1.0,0.0,1,0.144
casual_005,casual_prose,1,o200k_base,305,305,1.0,0.0,71,71,1.0,0.0,1,0.136
casual_005,casual_prose,2,cl100k_base,305,253,0.8295,17.05,73,67,0.9178,8.22,1,0.226
casual_005,casual_prose,2,o200k_base,305,253,0.8295,17.05,71,65,0.9155,8.45,1,0.24
casual_005,casual_prose,3,cl100k_base,305,237,0.777,22.3,73,63,0.863,13.7,1,0.234
casual_005,casual_prose,3,o200k_base,305,237,0.777,22.3,71,61,0.8592,14.08,1,0.225
casual_005,casual_prose,4,cl100k_base,305,198,0.6492,35.08,73,84,1.1507,-15.07,1,0.272
casual_005,casual_prose,4,o200k_base,305,198,0.6492,35.08,71,84,1.1831,-18.31,1,0.342
casual_005,casual_prose,5,cl100k_base,305,194,0.6361,36.39,73,86,1.1781,-17.81,1,0.315
casual_005,casual_prose,5,o200k_base,305,194,0.6361,36.39,71,86,1.2113,-21.13,1,0.303
casual_006,casual_prose,1,cl100k_base,304,304,1.0,0.0,74,74,1.0,0.0,1,0.149
casual_006,casual_prose,1,o200k_base,304,304,1.0,0.0,72,72,1.0,0.0,1,0.152
casual_006,casual_prose,2,cl100k_base,304,249,0.8191,18.09,74,68,0.9189,8.11,1,0.233
casual_006,casual_prose,2,o200k_base,304,249,0.8191,18.09,72,66,0.9167,8.33,1,0.45
casual_006,casual_prose,3,cl100k_base,304,231,0.7599,24.01,74,63,0.8514,14.86,1,0.314
casual_006,casual_prose,3,o200k_base,304,231,0.7599,24.01,72,61,0.8472,15.28,1,0.347
casual_006,casual_prose,4,cl100k_base,304,193,0.6349,36.51,74,84,1.1351,-13.51,1,0.392
casual_006,casual_prose,4,o200k_base,304,193,0.6349,36.51,72,84,1.1667,-16.67,1,0.325
casual_006,casual_prose,5,cl100k_base,304,190,0.625,37.5,74,85,1.1486,-14.86,1,0.424
casual_006,casual_prose,5,o200k_base,304,190,0.625,37.5,72,85,1.1806,-18.06,1,0.481
casual_007,casual_prose,1,cl100k_base,269,269,1.0,0.0,68,68,1.0,0.0,1,0.172
casual_007,casual_prose,1,o200k_base,269,269,1.0,0.0,67,67,1.0,0.0,1,0.136
casual_007,casual_prose,2,cl100k_base,269,210,0.7807,21.93,68,61,0.8971,10.29,1,0.276
casual_007,casual_prose,2,o200k_base,269,210,0.7807,21.93,67,60,0.8955,10.45,1,0.369
casual_007,casual_prose,3,cl100k_base,269,192,0.7138,28.62,68,56,0.8235,17.65,1,0.235
casual_007,casual_prose,3,o200k_base,269,192,0.7138,28.62,67,55,0.8209,17.91,1,0.221
casual_007,casual_prose,4,cl100k_base,269,165,0.6134,38.66,68,71,1.0441,-4.41,1,0.267
casual_007,casual_prose,4,o200k_base,269,165,0.6134,38.66,67,72,1.0746,-7.46,1,0.249
casual_007,casual_prose,5,cl100k_base,269,161,0.5985,40.15,68,72,1.0588,-5.88,1,0.324
casual_007,casual_prose,5,o200k_base,269,161,0.5985,40.15,67,74,1.1045,-10.45,1,0.274
casual_008,casual_prose,1,cl100k_base,291,291,1.0,0.0,73,73,1.0,0.0,1,0.146
casual_008,casual_prose,1,o200k_base,291,291,1.0,0.0,71,71,1.0,0.0,1,0.134
casual_008,casual_prose,2,cl100k_base,291,243,0.8351,16.49,73,67,0.9178,8.22,1,0.223
casual_008,casual_prose,2,o200k_base,291,243,0.8351,16.49,71,65,0.9155,8.45,1,0.216
casual_008,casual_prose,3,cl100k_base,291,227,0.7801,21.99,73,63,0.863,13.7,1,0.233
casual_008,casual_prose,3,o200k_base,291,227,0.7801,21.99,71,61,0.8592,14.08,1,0.221
casual_008,casual_prose,4,cl100k_base,291,192,0.6598,34.02,73,81,1.1096,-10.96,1,0.265
casual_008,casual_prose,4,o200k_base,291,192,0.6598,34.02,71,82,1.1549,-15.49,1,0.257
casual_008,casual_prose,5,cl100k_base,291,188,0.646,35.4,73,83,1.137,-13.7,1,0.289
casual_008,casual_prose,5,o200k_base,291,188,0.646,35.4,71,84,1.1831,-18.31,1,0.309
casual_009,casual_prose,1,cl100k_base,268,268,1.0,0.0,67,67,1.0,0.0,1,0.133
casual_009,casual_prose,1,o200k_base,268,268,1.0,0.0,65,65,1.0,0.0,1,0.124
casual_009,casual_prose,2,cl100k_base,268,219,0.8172,18.28,67,61,0.9104,8.96,1,0.205
casual_009,casual_prose,2,o200k_base,268,219,0.8172,18.28,65,59,0.9077,9.23,1,0.201
casual_009,casual_prose,3,cl100k_base,268,201,0.75,25.0,67,56,0.8358,16.42,1,0.208
casual_009,casual_prose,3,o200k_base,268,201,0.75,25.0,65,54,0.8308,16.92,1,0.227
casual_009,casual_prose,4,cl100k_base,268,166,0.6194,38.06,67,77,1.1493,-14.93,1,0.248
casual_009,casual_prose,4,o200k_base,268,166,0.6194,38.06,65,77,1.1846,-18.46,1,0.237
casual_009,casual_prose,5,cl100k_base,268,164,0.6119,38.81,67,77,1.1493,-14.93,1,0.266
casual_009,casual_prose,5,o200k_base,268,164,0.6119,38.81,65,78,1.2,-20.0,1,0.26
casual_010,casual_prose,1,cl100k_base,258,258,1.0,0.0,66,66,1.0,0.0,1,0.15
casual_010,casual_prose,1,o200k_base,258,258,1.0,0.0,65,65,1.0,0.0,1,0.124
casual_010,casual_prose,2,cl100k_base,258,214,0.8295,17.05,66,60,0.9091,9.09,1,0.202
casual_010,casual_prose,2,o200k_base,258,214,0.8295,17.05,65,59,0.9077,9.23,1,0.345
casual_010,casual_prose,3,cl100k_base,258,198,0.7674,23.26,66,56,0.8485,15.15,1,0.292
casual_010,casual_prose,3,o200k_base,258,198,0.7674,23.26,65,55,0.8462,15.38,1,0.205
casual_010,casual_prose,4,cl100k_base,258,166,0.6434,35.66,66,74,1.1212,-12.12,1,0.266
casual_010,casual_prose,4,o200k_base,258,166,0.6434,35.66,65,76,1.1692,-16.92,1,0.234
casual_010,casual_prose,5,cl100k_base,258,161,0.624,37.6,66,74,1.1212,-12.12,1,0.293
casual_010,casual_prose,5,o200k_base,258,161,0.624,37.6,65,77,1.1846,-18.46,1,0.315
casual_011,casual_prose,1,cl100k_base,300,300,1.0,0.0,71,71,1.0,0.0,1,0.161
casual_011,casual_prose,1,o200k_base,300,300,1.0,0.0,69,69,1.0,0.0,1,0.135
casual_011,casual_prose,2,cl100k_base,300,237,0.79,21.0,71,64,0.9014,9.86,1,0.233
casual_011,casual_prose,2,o200k_base,300,237,0.79,21.0,69,62,0.8986,10.14,1,0.254
casual_011,casual_prose,3,cl100k_base,300,219,0.73,27.0,71,59,0.831,16.9,1,0.235
casual_011,casual_prose,3,o200k_base,300,219,0.73,27.0,69,57,0.8261,17.39,1,0.228
casual_011,casual_prose,4,cl100k_base,300,181,0.6033,39.67,71,80,1.1268,-12.68,1,0.274
casual_011,casual_prose,4,o200k_base,300,181,0.6033,39.67,69,80,1.1594,-15.94,1,0.267
casual_011,casual_prose,5,cl100k_base,300,178,0.5933,40.67,71,81,1.1408,-14.08,1,0.32
casual_011,casual_prose,5,o200k_base,300,178,0.5933,40.67,69,82,1.1884,-18.84,1,0.292
casual_012,casual_prose,1,cl100k_base,275,275,1.0,0.0,68,68,1.0,0.0,1,0.135
casual_012,casual_prose,1,o200k_base,275,275,1.0,0.0,66,66,1.0,0.0,1,0.126
casual_012,casual_prose,2,cl100k_base,275,226,0.8218,17.82,68,62,0.9118,8.82,1,0.209
casual_012,casual_prose,2,o200k_base,275,226,0.8218,17.82,66,60,0.9091,9.09,1,0.202
casual_012,casual_prose,3,cl100k_base,275,208,0.7564,24.36,68,57,0.8382,16.18,1,0.238
casual_012,casual_prose,3,o200k_base,275,208,0.7564,24.36,66,55,0.8333,16.67,1,0.206
casual_012,casual_prose,4,cl100k_base,275,170,0.6182,38.18,68,78,1.1471,-14.71,1,0.256
casual_012,casual_prose,4,o200k_base,275,170,0.6182,38.18,66,78,1.1818,-18.18,1,0.243
casual_012,casual_prose,5,cl100k_base,275,168,0.6109,38.91,68,78,1.1471,-14.71,1,0.271
casual_012,casual_prose,5,o200k_base,275,168,0.6109,38.91,66,79,1.197,-19.7,1,0.291
casual_013,casual_prose,1,cl100k_base,276,276,1.0,0.0,69,69,1.0,0.0,1,0.136
casual_013,casual_prose,1,o200k_base,276,276,1.0,0.0,67,67,1.0,0.0,1,0.128
casual_013,casual_prose,2,cl100k_base,276,211,0.7645,23.55,69,63,0.913,8.7,1,0.211
casual_013,casual_prose,2,o200k_base,276,211,0.7645,23.55,67,61,0.9104,8.96,1,0.203
casual_013,casual_prose,3,cl100k_base,276,196,0.7101,28.99,69,58,0.8406,15.94,1,0.21
casual_013,casual_prose,3,o200k_base,276,196,0.7101,28.99,67,56,0.8358,16.42,1,0.224
casual_013,casual_prose,4,cl100k_base,276,165,0.5978,40.22,69,76,1.1014,-10.14,1,0.251
casual_013,casual_prose,4,o200k_base,276,165,0.5978,40.22,67,76,1.1343,-13.43,1,0.24
casual_013,casual_prose,5,cl100k_base,276,162,0.587,41.3,69,77,1.1159,-11.59,1,0.267
casual_013,casual_prose,5,o200k_base,276,162,0.587,41.3,67,78,1.1642,-16.42,1,0.267
casual_014,casual_prose,1,cl100k_base,277,277,1.0,0.0,67,67,1.0,0.0,1,0.135
casual_014,casual_prose,1,o200k_base,277,277,1.0,0.0,65,65,1.0,0.0,1,0.128
casual_014,casual_prose,2,cl100k_base,277,213,0.769,23.1,67,61,0.9104,8.96,1,0.208
casual_014,casual_prose,2,o200k_base,277,213,0.769,23.1,65,59,0.9077,9.23,1,0.201
casual_014,casual_prose,3,cl100k_base,277,200,0.722,27.8,67,57,0.8507,14.93,1,0.208
casual_014,casual_prose,3,o200k_base,277,200,0.722,27.8,65,55,0.8462,15.38,1,0.204
casual_014,casual_prose,4,cl100k_base,277,169,0.6101,38.99,67,74,1.1045,-10.45,1,0.452
casual_014,casual_prose,4,o200k_base,277,169,0.6101,38.99,65,74,1.1385,-13.85,1,0.271
casual_014,casual_prose,5,cl100k_base,277,165,0.5957,40.43,67,76,1.1343,-13.43,1,0.308
casual_014,casual_prose,5,o200k_base,277,165,0.5957,40.43,65,77,1.1846,-18.46,1,0.277
casual_015,casual_prose,1,cl100k_base,291,291,1.0,0.0,72,72,1.0,0.0,1,0.155
casual_015,casual_prose,1,o200k_base,291,291,1.0,0.0,70,70,1.0,0.0,1,0.134
casual_015,casual_prose,2,cl100k_base,291,243,0.8351,16.49,72,66,0.9167,8.33,1,0.253
casual_015,casual_prose,2,o200k_base,291,243,0.8351,16.49,70,64,0.9143,8.57,1,0.284
casual_015,casual_prose,3,cl100k_base,291,227,0.7801,21.99,72,62,0.8611,13.89,1,0.236
casual_015,casual_prose,3,o200k_base,291,227,0.7801,21.99,70,60,0.8571,14.29,1,0.34
casual_015,casual_prose,4,cl100k_base,291,194,0.6667,33.33,72,80,1.1111,-11.11,1,0.287
casual_015,casual_prose,4,o200k_base,291,194,0.6667,33.33,70,81,1.1571,-15.71,1,0.264
casual_015,casual_prose,5,cl100k_base,291,189,0.6495,35.05,72,82,1.1389,-13.89,1,0.292
casual_015,casual_prose,5,o200k_base,291,189,0.6495,35.05,70,83,1.1857,-18.57,1,0.327
casual_016,casual_prose,1,cl100k_base,296,296,1.0,0.0,72,72,1.0,0.0,1,0.146
casual_016,casual_prose,1,o200k_base,296,296,1.0,0.0,70,70,1.0,0.0,1,0.133
casual_016,casual_prose,2,cl100k_base,296,248,0.8378,16.22,72,66,0.9167,8.33,1,0.222
casual_016,casual_prose,2,o200k_base,296,248,0.8378,16.22,70,64,0.9143,8.57,1,0.215
casual_016,casual_prose,3,cl100k_base,296,232,0.7838,21.62,72,62,0.8611,13.89,1,0.223
casual_016,casual_prose,3,o200k_base,296,232,0.7838,21.62,70,60,0.8571,14.29,1,0.241
casual_016,casual_prose,4,cl100k_base,296,195,0.6588,34.12,72,84,1.1667,-16.67,1,0.266
casual_016,casual_prose,4,o200k_base,296,195,0.6588,34.12,70,84,1.2,-20.0,1,0.258
casual_016,casual_prose,5,cl100k_base,296,191,0.6453,35.47,72,86,1.1944,-19.44,1,0.288
casual_016,casual_prose,5,o200k_base,296,191,0.6453,35.47,70,86,1.2286,-22.86,1,0.282
casual_017,casual_prose,1,cl100k_base,306,306,1.0,0.0,71,71,1.0,0.0,1,0.167
casual_017,casual_prose,1,o200k_base,306,306,1.0,0.0,69,69,1.0,0.0,1,0.134
casual_017,casual_prose,2,cl100k_base,306,237,0.7745,22.55,71,64,0.9014,9.86,1,0.22
casual_017,casual_prose,2,o200k_base,306,237,0.7745,22.55,69,62,0.8986,10.14,1,0.212
casual_017,casual_prose,3,cl100k_base,306,219,0.7157,28.43,71,59,0.831,16.9,1,0.22
casual_017,casual_prose,3,o200k_base,306,219,0.7157,28.43,69,57,0.8261,17.39,1,0.216
casual_017,casual_prose,4,cl100k_base,306,181,0.5915,40.85,71,80,1.1268,-12.68,1,0.279
casual_017,casual_prose,4,o200k_base,306,181,0.5915,40.85,69,80,1.1594,-15.94,1,0.253
casual_017,casual_prose,5,cl100k_base,306,179,0.585,41.5,71,80,1.1268,-12.68,1,0.279
casual_017,casual_prose,5,o200k_base,306,179,0.585,41.5,69,81,1.1739,-17.39,1,0.273
casual_018,casual_prose,1,cl100k_base,279,279,1.0,0.0,69,69,1.0,0.0,1,0.136
casual_018,casual_prose,1,o200k_base,279,279,1.0,0.0,67,67,1.0,0.0,1,0.127
casual_018,casual_prose,2,cl100k_base,279,235,0.8423,15.77,69,63,0.913,8.7,1,0.217
casual_018,casual_prose,2,o200k_base,279,235,0.8423,15.77,67,61,0.9104,8.96,1,0.207
casual_018,casual_prose,3,cl100k_base,279,219,0.7849,21.51,69,59,0.8551,14.49,1,0.215
casual_018,casual_prose,3,o200k_base,279,219,0.7849,21.51,67,57,0.8507,14.93,1,0.21
casual_018,casual_prose,4,cl100k_base,279,184,0.6595,34.05,69,78,1.1304,-13.04,1,0.254
casual_018,casual_prose,4,o200k_base,279,184,0.6595,34.05,67,79,1.1791,-17.91,1,0.268
casual_018,casual_prose,5,cl100k_base,279,179,0.6416,35.84,69,81,1.1739,-17.39,1,0.327
casual_018,casual_prose,5,o200k_base,279,179,0.6416,35.84,67,83,1.2388,-23.88,1,0.27
casual_019,casual_prose,1,cl100k_base,293,293,1.0,0.0,68,68,1.0,0.0,1,0.138
casual_019,casual_prose,1,o200k_base,293,293,1.0,0.0,67,67,1.0,0.0,1,0.128
casual_019,casual_prose,2,cl100k_base,293,226,0.7713,22.87,68,61,0.8971,10.29,1,0.211
casual_019,casual_prose,2,o200k_base,293,226,0.7713,22.87,67,60,0.8955,10.45,1,0.212
casual_019,casual_prose,3,cl100k_base,293,210,0.7167,28.33,68,57,0.8382,16.18,1,0.214
casual_019,casual_prose,3,o200k_base,293,210,0.7167,28.33,67,56,0.8358,16.42,1,0.279
casual_019,casual_prose,4,cl100k_base,293,174,0.5939,40.61,68,77,1.1324,-13.24,1,0.283
casual_019,casual_prose,4,o200k_base,293,174,0.5939,40.61,67,78,1.1642,-16.42,1,0.251
casual_019,casual_prose,5,cl100k_base,293,172,0.587,41.3,68,77,1.1324,-13.24,1,0.277
casual_019,casual_prose,5,o200k_base,293,172,0.587,41.3,67,79,1.1791,-17.91,1,0.296
casual_020,casual_prose,1,cl100k_base,294,294,1.0,0.0,70,70,1.0,0.0,1,0.143
casual_020,casual_prose,1,o200k_base,294,294,1.0,0.0,69,69,1.0,0.0,1,0.131
casual_020,casual_prose,2,cl100k_base,294,237,0.8061,19.39,70,64,0.9143,8.57,1,0.22
casual_020,casual_prose,2,o200k_base,294,237,0.8061,19.39,69,63,0.913,8.7,1,0.211
casual_020,casual_prose,3,cl100k_base,294,221,0.7517,24.83,70,60,0.8571,14.29,1,0.22
casual_020,casual_prose,3,o200k_base,294,221,0.7517,24.83,69,59,0.8551,14.49,1,0.237
casual_020,casual_prose,4,cl100k_base,294,182,0.619,38.1,70,80,1.1429,-14.29,1,0.259
casual_020,casual_prose,4,o200k_base,294,182,0.619,38.1,69,81,1.1739,-17.39,1,0.251
casual_020,casual_prose,5,cl100k_base,294,179,0.6088,39.12,70,81,1.1571,-15.71,1,0.278
casual_020,casual_prose,5,o200k_base,294,179,0.6088,39.12,69,82,1.1884,-18.84,1,0.273
casual_021,casual_prose,1,cl100k_base,288,288,1.0,0.0,73,73,1.0,0.0,1,0.149
casual_021,casual_prose,1,o200k_base,288,288,1.0,0.0,72,72,1.0,0.0,1,0.136
casual_021,casual_prose,2,cl100k_base,288,225,0.7812,21.88,73,67,0.9178,8.22,1,0.234
casual_021,casual_prose,2,o200k_base,288,225,0.7812,21.88,72,66,0.9167,8.33,1,0.223
casual_021,casual_prose,3,cl100k_base,288,210,0.7292,27.08,73,62,0.8493,15.07,1,0.234
casual_021,casual_prose,3,o200k_base,288,210,0.7292,27.08,72,61,0.8472,15.28,1,0.227
casual_021,casual_prose,4,cl100k_base,288,179,0.6215,37.85,73,78,1.0685,-6.85,1,0.287
casual_021,casual_prose,4,o200k_base,288,179,0.6215,37.85,72,79,1.0972,-9.72,1,0.263
casual_021,casual_prose,5,cl100k_base,288,173,0.6007,39.93,73,80,1.0959,-9.59,1,0.294
casual_021,casual_prose,5,o200k_base,288,173,0.6007,39.93,72,82,1.1389,-13.89,1,0.286
casual_022,casual_prose,1,cl100k_base,265,265,1.0,0.0,65,65,1.0,0.0,1,0.131
casual_022,casual_prose,1,o200k_base,265,265,1.0,0.0,64,64,1.0,0.0,1,0.122
casual_022,casual_prose,2,cl100k_base,265,218,0.8226,17.74,65,59,0.9077,9.23,1,0.207
casual_022,casual_prose,2,o200k_base,265,218,0.8226,17.74,64,58,0.9062,9.38,1,0.195
casual_022,casual_prose,3,cl100k_base,265,202,0.7623,23.77,65,55,0.8462,15.38,1,0.203
casual_022,casual_prose,3,o200k_base,265,202,0.7623,23.77,64,54,0.8438,15.62,1,0.198
casual_022,casual_prose,4,cl100k_base,265,164,0.6189,38.11,65,75,1.1538,-15.38,1,0.24
casual_022,casual_prose,4,o200k_base,265,164,0.6189,38.11,64,77,1.2031,-20.31,1,0.253
casual_022,casual_prose,5,cl100k_base,265,162,0.6113,38.87,65,75,1.1538,-15.38,1,1.325
casual_022,casual_prose,5,o200k_base,265,162,0.6113,38.87,64,78,1.2188,-21.88,1,0.47
casual_023,casual_prose,1,cl100k_base,278,278,1.0,0.0,70,70,1.0,0.0,1,0.201
casual_023,casual_prose,1,o200k_base,278,278,1.0,0.0,69,69,1.0,0.0,1,0.131
casual_023,casual_prose,2,cl100k_base,278,234,0.8417,15.83,70,64,0.9143,8.57,1,0.231
casual_023,casual_prose,2,o200k_base,278,234,0.8417,15.83,69,63,0.913,8.7,1,0.213
casual_023,casual_prose,3,cl100k_base,278,218,0.7842,21.58,70,60,0.8571,14.29,1,0.385
casual_023,casual_prose,3,o200k_base,278,218,0.7842,21.58,69,59,0.8551,14.49,1,0.229
casual_023,casual_prose,4,cl100k_base,278,185,0.6655,33.45,70,78,1.1143,-11.43,1,0.409
casual_023,casual_prose,4,o200k_base,278,185,0.6655,33.45,69,80,1.1594,-15.94,1,0.255
casual_023,casual_prose,5,cl100k_base,278,181,0.6511,34.89,70,80,1.1429,-14.29,1,0.357
casual_023,casual_prose,5,o200k_base,278,181,0.6511,34.89,69,82,1.1884,-18.84,1,0.294
casual_024,casual_prose,1,cl100k_base,308,308,1.0,0.0,75,75,1.0,0.0,1,0.158
casual_024,casual_prose,1,o200k_base,308,308,1.0,0.0,73,73,1.0,0.0,1,0.14
casual_024,casual_prose,2,cl100k_base,308,244,0.7922,20.78,75,68,0.9067,9.33,1,0.434
casual_024,casual_prose,2,o200k_base,308,244,0.7922,20.78,73,66,0.9041,9.59,1,0.282
casual_024,casual_prose,3,cl100k_base,308,226,0.7338,26.62,75,63,0.84,16.0,1,0.233
casual_024,casual_prose,3,o200k_base,308,226,0.7338,26.62,73,61,0.8356,16.44,1,0.241
casual_024,casual_prose,4,cl100k_base,308,192,0.6234,37.66,75,81,1.08,-8.0,1,0.28
casual_024,casual_prose,4,o200k_base,308,192,0.6234,37.66,73,81,1.1096,-10.96,1,0.269
casual_024,casual_prose,5,cl100k_base,308,185,0.6006,39.94,75,83,1.1067,-10.67,1,0.295
casual_024,casual_prose,5,o200k_base,308,185,0.6006,39.94,73,84,1.1507,-15.07,1,0.285
casual_025,casual_prose,1,cl100k_base,289,289,1.0,0.0,72,72,1.0,0.0,1,0.146
casual_025,casual_prose,1,o200k_base,289,289,1.0,0.0,70,70,1.0,0.0,1,0.134
casual_025,casual_prose,2,cl100k_base,289,225,0.7785,22.15,72,65,0.9028,9.72,1,0.265
casual_025,casual_prose,2,o200k_base,289,225,0.7785,22.15,70,63,0.9,10.0,1,0.22
casual_025,casual_prose,3,cl100k_base,289,205,0.7093,29.07,72,59,0.8194,18.06,1,0.233
casual_025,casual_prose,3,o200k_base,289,205,0.7093,29.07,70,57,0.8143,18.57,1,0.222
casual_025,casual_prose,4,cl100k_base,289,169,0.5848,41.52,72,76,1.0556,-5.56,1,0.263
casual_025,casual_prose,4,o200k_base,289,169,0.5848,41.52,70,76,1.0857,-8.57,1,0.306
casual_025,casual_prose,5,cl100k_base,289,167,0.5779,42.21,72,76,1.0556,-5.56,1,0.293
casual_025,casual_prose,5,o200k_base,289,167,0.5779,42.21,70,77,1.1,-10.0,1,0.28
casual_026,casual_prose,1,cl100k_base,280,280,1.0,0.0,68,68,1.0,0.0,1,0.136
casual_026,casual_prose,1,o200k_base,280,280,1.0,0.0,67,67,1.0,0.0,1,0.127
casual_026,casual_prose,2,cl100k_base,280,223,0.7964,20.36,68,61,0.8971,10.29,1,0.207
casual_026,casual_prose,2,o200k_base,280,223,0.7964,20.36,67,60,0.8955,10.45,1,0.227
casual_026,casual_prose,3,cl100k_base,280,207,0.7393,26.07,68,57,0.8382,16.18,1,0.211
casual_026,casual_prose,3,o200k_base,280,207,0.7393,26.07,67,56,0.8358,16.42,1,0.205
casual_026,casual_prose,4,cl100k_base,280,174,0.6214,37.86,68,75,1.1029,-10.29,1,0.342
casual_026,casual_prose,4,o200k_base,280,174,0.6214,37.86,67,76,1.1343,-13.43,1,0.246
casual_026,casual_prose,5,cl100k_base,280,171,0.6107,38.93,68,75,1.1029,-10.29,1,0.279
casual_026,casual_prose,5,o200k_base,280,171,0.6107,38.93,67,77,1.1493,-14.93,1,0.263
casual_027,casual_prose,1,cl100k_base,314,314,1.0,0.0,75,75,1.0,0.0,1,0.147
casual_027,casual_prose,1,o200k_base,314,314,1.0,0.0,73,73,1.0,0.0,1,0.138
casual_027,casual_prose,2,cl100k_base,314,250,0.7962,20.38,75,68,0.9067,9.33,1,0.23
casual_027,casual_prose,2,o200k_base,314,250,0.7962,20.38,73,66,0.9041,9.59,1,0.248
casual_027,casual_prose,3,cl100k_base,314,232,0.7389,26.11,75,63,0.84,16.0,1,0.232
casual_027,casual_prose,3,o200k_base,314,232,0.7389,26.11,73,61,0.8356,16.44,1,0.228
casual_027,casual_prose,4,cl100k_base,314,194,0.6178,38.22,75,84,1.12,-12.0,1,0.27
casual_027,casual_prose,4,o200k_base,314,194,0.6178,38.22,73,84,1.1507,-15.07,1,0.263
casual_027,casual_prose,5,cl100k_base,314,188,0.5987,40.13,75,86,1.1467,-14.67,1,0.316
casual_027,casual_prose,5,o200k_base,314,188,0.5987,40.13,73,87,1.1918,-19.18,1,0.288
casual_028,casual_prose,1,cl100k_base,302,302,1.0,0.0,74,74,1.0,0.0,1,0.145
casual_028,casual_prose,1,o200k_base,302,302,1.0,0.0,73,73,1.0,0.0,1,0.136
casual_028,casual_prose,2,cl100k_base,302,256,0.8477,15.23,74,69,0.9324,6.76,1,0.226
casual_028,casual_prose,2,o200k_base,302,256,0.8477,15.23,73,68,0.9315,6.85,1,0.221
casual_028,casual_prose,3,cl100k_base,302,240,0.7947,20.53,74,65,0.8784,12.16,1,0.237
casual_028,casual_prose,3,o200k_base,302,240,0.7947,20.53,73,64,0.8767,12.33,1,0.226
casual_028,casual_prose,4,cl100k_base,302,203,0.6722,32.78,74,84,1.1351,-13.51,1,0.267
casual_028,casual_prose,4,o200k_base,302,203,0.6722,32.78,73,85,1.1644,-16.44,1,0.263
casual_028,casual_prose,5,cl100k_base,302,196,0.649,35.1,74,86,1.1622,-16.22,1,0.292
casual_028,casual_prose,5,o200k_base,302,196,0.649,35.1,73,87,1.1918,-19.18,1,0.294
casual_029,casual_prose,1,cl100k_base,280,280,1.0,0.0,68,68,1.0,0.0,1,0.14
casual_029,casual_prose,1,o200k_base,280,280,1.0,0.0,67,67,1.0,0.0,1,0.128
casual_029,casual_prose,2,cl100k_base,280,222,0.7929,20.71,68,61,0.8971,10.29,1,0.221
casual_029,casual_prose,2,o200k_base,280,222,0.7929,20.71,67,60,0.8955,10.45,1,0.21
casual_029,casual_prose,3,cl100k_base,280,204,0.7286,27.14,68,56,0.8235,17.65,1,0.239
casual_029,casual_prose,3,o200k_base,280,204,0.7286,27.14,67,55,0.8209,17.91,1,0.219
casual_029,casual_prose,4,cl100k_base,280,168,0.6,40.0,68,76,1.1176,-11.76,1,0.257
casual_029,casual_prose,4,o200k_base,280,168,0.6,40.0,67,77,1.1493,-14.93,1,0.253
casual_029,casual_prose,5,cl100k_base,280,166,0.5929,40.71,68,76,1.1176,-11.76,1,0.278
casual_029,casual_prose,5,o200k_base,280,166,0.5929,40.71,67,78,1.1642,-16.42,1,0.273
casual_030,casual_prose,1,cl100k_base,281,281,1.0,0.0,68,68,1.0,0.0,1,0.139
casual_030,casual_prose,1,o200k_base,281,281,1.0,0.0,66,66,1.0,0.0,1,0.127
casual_030,casual_prose,2,cl100k_base,281,228,0.8114,18.86,68,62,0.9118,8.82,1,0.213
casual_030,casual_prose,2,o200k_base,281,228,0.8114,18.86,66,60,0.9091,9.09,1,0.204
casual_030,casual_prose,3,cl100k_base,281,212,0.7544,24.56,68,58,0.8529,14.71,1,0.214
casual_030,casual_prose,3,o200k_base,281,212,0.7544,24.56,66,56,0.8485,15.15,1,0.21
casual_030,casual_prose,4,cl100k_base,281,176,0.6263,37.37,68,78,1.1471,-14.71,1,0.258
casual_030,casual_prose,4,o200k_base,281,176,0.6263,37.37,66,79,1.197,-19.7,1,0.243
casual_030,casual_prose,5,cl100k_base,281,172,0.6121,38.79,68,80,1.1765,-17.65,1,0.272
casual_030,casual_prose,5,o200k_base,281,172,0.6121,38.79,66,82,1.2424,-24.24,1,0.266
casual_031,casual_prose,1,cl100k_base,260,260,1.0,0.0,65,65,1.0,0.0,1,0.223
casual_031,casual_prose,1,o200k_base,260,260,1.0,0.0,64,64,1.0,0.0,1,0.135
casual_031,casual_prose,2,cl100k_base,260,200,0.7692,23.08,65,59,0.9077,9.23,1,0.227
casual_031,casual_prose,2,o200k_base,260,200,0.7692,23.08,64,58,0.9062,9.38,1,0.211
casual_031,casual_prose,3,cl100k_base,260,187,0.7192,28.08,65,55,0.8462,15.38,1,0.211
casual_031,casual_prose,3,o200k_base,260,187,0.7192,28.08,64,54,0.8438,15.62,1,0.268
casual_031,casual_prose,4,cl100k_base,260,159,0.6115,38.85,65,69,1.0615,-6.15,1,0.27
casual_031,casual_prose,4,o200k_base,260,159,0.6115,38.85,64,70,1.0938,-9.38,1,0.267
casual_031,casual_prose,5,cl100k_base,260,154,0.5923,40.77,65,71,1.0923,-9.23,1,0.286
casual_031,casual_prose,5,o200k_base,260,154,0.5923,40.77,64,73,1.1406,-14.06,1,0.275
casual_032,casual_prose,1,cl100k_base,296,296,1.0,0.0,71,71,1.0,0.0,1,0.2
casual_032,casual_prose,1,o200k_base,296,296,1.0,0.0,69,69,1.0,0.0,1,0.134
casual_032,casual_prose,2,cl100k_base,296,232,0.7838,21.62,71,64,0.9014,9.86,1,0.237
casual_032,casual_prose,2,o200k_base,296,232,0.7838,21.62,69,62,0.8986,10.14,1,0.223
casual_032,casual_prose,3,cl100k_base,296,212,0.7162,28.38,71,58,0.8169,18.31,1,0.232
casual_032,casual_prose,3,o200k_base,296,212,0.7162,28.38,69,56,0.8116,18.84,1,0.223
casual_032,casual_prose,4,cl100k_base,296,174,0.5878,41.22,71,78,1.0986,-9.86,1,0.29
casual_032,casual_prose,4,o200k_base,296,174,0.5878,41.22,69,78,1.1304,-13.04,1,0.261
casual_032,casual_prose,5,cl100k_base,296,172,0.5811,41.89,71,78,1.0986,-9.86,1,0.291
casual_032,casual_prose,5,o200k_base,296,172,0.5811,41.89,69,79,1.1449,-14.49,1,0.283
casual_033,casual_prose,1,cl100k_base,267,267,1.0,0.0,67,67,1.0,0.0,1,0.137
casual_033,casual_prose,1,o200k_base,267,267,1.0,0.0,65,65,1.0,0.0,1,0.149
casual_033,casual_prose,2,cl100k_base,267,202,0.7566,24.34,67,61,0.9104,8.96,1,0.208
casual_033,casual_prose,2,o200k_base,267,202,0.7566,24.34,65,59,0.9077,9.23,1,0.2
casual_033,casual_prose,3,cl100k_base,267,187,0.7004,29.96,67,56,0.8358,16.42,1,0.206
casual_033,casual_prose,3,o200k_base,267,187,0.7004,29.96,65,54,0.8308,16.92,1,0.201
casual_033,casual_prose,4,cl100k_base,267,157,0.588,41.2,67,73,1.0896,-8.96,1,0.236
casual_033,casual_prose,4,o200k_base,267,157,0.588,41.2,65,73,1.1231,-12.31,1,0.258
casual_033,casual_prose,5,cl100k_base,267,152,0.5693,43.07,67,73,1.0896,-8.96,1,0.257
casual_033,casual_prose,5,o200k_base,267,152,0.5693,43.07,65,74,1.1385,-13.85,1,0.25
casual_034,casual_prose,1,cl100k_base,291,291,1.0,0.0,69,69,1.0,0.0,1,0.138
casual_034,casual_prose,1,o200k_base,291,291,1.0,0.0,67,67,1.0,0.0,1,0.128
casual_034,casual_prose,2,cl100k_base,291,216,0.7423,25.77,69,62,0.8986,10.14,1,0.21
casual_034,casual_prose,2,o200k_base,291,216,0.7423,25.77,67,60,0.8955,10.45,1,0.217
casual_034,casual_prose,3,cl100k_base,291,201,0.6907,30.93,69,57,0.8261,17.39,1,0.213
casual_034,casual_prose,3,o200k_base,291,201,0.6907,30.93,67,55,0.8209,17.91,1,0.209
casual_034,casual_prose,4,cl100k_base,291,169,0.5808,41.92,69,76,1.1014,-10.14,1,0.247
casual_034,casual_prose,4,o200k_base,291,169,0.5808,41.92,67,76,1.1343,-13.43,1,0.242
casual_034,casual_prose,5,cl100k_base,291,166,0.5704,42.96,69,77,1.1159,-11.59,1,0.288
casual_034,casual_prose,5,o200k_base,291,166,0.5704,42.96,67,78,1.1642,-16.42,1,0.265
casual_035,casual_prose,1,cl100k_base,281,281,1.0,0.0,67,67,1.0,0.0,1,0.133
casual_035,casual_prose,1,o200k_base,281,281,1.0,0.0,66,66,1.0,0.0,1,0.125
casual_035,casual_prose,2,cl100k_base,281,224,0.7972,20.28,67,60,0.8955,10.45,1,0.204
casual_035,casual_prose,2,o200k_base,281,224,0.7972,20.28,66,59,0.8939,10.61,1,0.198
casual_035,casual_prose,3,cl100k_base,281,208,0.7402,25.98,67,56,0.8358,16.42,1,0.274
casual_035,casual_prose,3,o200k_base,281,208,0.7402,25.98,66,55,0.8333,16.67,1,0.427
casual_035,casual_prose,4,cl100k_base,281,172,0.6121,38.79,67,78,1.1642,-16.42,1,0.29
casual_035,casual_prose,4,o200k_base,281,172,0.6121,38.79,66,79,1.197,-19.7,1,0.25
casual_035,casual_prose,5,cl100k_base,281,170,0.605,39.5,67,78,1.1642,-16.42,1,0.377
casual_035,casual_prose,5,o200k_base,281,170,0.605,39.5,66,80,1.2121,-21.21,1,0.279
casual_036,casual_prose,1,cl100k_base,273,273,1.0,0.0,68,68,1.0,0.0,1,0.142
casual_036,casual_prose,1,o200k_base,273,273,1.0,0.0,66,66,1.0,0.0,1,0.126
casual_036,casual_prose,2,cl100k_base,273,225,0.8242,17.58,68,62,0.9118,8.82,1,0.209
casual_036,casual_prose,2,o200k_base,273,225,0.8242,17.58,66,60,0.9091,9.09,1,0.235
casual_036,casual_prose,3,cl100k_base,273,209,0.7656,23.44,68,58,0.8529,14.71,1,0.212
casual_036,casual_prose,3,o200k_base,273,209,0.7656,23.44,66,56,0.8485,15.15,1,0.207
casual_036,casual_prose,4,cl100k_base,273,175,0.641,35.9,68,79,1.1618,-16.18,1,0.25
casual_036,casual_prose,4,o200k_base,273,175,0.641,35.9,66,79,1.197,-19.7,1,0.242
casual_036,casual_prose,5,cl100k_base,273,170,0.6227,37.73,68,79,1.1618,-16.18,1,0.424
casual_036,casual_prose,5,o200k_base,273,170,0.6227,37.73,66,80,1.2121,-21.21,1,0.301
casual_037,casual_prose,1,cl100k_base,302,302,1.0,0.0,74,74,1.0,0.0,1,0.149
casual_037,casual_prose,1,o200k_base,302,302,1.0,0.0,73,73,1.0,0.0,1,0.136
casual_037,casual_prose,2,cl100k_base,302,255,0.8444,15.56,74,68,0.9189,8.11,1,0.229
casual_037,casual_prose,2,o200k_base,302,255,0.8444,15.56,73,67,0.9178,8.22,1,0.257
casual_037,casual_prose,3,cl100k_base,302,239,0.7914,20.86,74,64,0.8649,13.51,1,0.232
casual_037,casual_prose,3,o200k_base,302,239,0.7914,20.86,73,63,0.863,13.7,1,0.229
casual_037,casual_prose,4,cl100k_base,302,202,0.6689,33.11,74,87,1.1757,-17.57,1,0.275
casual_037,casual_prose,4,o200k_base,302,202,0.6689,33.11,73,88,1.2055,-20.55,1,0.265
casual_037,casual_prose,5,cl100k_base,302,193,0.6391,36.09,74,90,1.2162,-21.62,1,0.322
casual_037,casual_prose,5,o200k_base,302,193,0.6391,36.09,73,92,1.2603,-26.03,1,0.292
casual_038,casual_prose,1,cl100k_base,276,276,1.0,0.0,69,69,1.0,0.0,1,0.137
casual_038,casual_prose,1,o200k_base,276,276,1.0,0.0,67,67,1.0,0.0,1,0.127
casual_038,casual_prose,2,cl100k_base,276,227,0.8225,17.75,69,63,0.913,8.7,1,0.21
casual_038,casual_prose,2,o200k_base,276,227,0.8225,17.75,67,61,0.9104,8.96,1,0.203
casual_038,casual_prose,3,cl100k_base,276,209,0.7572,24.28,69,58,0.8406,15.94,1,0.219
casual_038,casual_prose,3,o200k_base,276,209,0.7572,24.28,67,56,0.8358,16.42,1,0.208
casual_038,casual_prose,4,cl100k_base,276,170,0.6159,38.41,69,80,1.1594,-15.94,1,0.249
casual_038,casual_prose,4,o200k_base,276,170,0.6159,38.41,67,80,1.194,-19.4,1,0.243
casual_038,casual_prose,5,cl100k_base,276,168,0.6087,39.13,69,80,1.1594,-15.94,1,0.271
casual_038,casual_prose,5,o200k_base,276,168,0.6087,39.13,67,81,1.209,-20.9,1,0.288
casual_039,casual_prose,1,cl100k_base,272,272,1.0,0.0,67,67,1.0,0.0,1,0.133
casual_039,casual_prose,1,o200k_base,272,272,1.0,0.0,65,65,1.0,0.0,1,0.125
casual_039,casual_prose,2,cl100k_base,272,224,0.8235,17.65,67,61,0.9104,8.96,1,0.205
casual_039,casual_prose,2,o200k_base,272,224,0.8235,17.65,65,59,0.9077,9.23,1,0.199
casual_039,casual_prose,3,cl100k_base,272,208,0.7647,23.53,67,57,0.8507,14.93,1,0.207
casual_039,casual_prose,3,o200k_base,272,208,0.7647,23.53,65,55,0.8462,15.38,1,0.222
casual_039,casual_prose,4,cl100k_base,272,175,0.6434,35.66,67,77,1.1493,-14.93,1,0.884
casual_039,casual_prose,4,o200k_base,272,175,0.6434,35.66,65,77,1.1846,-18.46,1,0.321
casual_039,casual_prose,5,cl100k_base,272,171,0.6287,37.13,67,78,1.1642,-16.42,1,0.31
casual_039,casual_prose,5,o200k_base,272,171,0.6287,37.13,65,79,1.2154,-21.54,1,0.271
casual_040,casual_prose,1,cl100k_base,261,261,1.0,0.0,68,68,1.0,0.0,1,0.201
casual_040,casual_prose,1,o200k_base,261,261,1.0,0.0,66,66,1.0,0.0,1,0.129
casual_040,casual_prose,2,cl100k_base,261,212,0.8123,18.77,68,62,0.9118,8.82,1,0.229
casual_040,casual_prose,2,o200k_base,261,212,0.8123,18.77,66,60,0.9091,9.09,1,0.202
casual_040,casual_prose,3,cl100k_base,261,194,0.7433,25.67,68,57,0.8382,16.18,1,0.211
casual_040,casual_prose,3,o200k_base,261,194,0.7433,25.67,66,55,0.8333,16.67,1,0.205
casual_040,casual_prose,4,cl100k_base,261,162,0.6207,37.93,68,76,1.1176,-11.76,1,0.257
casual_040,casual_prose,4,o200k_base,261,162,0.6207,37.93,66,76,1.1515,-15.15,1,0.278
casual_040,casual_prose,5,cl100k_base,261,158,0.6054,39.46,68,75,1.1029,-10.29,1,0.273
casual_040,casual_prose,5,o200k_base,261,158,0.6054,39.46,66,76,1.1515,-15.15,1,0.259
casual_041,casual_prose,1,cl100k_base,294,294,1.0,0.0,71,71,1.0,0.0,1,0.169
casual_041,casual_prose,1,o200k_base,294,294,1.0,0.0,68,68,1.0,0.0,1,0.14
casual_041,casual_prose,2,cl100k_base,294,246,0.8367,16.33,71,65,0.9155,8.45,1,0.298
casual_041,casual_prose,2,o200k_base,294,246,0.8367,16.33,68,62,0.9118,8.82,1,0.231
casual_041,casual_prose,3,cl100k_base,294,230,0.7823,21.77,71,61,0.8592,14.08,1,0.272
casual_041,casual_prose,3,o200k_base,294,230,0.7823,21.77,68,58,0.8529,14.71,1,0.227
casual_041,casual_prose,4,cl100k_base,294,193,0.6565,34.35,71,82,1.1549,-15.49,1,0.332
casual_041,casual_prose,4,o200k_base,294,193,0.6565,34.35,68,82,1.2059,-20.59,1,0.31
casual_041,casual_prose,5,cl100k_base,294,188,0.6395,36.05,71,85,1.1972,-19.72,1,0.297
casual_041,casual_prose,5,o200k_base,294,188,0.6395,36.05,68,86,1.2647,-26.47,1,0.285
casual_042,casual_prose,1,cl100k_base,287,287,1.0,0.0,67,67,1.0,0.0,1,0.136
casual_042,casual_prose,1,o200k_base,287,287,1.0,0.0,66,66,1.0,0.0,1,0.126
casual_042,casual_prose,2,cl100k_base,287,220,0.7666,23.34,67,60,0.8955,10.45,1,0.207
casual_042,casual_prose,2,o200k_base,287,220,0.7666,23.34,66,59,0.8939,10.61,1,0.205
casual_042,casual_prose,3,cl100k_base,287,204,0.7108,28.92,67,56,0.8358,16.42,1,0.21
casual_042,casual_prose,3,o200k_base,287,204,0.7108,28.92,66,55,0.8333,16.67,1,0.205
casual_042,casual_prose,4,cl100k_base,287,171,0.5958,40.42,67,76,1.1343,-13.43,1,0.247
casual_042,casual_prose,4,o200k_base,287,171,0.5958,40.42,66,77,1.1667,-16.67,1,0.241
casual_042,casual_prose,5,cl100k_base,287,169,0.5889,41.11,67,76,1.1343,-13.43,1,0.29
casual_042,casual_prose,5,o200k_base,287,169,0.5889,41.11,66,78,1.1818,-18.18,1,0.262
casual_043,casual_prose,1,cl100k_base,273,273,1.0,0.0,69,69,1.0,0.0,1,0.135
casual_043,casual_prose,1,o200k_base,273,273,1.0,0.0,67,67,1.0,0.0,1,0.126
casual_043,casual_prose,2,cl100k_base,273,221,0.8095,19.05,69,63,0.913,8.7,1,0.207
casual_043,casual_prose,2,o200k_base,273,221,0.8095,19.05,67,61,0.9104,8.96,1,0.202
casual_043,casual_prose,3,cl100k_base,273,205,0.7509,24.91,69,59,0.8551,14.49,1,0.233
casual_043,casual_prose,3,o200k_base,273,205,0.7509,24.91,67,57,0.8507,14.93,1,0.21
casual_043,casual_prose,4,cl100k_base,273,173,0.6337,36.63,69,76,1.1014,-10.14,1,0.253
casual_043,casual_prose,4,o200k_base,273,173,0.6337,36.63,67,76,1.1343,-13.43,1,0.243
casual_043,casual_prose,5,cl100k_base,273,167,0.6117,38.83,69,76,1.1014,-10.14,1,0.27
casual_043,casual_prose,5,o200k_base,273,167,0.6117,38.83,67,77,1.1493,-14.93,1,0.289
casual_044,casual_prose,1,cl100k_base,304,304,1.0,0.0,74,74,1.0,0.0,1,0.146
casual_044,casual_prose,1,o200k_base,304,304,1.0,0.0,73,73,1.0,0.0,1,0.136
casual_044,casual_prose,2,cl100k_base,304,257,0.8454,15.46,74,68,0.9189,8.11,1,0.233
casual_044,casual_prose,2,o200k_base,304,257,0.8454,15.46,73,67,0.9178,8.22,1,0.222
casual_044,casual_prose,3,cl100k_base,304,241,0.7928,20.72,74,64,0.8649,13.51,1,0.23
casual_044,casual_prose,3,o200k_base,304,241,0.7928,20.72,73,63,0.863,13.7,1,0.252
casual_044,casual_prose,4,cl100k_base,304,206,0.6776,32.24,74,85,1.1486,-14.86,1,0.272
casual_044,casual_prose,4,o200k_base,304,206,0.6776,32.24,73,87,1.1918,-19.18,1,0.262
casual_044,casual_prose,5,cl100k_base,304,197,0.648,35.2,74,88,1.1892,-18.92,1,0.296
casual_044,casual_prose,5,o200k_base,304,197,0.648,35.2,73,91,1.2466,-24.66,1,0.289
casual_045,casual_prose,1,cl100k_base,300,300,1.0,0.0,73,73,1.0,0.0,1,0.148
casual_045,casual_prose,1,o200k_base,300,300,1.0,0.0,71,71,1.0,0.0,1,0.133
casual_045,casual_prose,2,cl100k_base,300,242,0.8067,19.33,73,66,0.9041,9.59,1,0.221
casual_045,casual_prose,2,o200k_base,300,242,0.8067,19.33,71,64,0.9014,9.86,1,0.215
casual_045,casual_prose,3,cl100k_base,300,226,0.7533,24.67,73,62,0.8493,15.07,1,0.222
casual_045,casual_prose,3,o200k_base,300,226,0.7533,24.67,71,60,0.8451,15.49,1,0.218
casual_045,casual_prose,4,cl100k_base,300,190,0.6333,36.67,73,84,1.1507,-15.07,1,0.27
casual_045,casual_prose,4,o200k_base,300,190,0.6333,36.67,71,85,1.1972,-19.72,1,0.258
casual_045,casual_prose,5,cl100k_base,300,187,0.6233,37.67,73,85,1.1644,-16.44,1,0.288
casual_045,casual_prose,5,o200k_base,300,187,0.6233,37.67,71,87,1.2254,-22.54,1,0.281
casual_046,casual_prose,1,cl100k_base,305,305,1.0,0.0,72,72,1.0,0.0,1,0.142
casual_046,casual_prose,1,o200k_base,305,305,1.0,0.0,71,71,1.0,0.0,1,0.137
casual_046,casual_prose,2,cl100k_base,305,243,0.7967,20.33,72,65,0.9028,9.72,1,0.223
casual_046,casual_prose,2,o200k_base,305,243,0.7967,20.33,71,64,0.9014,9.86,1,0.215
casual_046,casual_prose,3,cl100k_base,305,227,0.7443,25.57,72,61,0.8472,15.28,1,0.224
casual_046,casual_prose,3,o200k_base,305,227,0.7443,25.57,71,60,0.8451,15.49,1,0.22
casual_046,casual_prose,4,cl100k_base,305,189,0.6197,38.03,72,82,1.1389,-13.89,1,0.281
casual_046,casual_prose,4,o200k_base,305,189,0.6197,38.03,71,83,1.169,-16.9,1,0.258
casual_046,casual_prose,5,cl100k_base,305,183,0.6,40.0,72,84,1.1667,-16.67,1,0.286
casual_046,casual_prose,5,o200k_base,305,183,0.6,40.0,71,86,1.2113,-21.13,1,0.28
casual_047,casual_prose,1,cl100k_base,290,290,1.0,0.0,70,70,1.0,0.0,1,0.138
casual_047,casual_prose,1,o200k_base,290,290,1.0,0.0,68,68,1.0,0.0,1,0.129
casual_047,casual_prose,2,cl100k_base,290,231,0.7966,20.34,70,63,0.9,10.0,1,0.219
casual_047,casual_prose,2,o200k_base,290,231,0.7966,20.34,68,61,0.8971,10.29,1,0.207
casual_047,casual_prose,3,cl100k_base,290,213,0.7345,26.55,70,58,0.8286,17.14,1,0.214
casual_047,casual_prose,3,o200k_base,290,213,0.7345,26.55,68,56,0.8235,17.65,1,0.211
casual_047,casual_prose,4,cl100k_base,290,177,0.6103,38.97,70,80,1.1429,-14.29,1,0.506
casual_047,casual_prose,4,o200k_base,290,177,0.6103,38.97,68,80,1.1765,-17.65,1,0.287
casual_047,casual_prose,5,cl100k_base,290,175,0.6034,39.66,70,80,1.1429,-14.29,1,0.327
casual_047,casual_prose,5,o200k_base,290,175,0.6034,39.66,68,81,1.1912,-19.12,1,0.288
casual_048,casual_prose,1,cl100k_base,255,255,1.0,0.0,66,66,1.0,0.0,1,0.189
casual_048,casual_prose,1,o200k_base,255,255,1.0,0.0,65,65,1.0,0.0,1,0.123
casual_048,casual_prose,2,cl100k_base,255,201,0.7882,21.18,66,60,0.9091,9.09,1,0.214
casual_048,casual_prose,2,o200k_base,255,201,0.7882,21.18,65,59,0.9077,9.23,1,0.233
casual_048,casual_prose,3,cl100k_base,255,185,0.7255,27.45,66,56,0.8485,15.15,1,0.214
casual_048,casual_prose,3,o200k_base,255,185,0.7255,27.45,65,55,0.8462,15.38,1,0.214
casual_048,casual_prose,4,cl100k_base,255,160,0.6275,37.25,66,70,1.0606,-6.06,1,1.033
casual_048,casual_prose,4,o200k_base,255,160,0.6275,37.25,65,71,1.0923,-9.23,1,0.475
casual_048,casual_prose,5,cl100k_base,255,154,0.6039,39.61,66,70,1.0606,-6.06,1,0.305
casual_048,casual_prose,5,o200k_base,255,154,0.6039,39.61,65,72,1.1077,-10.77,1,0.257
casual_049,casual_prose,1,cl100k_base,301,301,1.0,0.0,76,76,1.0,0.0,1,0.151
casual_049,casual_prose,1,o200k_base,301,301,1.0,0.0,74,74,1.0,0.0,1,0.138
casual_049,casual_prose,2,cl100k_base,301,247,0.8206,17.94,76,69,0.9079,9.21,1,0.255
casual_049,casual_prose,2,o200k_base,301,247,0.8206,17.94,74,67,0.9054,9.46,1,0.359
casual_049,casual_prose,3,cl100k_base,301,229,0.7608,23.92,76,64,0.8421,15.79,1,0.241
casual_049,casual_prose,3,o200k_base,301,229,0.7608,23.92,74,62,0.8378,16.22,1,0.229
casual_049,casual_prose,4,cl100k_base,301,194,0.6445,35.55,76,82,1.0789,-7.89,1,0.277
casual_049,casual_prose,4,o200k_base,301,194,0.6445,35.55,74,82,1.1081,-10.81,1,0.328
casual_049,casual_prose,5,cl100k_base,301,188,0.6246,37.54,76,84,1.1053,-10.53,1,0.297
casual_049,casual_prose,5,o200k_base,301,188,0.6246,37.54,74,85,1.1486,-14.86,1,0.288
casual_050,casual_prose,1,cl100k_base,288,288,1.0,0.0,69,69,1.0,0.0,1,0.137
casual_050,casual_prose,1,o200k_base,288,288,1.0,0.0,67,67,1.0,0.0,1,0.129
casual_050,casual_prose,2,cl100k_base,288,214,0.7431,25.69,69,62,0.8986,10.14,1,0.236
casual_050,casual_prose,2,o200k_base,288,214,0.7431,25.69,67,60,0.8955,10.45,1,0.207
casual_050,casual_prose,3,cl100k_base,288,201,0.6979,30.21,69,58,0.8406,15.94,1,0.214
casual_050,casual_prose,3,o200k_base,288,201,0.6979,30.21,67,56,0.8358,16.42,1,0.208
casual_050,casual_prose,4,cl100k_base,288,173,0.6007,39.93,69,75,1.087,-8.7,1,0.249
casual_050,casual_prose,4,o200k_base,288,173,0.6007,39.93,67,75,1.1194,-11.94,1,0.241
casual_050,casual_prose,5,cl100k_base,288,168,0.5833,41.67,69,77,1.1159,-11.59,1,0.277
casual_050,casual_prose,5,o200k_base,288,168,0.5833,41.67,67,78,1.1642,-16.42,1,0.263
casual_051,casual_prose,1,cl100k_base,291,291,1.0,0.0,72,72,1.0,0.0,1,0.142
casual_051,casual_prose,1,o200k_base,291,291,1.0,0.0,69,69,1.0,0.0,1,0.132
casual_051,casual_prose,2,cl100k_base,291,232,0.7973,20.27,72,66,0.9167,8.33,1,0.217
casual_051,casual_prose,2,o200k_base,291,232,0.7973,20.27,69,63,0.913,8.7,1,0.212
casual_051,casual_prose,3,cl100k_base,291,214,0.7354,26.46,72,61,0.8472,15.28,1,0.236
casual_051,casual_prose,3,o200k_base,291,214,0.7354,26.46,69,58,0.8406,15.94,1,0.218
casual_051,casual_prose,4,cl100k_base,291,178,0.6117,38.83,72,78,1.0833,-8.33,1,0.257
casual_051,casual_prose,4,o200k_base,291,178,0.6117,38.83,69,78,1.1304,-13.04,1,0.249
casual_051,casual_prose,5,cl100k_base,291,174,0.5979,40.21,72,80,1.1111,-11.11,1,0.301
casual_051,casual_prose,5,o200k_base,291,174,0.5979,40.21,69,81,1.1739,-17.39,1,0.275
casual_052,casual_prose,1,cl100k_base,283,283,1.0,0.0,70,70,1.0,0.0,1,0.138
casual_052,casual_prose,1,o200k_base,283,283,1.0,0.0,69,69,1.0,0.0,1,0.129
casual_052,casual_prose,2,cl100k_base,283,225,0.7951,20.49,70,63,0.9,10.0,1,0.211
casual_052,casual_prose,2,o200k_base,283,225,0.7951,20.49,69,62,0.8986,10.14,1,0.206
casual_052,casual_prose,3,cl100k_base,283,209,0.7385,26.15,70,59,0.8429,15.71,1,0.233
casual_052,casual_prose,3,o200k_base,283,209,0.7385,26.15,69,58,0.8406,15.94,1,0.213
casual_052,casual_prose,4,cl100k_base,283,175,0.6184,38.16,70,76,1.0857,-8.57,1,0.249
casual_052,casual_prose,4,o200k_base,283,175,0.6184,38.16,69,77,1.1159,-11.59,1,0.244
casual_052,casual_prose,5,cl100k_base,283,172,0.6078,39.22,70,77,1.1,-10.0,1,0.282
casual_052,casual_prose,5,o200k_base,283,172,0.6078,39.22,69,79,1.1449,-14.49,1,0.289
casual_053,casual_prose,1,cl100k_base,297,297,1.0,0.0,73,73,1.0,0.0,1,0.144
casual_053,casual_prose,1,o200k_base,297,297,1.0,0.0,71,71,1.0,0.0,1,0.134
casual_053,casual_prose,2,cl100k_base,297,248,0.835,16.5,73,67,0.9178,8.22,1,0.222
casual_053,casual_prose,2,o200k_base,297,248,0.835,16.5,71,65,0.9155,8.45,1,0.216
casual_053,casual_prose,3,cl100k_base,297,230,0.7744,22.56,73,62,0.8493,15.07,1,0.225
casual_053,casual_prose,3,o200k_base,297,230,0.7744,22.56,71,60,0.8451,15.49,1,0.243
casual_053,casual_prose,4,cl100k_base,297,192,0.6465,35.35,73,82,1.1233,-12.33,1,0.267
casual_053,casual_prose,4,o200k_base,297,192,0.6465,35.35,71,82,1.1549,-15.49,1,0.26
casual_053,casual_prose,5,cl100k_base,297,189,0.6364,36.36,73,83,1.137,-13.7,1,0.449
casual_053,casual_prose,5,o200k_base,297,189,0.6364,36.36,71,83,1.169,-16.9,1,0.295
casual_054,casual_prose,1,cl100k_base,273,273,1.0,0.0,67,67,1.0,0.0,1,0.138
casual_054,casual_prose,1,o200k_base,273,273,1.0,0.0,65,65,1.0,0.0,1,0.125
casual_054,casual_prose,2,cl100k_base,273,226,0.8278,17.22,67,61,0.9104,8.96,1,0.209
casual_054,casual_prose,2,o200k_base,273,226,0.8278,17.22,65,59,0.9077,9.23,1,0.236
casual_054,casual_prose,3,cl100k_base,273,210,0.7692,23.08,67,57,0.8507,14.93,1,0.209
casual_054,casual_prose,3,o200k_base,273,210,0.7692,23.08,65,55,0.8462,15.38,1,0.205
casual_054,casual_prose,4,cl100k_base,273,174,0.6374,36.26,67,78,1.1642,-16.42,1,0.247
casual_054,casual_prose,4,o200k_base,273,174,0.6374,36.26,65,79,1.2154,-21.54,1,0.24
casual_054,casual_prose,5,cl100k_base,273,170,0.6227,37.73,67,80,1.194,-19.4,1,0.289
casual_054,casual_prose,5,o200k_base,273,170,0.6227,37.73,65,82,1.2615,-26.15,1,0.266
casual_055,casual_prose,1,cl100k_base,287,287,1.0,0.0,70,70,1.0,0.0,1,0.139
casual_055,casual_prose,1,o200k_base,287,287,1.0,0.0,69,69,1.0,0.0,1,0.129
casual_055,casual_prose,2,cl100k_base,287,235,0.8188,18.12,70,64,0.9143,8.57,1,0.214
casual_055,casual_prose,2,o200k_base,287,235,0.8188,18.12,69,63,0.913,8.7,1,0.209
casual_055,casual_prose,3,cl100k_base,287,219,0.7631,23.69,70,60,0.8571,14.29,1,0.263
casual_055,casual_prose,3,o200k_base,287,219,0.7631,23.69,69,59,0.8551,14.49,1,0.23
casual_055,casual_prose,4,cl100k_base,287,186,0.6481,35.19,70,79,1.1286,-12.86,1,0.263
casual_055,casual_prose,4,o200k_base,287,186,0.6481,35.19,69,81,1.1739,-17.39,1,0.252
casual_055,casual_prose,5,cl100k_base,287,180,0.6272,37.28,70,80,1.1429,-14.29,1,0.28
casual_055,casual_prose,5,o200k_base,287,180,0.6272,37.28,69,83,1.2029,-20.29,1,0.281
casual_056,casual_prose,1,cl100k_base,293,293,1.0,0.0,71,71,1.0,0.0,1,0.14
casual_056,casual_prose,1,o200k_base,293,293,1.0,0.0,68,68,1.0,0.0,1,0.131
casual_056,casual_prose,2,cl100k_base,293,245,0.8362,16.38,71,65,0.9155,8.45,1,0.217
casual_056,casual_prose,2,o200k_base,293,245,0.8362,16.38,68,62,0.9118,8.82,1,0.212
casual_056,casual_prose,3,cl100k_base,293,229,0.7816,21.84,71,61,0.8592,14.08,1,0.22
casual_056,casual_prose,3,o200k_base,293,229,0.7816,21.84,68,58,0.8529,14.71,1,0.221
casual_056,casual_prose,4,cl100k_base,293,192,0.6553,34.47,71,82,1.1549,-15.49,1,0.262
casual_056,casual_prose,4,o200k_base,293,192,0.6553,34.47,68,82,1.2059,-20.59,1,0.255
casual_056,casual_prose,5,cl100k_base,293,187,0.6382,36.18,71,85,1.1972,-19.72,1,0.286
casual_056,casual_prose,5,o200k_base,293,187,0.6382,36.18,68,86,1.2647,-26.47,1,0.279
casual_057,casual_prose,1,cl100k_base,285,285,1.0,0.0,71,71,1.0,0.0,1,0.145
casual_057,casual_prose,1,o200k_base,285,285,1.0,0.0,70,70,1.0,0.0,1,0.131
casual_057,casual_prose,2,cl100k_base,285,232,0.814,18.6,71,65,0.9155,8.45,1,0.231
casual_057,casual_prose,2,o200k_base,285,232,0.814,18.6,70,64,0.9143,8.57,1,1.18
casual_057,casual_prose,3,cl100k_base,285,214,0.7509,24.91,71,60,0.8451,15.49,1,0.293
casual_057,casual_prose,3,o200k_base,285,214,0.7509,24.91,70,59,0.8429,15.71,1,0.247
casual_057,casual_prose,4,cl100k_base,285,181,0.6351,36.49,71,78,1.0986,-9.86,1,0.283
casual_057,casual_prose,4,o200k_base,285,181,0.6351,36.49,70,79,1.1286,-12.86,1,0.263
casual_057,casual_prose,5,cl100k_base,285,175,0.614,38.6,71,79,1.1127,-11.27,1,0.296
casual_057,casual_prose,5,o200k_base,285,175,0.614,38.6,70,81,1.1571,-15.71,1,0.324
casual_058,casual_prose,1,cl100k_base,268,268,1.0,0.0,67,67,1.0,0.0,1,0.139
casual_058,casual_prose,1,o200k_base,268,268,1.0,0.0,65,65,1.0,0.0,1,0.124
casual_058,casual_prose,2,cl100k_base,268,204,0.7612,23.88,67,61,0.9104,8.96,1,0.251
casual_058,casual_prose,2,o200k_base,268,204,0.7612,23.88,65,59,0.9077,9.23,1,0.204
casual_058,casual_prose,3,cl100k_base,268,191,0.7127,28.73,67,57,0.8507,14.93,1,0.234
casual_058,casual_prose,3,o200k_base,268,191,0.7127,28.73,65,55,0.8462,15.38,1,0.271
casual_058,casual_prose,4,cl100k_base,268,165,0.6157,38.43,67,72,1.0746,-7.46,1,0.302
casual_058,casual_prose,4,o200k_base,268,165,0.6157,38.43,65,72,1.1077,-10.77,1,0.244
casual_058,casual_prose,5,cl100k_base,268,158,0.5896,41.04,67,73,1.0896,-8.96,1,0.376
casual_058,casual_prose,5,o200k_base,268,158,0.5896,41.04,65,74,1.1385,-13.85,1,0.287
casual_059,casual_prose,1,cl100k_base,270,270,1.0,0.0,71,71,1.0,0.0,1,0.138
casual_059,casual_prose,1,o200k_base,270,270,1.0,0.0,69,69,1.0,0.0,1,0.128
casual_059,casual_prose,2,cl100k_base,270,211,0.7815,21.85,71,65,0.9155,8.45,1,0.58
casual_059,casual_prose,2,o200k_base,270,211,0.7815,21.85,69,63,0.913,8.7,1,0.309
casual_059,casual_prose,3,cl100k_base,270,193,0.7148,28.52,71,60,0.8451,15.49,1,0.226
casual_059,casual_prose,3,o200k_base,270,193,0.7148,28.52,69,58,0.8406,15.94,1,0.211
casual_059,casual_prose,4,cl100k_base,270,166,0.6148,38.52,71,75,1.0563,-5.63,1,0.256
casual_059,casual_prose,4,o200k_base,270,166,0.6148,38.52,69,75,1.087,-8.7,1,0.404
casual_059,casual_prose,5,cl100k_base,270,161,0.5963,40.37,71,74,1.0423,-4.23,1,0.277
casual_059,casual_prose,5,o200k_base,270,161,0.5963,40.37,69,75,1.087,-8.7,1,0.262
casual_060,casual_prose,1,cl100k_base,168,168,1.0,0.0,49,49,1.0,0.0,1,0.11
casual_060,casual_prose,1,o200k_base,168,168,1.0,0.0,49,49,1.0,0.0,1,0.096
casual_060,casual_prose,2,cl100k_base,168,147,0.875,12.5,49,48,0.9796,2.04,1,0.203
casual_060,casual_prose,2,o200k_base,168,147,0.875,12.5,49,48,0.9796,2.04,1,0.159
casual_060,casual_prose,3,cl100k_base,168,140,0.8333,16.67,49,45,0.9184,8.16,1,0.166
casual_060,casual_prose,3,o200k_base,168,140,0.8333,16.67,49,45,0.9184,8.16,1,0.162
casual_060,casual_prose,4,cl100k_base,168,116,0.6905,30.95,49,62,1.2653,-26.53,1,0.2
casual_060,casual_prose,4,o200k_base,168,116,0.6905,30.95,49,62,1.2653,-26.53,1,0.19
casual_060,casual_prose,5,cl100k_base,168,116,0.6905,30.95,49,62,1.2653,-26.53,1,0.21
casual_060,casual_prose,5,o200k_base,168,116,0.6905,30.95,49,62,1.2653,-26.53,1,0.23
casual_061,casual_prose,1,cl100k_base,164,164,1.0,0.0,48,48,1.0,0.0,1,0.101
casual_061,casual_prose,1,o200k_base,164,164,1.0,0.0,48,48,1.0,0.0,1,0.093
casual_061,casual_prose,2,cl100k_base,164,158,0.9634,3.66,48,48,1.0,0.0,1,0.159
casual_061,casual_prose,2,o200k_base,164,158,0.9634,3.66,48,48,1.0,0.0,1,0.153
casual_061,casual_prose,3,cl100k_base,164,150,0.9146,8.54,48,46,0.9583,4.17,1,0.159
casual_061,casual_prose,3,o200k_base,164,150,0.9146,8.54,48,46,0.9583,4.17,1,0.156
casual_061,casual_prose,4,cl100k_base,164,124,0.7561,24.39,48,64,1.3333,-33.33,1,0.189
casual_061,casual_prose,4,o200k_base,164,124,0.7561,24.39,48,64,1.3333,-33.33,1,0.196
casual_061,casual_prose,5,cl100k_base,164,124,0.7561,24.39,48,64,1.3333,-33.33,1,0.205
casual_061,casual_prose,5,o200k_base,164,124,0.7561,24.39,48,64,1.3333,-33.33,1,0.199
casual_062,casual_prose,1,cl100k_base,154,154,1.0,0.0,50,50,1.0,0.0,1,0.099
casual_062,casual_prose,1,o200k_base,154,154,1.0,0.0,50,50,1.0,0.0,1,0.093
casual_062,casual_prose,2,cl100k_base,154,154,1.0,0.0,50,50,1.0,0.0,1,0.155
casual_062,casual_prose,2,o200k_base,154,154,1.0,0.0,50,50,1.0,0.0,1,0.151
casual_062,casual_prose,3,cl100k_base,154,146,0.9481,5.19,50,48,0.96,4.0,1,0.157
casual_062,casual_prose,3,o200k_base,154,146,0.9481,5.19,50,48,0.96,4.0,1,0.159
casual_062,casual_prose,4,cl100k_base,154,122,0.7922,20.78,50,62,1.24,-24.0,1,0.186
casual_062,casual_prose,4,o200k_base,154,122,0.7922,20.78,50,62,1.24,-24.0,1,0.182
casual_062,casual_prose,5,cl100k_base,154,120,0.7792,22.08,50,61,1.22,-22.0,1,0.201
casual_062,casual_prose,5,o200k_base,154,120,0.7792,22.08,50,61,1.22,-22.0,1,0.196
casual_063,casual_prose,1,cl100k_base,163,163,1.0,0.0,49,49,1.0,0.0,1,0.111
casual_063,casual_prose,1,o200k_base,163,163,1.0,0.0,49,49,1.0,0.0,1,0.094
casual_063,casual_prose,2,cl100k_base,163,142,0.8712,12.88,49,48,0.9796,2.04,1,0.189
casual_063,casual_prose,2,o200k_base,163,142,0.8712,12.88,49,48,0.9796,2.04,1,0.158
casual_063,casual_prose,3,cl100k_base,163,135,0.8282,17.18,49,45,0.9184,8.16,1,0.164
casual_063,casual_prose,3,o200k_base,163,135,0.8282,17.18,49,45,0.9184,8.16,1,0.16
casual_063,casual_prose,4,cl100k_base,163,115,0.7055,29.45,49,59,1.2041,-20.41,1,0.19
casual_063,casual_prose,4,o200k_base,163,115,0.7055,29.45,49,59,1.2041,-20.41,1,0.187
casual_063,casual_prose,5,cl100k_base,163,114,0.6994,30.06,49,59,1.2041,-20.41,1,0.206
casual_063,casual_prose,5,o200k_base,163,114,0.6994,30.06,49,59,1.2041,-20.41,1,0.225
casual_064,casual_prose,1,cl100k_base,159,159,1.0,0.0,49,49,1.0,0.0,1,0.101
casual_064,casual_prose,1,o200k_base,159,159,1.0,0.0,49,49,1.0,0.0,1,0.093
casual_064,casual_prose,2,cl100k_base,159,159,1.0,0.0,49,49,1.0,0.0,1,0.158
casual_064,casual_prose,2,o200k_base,159,159,1.0,0.0,49,49,1.0,0.0,1,0.152
casual_064,casual_prose,3,cl100k_base,159,151,0.9497,5.03,49,47,0.9592,4.08,1,0.159
casual_064,casual_prose,3,o200k_base,159,151,0.9497,5.03,49,47,0.9592,4.08,1,0.155
casual_064,casual_prose,4,cl100k_base,159,123,0.7736,22.64,49,63,1.2857,-28.57,1,0.336
casual_064,casual_prose,4,o200k_base,159,123,0.7736,22.64,49,64,1.3061,-30.61,1,0.222
casual_064,casual_prose,5,cl100k_base,159,122,0.7673,23.27,49,63,1.2857,-28.57,1,0.254
casual_064,casual_prose,5,o200k_base,159,122,0.7673,23.27,49,64,1.3061,-30.61,1,0.208
casual_065,casual_prose,1,cl100k_base,151,151,1.0,0.0,47,47,1.0,0.0,1,0.1
casual_065,casual_prose,1,o200k_base,151,151,1.0,0.0,47,47,1.0,0.0,1,0.096
casual_065,casual_prose,2,cl100k_base,151,151,1.0,0.0,47,47,1.0,0.0,1,0.157
casual_065,casual_prose,2,o200k_base,151,151,1.0,0.0,47,47,1.0,0.0,1,0.174
casual_065,casual_prose,3,cl100k_base,151,143,0.947,5.3,47,45,0.9574,4.26,1,0.169
casual_065,casual_prose,3,o200k_base,151,143,0.947,5.3,47,45,0.9574,4.26,1,0.154
casual_065,casual_prose,4,cl100k_base,151,119,0.7881,21.19,47,62,1.3191,-31.91,1,0.219
casual_065,casual_prose,4,o200k_base,151,119,0.7881,21.19,47,62,1.3191,-31.91,1,0.183
casual_065,casual_prose,5,cl100k_base,151,118,0.7815,21.85,47,62,1.3191,-31.91,1,0.205
casual_065,casual_prose,5,o200k_base,151,118,0.7815,21.85,47,62,1.3191,-31.91,1,0.261
casual_066,casual_prose,1,cl100k_base,175,175,1.0,0.0,50,50,1.0,0.0,1,0.108
casual_066,casual_prose,1,o200k_base,175,175,1.0,0.0,50,50,1.0,0.0,1,0.15
casual_066,casual_prose,2,cl100k_base,175,149,0.8514,14.86,50,49,0.98,2.0,1,0.207
casual_066,casual_prose,2,o200k_base,175,149,0.8514,14.86,50,49,0.98,2.0,1,0.162
casual_066,casual_prose,3,cl100k_base,175,144,0.8229,17.71,50,47,0.94,6.0,1,0.167
casual_066,casual_prose,3,o200k_base,175,144,0.8229,17.71,50,47,0.94,6.0,1,0.16
casual_066,casual_prose,4,cl100k_base,175,122,0.6971,30.29,50,62,1.24,-24.0,1,0.199
casual_066,casual_prose,4,o200k_base,175,122,0.6971,30.29,50,62,1.24,-24.0,1,0.218
casual_066,casual_prose,5,cl100k_base,175,122,0.6971,30.29,50,62,1.24,-24.0,1,0.209
casual_066,casual_prose,5,o200k_base,175,122,0.6971,30.29,50,62,1.24,-24.0,1,0.203
casual_067,casual_prose,1,cl100k_base,189,189,1.0,0.0,53,53,1.0,0.0,1,0.109
casual_067,casual_prose,1,o200k_base,189,189,1.0,0.0,53,53,1.0,0.0,1,0.1
casual_067,casual_prose,2,cl100k_base,189,179,0.9471,5.29,53,53,1.0,0.0,1,0.171
casual_067,casual_prose,2,o200k_base,189,179,0.9471,5.29,53,53,1.0,0.0,1,0.167
casual_067,casual_prose,3,cl100k_base,189,171,0.9048,9.52,53,51,0.9623,3.77,1,0.197
casual_067,casual_prose,3,o200k_base,189,171,0.9048,9.52,53,51,0.9623,3.77,1,0.172
casual_067,casual_prose,4,cl100k_base,189,141,0.746,25.4,53,69,1.3019,-30.19,1,0.208
casual_067,casual_prose,4,o200k_base,189,141,0.746,25.4,53,69,1.3019,-30.19,1,0.2
casual_067,casual_prose,5,cl100k_base,189,140,0.7407,25.93,53,70,1.3208,-32.08,1,0.224
casual_067,casual_prose,5,o200k_base,189,140,0.7407,25.93,53,69,1.3019,-30.19,1,0.221
casual_068,casual_prose,1,cl100k_base,196,196,1.0,0.0,55,55,1.0,0.0,1,0.112
casual_068,casual_prose,1,o200k_base,196,196,1.0,0.0,55,55,1.0,0.0,1,0.109
casual_068,casual_prose,2,cl100k_base,196,187,0.9541,4.59,55,54,0.9818,1.82,1,0.177
casual_068,casual_prose,2,o200k_base,196,187,0.9541,4.59,55,54,0.9818,1.82,1,0.171
casual_068,casual_prose,3,cl100k_base,196,179,0.9133,8.67,55,52,0.9455,5.45,1,0.178
casual_068,casual_prose,3,o200k_base,196,179,0.9133,8.67,55,52,0.9455,5.45,1,0.175
casual_068,casual_prose,4,cl100k_base,196,150,0.7653,23.47,55,71,1.2909,-29.09,1,0.212
casual_068,casual_prose,4,o200k_base,196,150,0.7653,23.47,55,71,1.2909,-29.09,1,0.206
casual_068,casual_prose,5,cl100k_base,196,146,0.7449,25.51,55,73,1.3273,-32.73,1,0.239
casual_068,casual_prose,5,o200k_base,196,146,0.7449,25.51,55,73,1.3273,-32.73,1,0.228
casual_069,casual_prose,1,cl100k_base,173,173,1.0,0.0,52,52,1.0,0.0,1,0.108
casual_069,casual_prose,1,o200k_base,173,173,1.0,0.0,52,52,1.0,0.0,1,0.098
casual_069,casual_prose,2,cl100k_base,173,152,0.8786,12.14,52,51,0.9808,1.92,1,0.173
casual_069,casual_prose,2,o200k_base,173,152,0.8786,12.14,52,51,0.9808,1.92,1,0.164
casual_069,casual_prose,3,cl100k_base,173,145,0.8382,16.18,52,48,0.9231,7.69,1,0.17
casual_069,casual_prose,3,o200k_base,173,145,0.8382,16.18,52,48,0.9231,7.69,1,0.191
casual_069,casual_prose,4,cl100k_base,173,121,0.6994,30.06,52,65,1.25,-25.0,1,0.2
casual_069,casual_prose,4,o200k_base,173,121,0.6994,30.06,52,65,1.25,-25.0,1,0.195
casual_069,casual_prose,5,cl100k_base,173,121,0.6994,30.06,52,65,1.25,-25.0,1,0.216
casual_069,casual_prose,5,o200k_base,173,121,0.6994,30.06,52,65,1.25,-25.0,1,0.211
casual_070,casual_prose,1,cl100k_base,157,157,1.0,0.0,49,49,1.0,0.0,1,0.1
casual_070,casual_prose,1,o200k_base,157,157,1.0,0.0,49,49,1.0,0.0,1,0.136
casual_070,casual_prose,2,cl100k_base,157,157,1.0,0.0,49,49,1.0,0.0,1,0.185
casual_070,casual_prose,2,o200k_base,157,157,1.0,0.0,49,49,1.0,0.0,1,0.238
casual_070,casual_prose,3,cl100k_base,157,149,0.949,5.1,49,47,0.9592,4.08,1,0.16
casual_070,casual_prose,3,o200k_base,157,149,0.949,5.1,49,47,0.9592,4.08,1,0.155
casual_070,casual_prose,4,cl100k_base,157,121,0.7707,22.93,49,62,1.2653,-26.53,1,0.189
casual_070,casual_prose,4,o200k_base,157,121,0.7707,22.93,49,63,1.2857,-28.57,1,0.183
casual_070,casual_prose,5,cl100k_base,157,121,0.7707,22.93,49,62,1.2653,-26.53,1,0.202
casual_070,casual_prose,5,o200k_base,157,121,0.7707,22.93,49,63,1.2857,-28.57,1,0.208
casual_071,casual_prose,1,cl100k_base,172,172,1.0,0.0,52,52,1.0,0.0,1,0.106
casual_071,casual_prose,1,o200k_base,172,172,1.0,0.0,51,51,1.0,0.0,1,0.097
casual_071,casual_prose,2,cl100k_base,172,166,0.9651,3.49,52,52,1.0,0.0,1,0.165
casual_071,casual_prose,2,o200k_base,172,166,0.9651,3.49,51,51,1.0,0.0,1,0.16
casual_071,casual_prose,3,cl100k_base,172,158,0.9186,8.14,52,50,0.9615,3.85,1,0.167
casual_071,casual_prose,3,o200k_base,172,158,0.9186,8.14,51,49,0.9608,3.92,1,0.163
casual_071,casual_prose,4,cl100k_base,172,133,0.7733,22.67,52,65,1.25,-25.0,1,0.212
casual_071,casual_prose,4,o200k_base,172,133,0.7733,22.67,51,65,1.2745,-27.45,1,0.194
casual_071,casual_prose,5,cl100k_base,172,131,0.7616,23.84,52,67,1.2885,-28.85,1,0.214
casual_071,casual_prose,5,o200k_base,172,131,0.7616,23.84,51,67,1.3137,-31.37,1,0.209
casual_072,casual_prose,1,cl100k_base,173,173,1.0,0.0,49,49,1.0,0.0,1,0.101
casual_072,casual_prose,1,o200k_base,173,173,1.0,0.0,49,49,1.0,0.0,1,0.094
casual_072,casual_prose,2,cl100k_base,173,147,0.8497,15.03,49,48,0.9796,2.04,1,0.159
casual_072,casual_prose,2,o200k_base,173,147,0.8497,15.03,49,48,0.9796,2.04,1,0.154
casual_072,casual_prose,3,cl100k_base,173,142,0.8208,17.92,49,46,0.9388,6.12,1,0.169
casual_072,casual_prose,3,o200k_base,173,142,0.8208,17.92,49,46,0.9388,6.12,1,0.156
casual_072,casual_prose,4,cl100k_base,173,122,0.7052,29.48,49,61,1.2449,-24.49,1,0.186
casual_072,casual_prose,4,o200k_base,173,122,0.7052,29.48,49,61,1.2449,-24.49,1,0.182
casual_072,casual_prose,5,cl100k_base,173,121,0.6994,30.06,49,61,1.2449,-24.49,1,0.202
casual_072,casual_prose,5,o200k_base,173,121,0.6994,30.06,49,61,1.2449,-24.49,1,0.197
casual_073,casual_prose,1,cl100k_base,170,170,1.0,0.0,52,52,1.0,0.0,1,0.112
casual_073,casual_prose,1,o200k_base,170,170,1.0,0.0,52,52,1.0,0.0,1,0.114
casual_073,casual_prose,2,cl100k_base,170,159,0.9353,6.47,52,51,0.9808,1.92,1,0.174
casual_073,casual_prose,2,o200k_base,170,159,0.9353,6.47,52,51,0.9808,1.92,1,0.163
casual_073,casual_prose,3,cl100k_base,170,149,0.8765,12.35,52,48,0.9231,7.69,1,0.171
casual_073,casual_prose,3,o200k_base,170,149,0.8765,12.35,52,48,0.9231,7.69,1,0.168
casual_073,casual_prose,4,cl100k_base,170,124,0.7294,27.06,52,63,1.2115,-21.15,1,0.199
casual_073,casual_prose,4,o200k_base,170,124,0.7294,27.06,52,63,1.2115,-21.15,1,0.195
casual_073,casual_prose,5,cl100k_base,170,124,0.7294,27.06,52,63,1.2115,-21.15,1,0.238
casual_073,casual_prose,5,o200k_base,170,124,0.7294,27.06,52,63,1.2115,-21.15,1,0.215
casual_074,casual_prose,1,cl100k_base,180,180,1.0,0.0,51,51,1.0,0.0,1,0.106
casual_074,casual_prose,1,o200k_base,180,180,1.0,0.0,51,51,1.0,0.0,1,0.098
casual_074,casual_prose,2,cl100k_base,180,164,0.9111,8.89,51,51,1.0,0.0,1,0.168
casual_074,casual_prose,2,o200k_base,180,164,0.9111,8.89,51,51,1.0,0.0,1,0.163
casual_074,casual_prose,3,cl100k_base,180,159,0.8833,11.67,51,49,0.9608,3.92,1,0.167
casual_074,casual_prose,3,o200k_base,180,159,0.8833,11.67,51,49,0.9608,3.92,1,0.166
casual_074,casual_prose,4,cl100k_base,180,134,0.7444,25.56,51,66,1.2941,-29.41,1,0.206
casual_074,casual_prose,4,o200k_base,180,134,0.7444,25.56,51,66,1.2941,-29.41,1,0.193
casual_074,casual_prose,5,cl100k_base,180,133,0.7389,26.11,51,67,1.3137,-31.37,1,0.217
casual_074,casual_prose,5,o200k_base,180,133,0.7389,26.11,51,66,1.2941,-29.41,1,0.242
casual_075,casual_prose,1,cl100k_base,162,162,1.0,0.0,49,49,1.0,0.0,1,0.106
casual_075,casual_prose,1,o200k_base,162,162,1.0,0.0,49,49,1.0,0.0,1,0.095
casual_075,casual_prose,2,cl100k_base,162,156,0.963,3.7,49,49,1.0,0.0,1,0.162
casual_075,casual_prose,2,o200k_base,162,156,0.963,3.7,49,49,1.0,0.0,1,0.155
casual_075,casual_prose,3,cl100k_base,162,148,0.9136,8.64,49,47,0.9592,4.08,1,0.161
casual_075,casual_prose,3,o200k_base,162,148,0.9136,8.64,49,47,0.9592,4.08,1,0.188
casual_075,casual_prose,4,cl100k_base,162,122,0.7531,24.69,49,63,1.2857,-28.57,1,0.193
casual_075,casual_prose,4,o200k_base,162,122,0.7531,24.69,49,63,1.2857,-28.57,1,0.185
casual_075,casual_prose,5,cl100k_base,162,122,0.7531,24.69,49,63,1.2857,-28.57,1,0.206
casual_075,casual_prose,5,o200k_base,162,122,0.7531,24.69,49,63,1.2857,-28.57,1,0.279
casual_076,casual_prose,1,cl100k_base,163,163,1.0,0.0,49,49,1.0,0.0,1,0.149
casual_076,casual_prose,1,o200k_base,163,163,1.0,0.0,49,49,1.0,0.0,1,0.096
casual_076,casual_prose,2,cl100k_base,163,157,0.9632,3.68,49,49,1.0,0.0,1,0.187
casual_076,casual_prose,2,o200k_base,163,157,0.9632,3.68,49,49,1.0,0.0,1,0.156
casual_076,casual_prose,3,cl100k_base,163,149,0.9141,8.59,49,47,0.9592,4.08,1,0.162
casual_076,casual_prose,3,o200k_base,163,149,0.9141,8.59,49,47,0.9592,4.08,1,0.159
casual_076,casual_prose,4,cl100k_base,163,124,0.7607,23.93,49,62,1.2653,-26.53,1,0.196
casual_076,casual_prose,4,o200k_base,163,124,0.7607,23.93,49,62,1.2653,-26.53,1,0.228
casual_076,casual_prose,5,cl100k_base,163,123,0.7546,24.54,49,62,1.2653,-26.53,1,0.236
casual_076,casual_prose,5,o200k_base,163,123,0.7546,24.54,49,62,1.2653,-26.53,1,0.231
casual_077,casual_prose,1,cl100k_base,165,165,1.0,0.0,49,49,1.0,0.0,1,0.115
casual_077,casual_prose,1,o200k_base,165,165,1.0,0.0,48,48,1.0,0.0,1,0.102
casual_077,casual_prose,2,cl100k_base,165,149,0.903,9.7,49,49,1.0,0.0,1,0.179
casual_077,casual_prose,2,o200k_base,165,149,0.903,9.7,48,48,1.0,0.0,1,0.158
casual_077,casual_prose,3,cl100k_base,165,144,0.8727,12.73,49,47,0.9592,4.08,1,0.163
casual_077,casual_prose,3,o200k_base,165,144,0.8727,12.73,48,46,0.9583,4.17,1,0.158
casual_077,casual_prose,4,cl100k_base,165,122,0.7394,26.06,49,63,1.2857,-28.57,1,0.199
casual_077,casual_prose,4,o200k_base,165,122,0.7394,26.06,48,63,1.3125,-31.25,1,0.186
casual_077,casual_prose,5,cl100k_base,165,120,0.7273,27.27,49,65,1.3265,-32.65,1,0.209
casual_077,casual_prose,5,o200k_base,165,120,0.7273,27.27,48,65,1.3542,-35.42,1,0.229
casual_078,casual_prose,1,cl100k_base,148,148,1.0,0.0,48,48,1.0,0.0,1,0.098
casual_078,casual_prose,1,o200k_base,148,148,1.0,0.0,48,48,1.0,0.0,1,0.091
casual_078,casual_prose,2,cl100k_base,148,148,1.0,0.0,48,48,1.0,0.0,1,0.152
casual_078,casual_prose,2,o200k_base,148,148,1.0,0.0,48,48,1.0,0.0,1,0.146
casual_078,casual_prose,3,cl100k_base,148,140,0.9459,5.41,48,46,0.9583,4.17,1,0.153
casual_078,casual_prose,3,o200k_base,148,140,0.9459,5.41,48,46,0.9583,4.17,1,0.15
casual_078,casual_prose,4,cl100k_base,148,118,0.7973,20.27,48,60,1.25,-25.0,1,0.179
casual_078,casual_prose,4,o200k_base,148,118,0.7973,20.27,48,61,1.2708,-27.08,1,0.199
casual_078,casual_prose,5,cl100k_base,148,115,0.777,22.3,48,59,1.2292,-22.92,1,0.198
casual_078,casual_prose,5,o200k_base,148,115,0.777,22.3,48,60,1.25,-25.0,1,0.206
casual_079,casual_prose,1,cl100k_base,169,169,1.0,0.0,52,52,1.0,0.0,1,0.105
casual_079,casual_prose,1,o200k_base,169,169,1.0,0.0,52,52,1.0,0.0,1,0.097
casual_079,casual_prose,2,cl100k_base,169,169,1.0,0.0,52,52,1.0,0.0,1,0.164
casual_079,casual_prose,2,o200k_base,169,169,1.0,0.0,52,52,1.0,0.0,1,1.11
casual_079,casual_prose,3,cl100k_base,169,161,0.9527,4.73,52,50,0.9615,3.85,1,0.201
casual_079,casual_prose,3,o200k_base,169,161,0.9527,4.73,52,50,0.9615,3.85,1,0.17
casual_079,casual_prose,4,cl100k_base,169,137,0.8107,18.93,52,66,1.2692,-26.92,1,0.225
casual_079,casual_prose,4,o200k_base,169,137,0.8107,18.93,52,66,1.2692,-26.92,1,0.197
casual_079,casual_prose,5,cl100k_base,169,135,0.7988,20.12,52,67,1.2885,-28.85,1,0.219
casual_079,casual_prose,5,o200k_base,169,135,0.7988,20.12,52,66,1.2692,-26.92,1,0.21
casual_080,casual_prose,1,cl100k_base,160,160,1.0,0.0,48,48,1.0,0.0,1,0.101
casual_080,casual_prose,1,o200k_base,160,160,1.0,0.0,48,48,1.0,0.0,1,0.092
casual_080,casual_prose,2,cl100k_base,160,160,1.0,0.0,48,48,1.0,0.0,1,0.156
casual_080,casual_prose,2,o200k_base,160,160,1.0,0.0,48,48,1.0,0.0,1,0.164
casual_080,casual_prose,3,cl100k_base,160,152,0.95,5.0,48,46,0.9583,4.17,1,0.158
casual_080,casual_prose,3,o200k_base,160,152,0.95,5.0,48,46,0.9583,4.17,1,0.156
casual_080,casual_prose,4,cl100k_base,160,123,0.7688,23.12,48,65,1.3542,-35.42,1,0.225
casual_080,casual_prose,4,o200k_base,160,123,0.7688,23.12,48,65,1.3542,-35.42,1,0.19
casual_080,casual_prose,5,cl100k_base,160,123,0.7688,23.12,48,65,1.3542,-35.42,1,0.211
casual_080,casual_prose,5,o200k_base,160,123,0.7688,23.12,48,65,1.3542,-35.42,1,0.29
casual_081,casual_prose,1,cl100k_base,173,173,1.0,0.0,50,50,1.0,0.0,1,0.117
casual_081,casual_prose,1,o200k_base,173,173,1.0,0.0,50,50,1.0,0.0,1,0.102
casual_081,casual_prose,2,cl100k_base,173,158,0.9133,8.67,50,49,0.98,2.0,1,0.192
casual_081,casual_prose,2,o200k_base,173,158,0.9133,8.67,50,49,0.98,2.0,1,0.175
casual_081,casual_prose,3,cl100k_base,173,148,0.8555,14.45,50,46,0.92,8.0,1,0.199
casual_081,casual_prose,3,o200k_base,173,148,0.8555,14.45,50,46,0.92,8.0,1,0.168
casual_081,casual_prose,4,cl100k_base,173,124,0.7168,28.32,50,63,1.26,-26.0,1,0.256
casual_081,casual_prose,4,o200k_base,173,124,0.7168,28.32,50,63,1.26,-26.0,1,0.203
casual_081,casual_prose,5,cl100k_base,173,124,0.7168,28.32,50,63,1.26,-26.0,1,0.229
casual_081,casual_prose,5,o200k_base,173,124,0.7168,28.32,50,63,1.26,-26.0,1,0.214
casual_082,casual_prose,1,cl100k_base,182,182,1.0,0.0,52,52,1.0,0.0,1,0.109
casual_082,casual_prose,1,o200k_base,182,182,1.0,0.0,52,52,1.0,0.0,1,0.099
casual_082,casual_prose,2,cl100k_base,182,172,0.9451,5.49,52,52,1.0,0.0,1,0.169
casual_082,casual_prose,2,o200k_base,182,172,0.9451,5.49,52,52,1.0,0.0,1,0.188
casual_082,casual_prose,3,cl100k_base,182,164,0.9011,9.89,52,50,0.9615,3.85,1,0.172
casual_082,casual_prose,3,o200k_base,182,164,0.9011,9.89,52,50,0.9615,3.85,1,0.168
casual_082,casual_prose,4,cl100k_base,182,139,0.7637,23.63,52,67,1.2885,-28.85,1,0.2
casual_082,casual_prose,4,o200k_base,182,139,0.7637,23.63,52,67,1.2885,-28.85,1,0.195
casual_082,casual_prose,5,cl100k_base,182,138,0.7582,24.18,52,68,1.3077,-30.77,1,0.219
casual_082,casual_prose,5,o200k_base,182,138,0.7582,24.18,52,67,1.2885,-28.85,1,0.213
casual_083,casual_prose,1,cl100k_base,151,151,1.0,0.0,47,47,1.0,0.0,1,0.101
casual_083,casual_prose,1,o200k_base,151,151,1.0,0.0,47,47,1.0,0.0,1,0.089
casual_083,casual_prose,2,cl100k_base,151,151,1.0,0.0,47,47,1.0,0.0,1,0.152
casual_083,casual_prose,2,o200k_base,151,151,1.0,0.0,47,47,1.0,0.0,1,0.147
casual_083,casual_prose,3,cl100k_base,151,143,0.947,5.3,47,45,0.9574,4.26,1,0.153
casual_083,casual_prose,3,o200k_base,151,143,0.947,5.3,47,45,0.9574,4.26,1,0.151
casual_083,casual_prose,4,cl100k_base,151,119,0.7881,21.19,47,62,1.3191,-31.91,1,0.183
casual_083,casual_prose,4,o200k_base,151,119,0.7881,21.19,47,62,1.3191,-31.91,1,0.177
casual_083,casual_prose,5,cl100k_base,151,118,0.7815,21.85,47,62,1.3191,-31.91,1,0.221
casual_083,casual_prose,5,o200k_base,151,118,0.7815,21.85,47,62,1.3191,-31.91,1,0.194
casual_084,casual_prose,1,cl100k_base,149,149,1.0,0.0,47,47,1.0,0.0,1,0.096
casual_084,casual_prose,1,o200k_base,149,149,1.0,0.0,47,47,1.0,0.0,1,0.09
casual_084,casual_prose,2,cl100k_base,149,133,0.8926,10.74,47,47,1.0,0.0,1,0.151
casual_084,casual_prose,2,o200k_base,149,133,0.8926,10.74,47,47,1.0,0.0,1,0.145
casual_084,casual_prose,3,cl100k_base,149,128,0.8591,14.09,47,45,0.9574,4.26,1,0.149
casual_084,casual_prose,3,o200k_base,149,128,0.8591,14.09,47,45,0.9574,4.26,1,0.147
casual_084,casual_prose,4,cl100k_base,149,110,0.7383,26.17,47,58,1.234,-23.4,1,0.196
casual_084,casual_prose,4,o200k_base,149,110,0.7383,26.17,47,58,1.234,-23.4,1,0.171
casual_084,casual_prose,5,cl100k_base,149,107,0.7181,28.19,47,57,1.2128,-21.28,1,0.19
casual_084,casual_prose,5,o200k_base,149,107,0.7181,28.19,47,57,1.2128,-21.28,1,0.184
casual_085,casual_prose,1,cl100k_base,187,187,1.0,0.0,53,53,1.0,0.0,1,0.107
casual_085,casual_prose,1,o200k_base,187,187,1.0,0.0,53,53,1.0,0.0,1,0.1
casual_085,casual_prose,2,cl100k_base,187,181,0.9679,3.21,53,53,1.0,0.0,1,0.172
casual_085,casual_prose,2,o200k_base,187,181,0.9679,3.21,53,53,1.0,0.0,1,0.167
casual_085,casual_prose,3,cl100k_base,187,173,0.9251,7.49,53,51,0.9623,3.77,1,0.181
casual_085,casual_prose,3,o200k_base,187,173,0.9251,7.49,53,51,0.9623,3.77,1,0.171
casual_085,casual_prose,4,cl100k_base,187,145,0.7754,22.46,53,69,1.3019,-30.19,1,0.207
casual_085,casual_prose,4,o200k_base,187,145,0.7754,22.46,53,69,1.3019,-30.19,1,0.202
casual_085,casual_prose,5,cl100k_base,187,144,0.7701,22.99,53,70,1.3208,-32.08,1,0.225
casual_085,casual_prose,5,o200k_base,187,144,0.7701,22.99,53,69,1.3019,-30.19,1,0.22
casual_086,casual_prose,1,cl100k_base,189,189,1.0,0.0,56,56,1.0,0.0,1,0.135
casual_086,casual_prose,1,o200k_base,189,189,1.0,0.0,56,56,1.0,0.0,1,0.104
casual_086,casual_prose,2,cl100k_base,189,180,0.9524,4.76,56,55,0.9821,1.79,1,0.177
casual_086,casual_prose,2,o200k_base,189,180,0.9524,4.76,56,55,0.9821,1.79,1,0.17
casual_086,casual_prose,3,cl100k_base,189,172,0.9101,8.99,56,53,0.9464,5.36,1,0.177
casual_086,casual_prose,3,o200k_base,189,172,0.9101,8.99,56,53,0.9464,5.36,1,0.174
casual_086,casual_prose,4,cl100k_base,189,145,0.7672,23.28,56,69,1.2321,-23.21,1,0.208
casual_086,casual_prose,4,o200k_base,189,145,0.7672,23.28,56,69,1.2321,-23.21,1,0.226
casual_086,casual_prose,5,cl100k_base,189,141,0.746,25.4,56,71,1.2679,-26.79,1,0.314
casual_086,casual_prose,5,o200k_base,189,141,0.746,25.4,56,71,1.2679,-26.79,1,0.248
casual_087,casual_prose,1,cl100k_base,164,164,1.0,0.0,47,47,1.0,0.0,1,0.117
casual_087,casual_prose,1,o200k_base,164,164,1.0,0.0,47,47,1.0,0.0,1,0.094
casual_087,casual_prose,2,cl100k_base,164,148,0.9024,9.76,47,47,1.0,0.0,1,0.167
casual_087,casual_prose,2,o200k_base,164,148,0.9024,9.76,47,47,1.0,0.0,1,0.155
casual_087,casual_prose,3,cl100k_base,164,143,0.872,12.8,47,45,0.9574,4.26,1,0.175
casual_087,casual_prose,3,o200k_base,164,143,0.872,12.8,47,45,0.9574,4.26,1,0.206
casual_087,casual_prose,4,cl100k_base,164,117,0.7134,28.66,47,62,1.3191,-31.91,1,0.252
casual_087,casual_prose,4,o200k_base,164,117,0.7134,28.66,47,62,1.3191,-31.91,1,0.195
casual_087,casual_prose,5,cl100k_base,164,117,0.7134,28.66,47,62,1.3191,-31.91,1,0.213
casual_087,casual_prose,5,o200k_base,164,117,0.7134,28.66,47,62,1.3191,-31.91,1,0.224
casual_088,casual_prose,1,cl100k_base,189,189,1.0,0.0,53,53,1.0,0.0,1,0.126
casual_088,casual_prose,1,o200k_base,189,189,1.0,0.0,53,53,1.0,0.0,1,0.101
casual_088,casual_prose,2,cl100k_base,189,168,0.8889,11.11,53,52,0.9811,1.89,1,0.179
casual_088,casual_prose,2,o200k_base,189,168,0.8889,11.11,53,52,0.9811,1.89,1,0.168
casual_088,casual_prose,3,cl100k_base,189,163,0.8624,13.76,53,50,0.9434,5.66,1,0.178
casual_088,casual_prose,3,o200k_base,189,163,0.8624,13.76,53,50,0.9434,5.66,1,0.173
casual_088,casual_prose,4,cl100k_base,189,139,0.7354,26.46,53,68,1.283,-28.3,1,0.213
casual_088,casual_prose,4,o200k_base,189,139,0.7354,26.46,53,68,1.283,-28.3,1,0.244
casual_088,casual_prose,5,cl100k_base,189,135,0.7143,28.57,53,70,1.3208,-32.08,1,0.223
casual_088,casual_prose,5,o200k_base,189,135,0.7143,28.57,53,70,1.3208,-32.08,1,0.216
casual_089,casual_prose,1,cl100k_base,175,175,1.0,0.0,51,51,1.0,0.0,1,0.109
casual_089,casual_prose,1,o200k_base,175,175,1.0,0.0,51,51,1.0,0.0,1,0.097
casual_089,casual_prose,2,cl100k_base,175,160,0.9143,8.57,51,50,0.9804,1.96,1,0.171
casual_089,casual_prose,2,o200k_base,175,160,0.9143,8.57,51,50,0.9804,1.96,1,0.164
casual_089,casual_prose,3,cl100k_base,175,150,0.8571,14.29,51,47,0.9216,7.84,1,0.18
casual_089,casual_prose,3,o200k_base,175,150,0.8571,14.29,51,47,0.9216,7.84,1,0.167
casual_089,casual_prose,4,cl100k_base,175,125,0.7143,28.57,51,62,1.2157,-21.57,1,0.202
casual_089,casual_prose,4,o200k_base,175,125,0.7143,28.57,51,62,1.2157,-21.57,1,0.196
casual_089,casual_prose,5,cl100k_base,175,124,0.7086,29.14,51,62,1.2157,-21.57,1,0.216
casual_089,casual_prose,5,o200k_base,175,124,0.7086,29.14,51,62,1.2157,-21.57,1,0.21
casual_090,casual_prose,1,cl100k_base,163,163,1.0,0.0,47,47,1.0,0.0,1,0.098
casual_090,casual_prose,1,o200k_base,163,163,1.0,0.0,47,47,1.0,0.0,1,0.097
casual_090,casual_prose,2,cl100k_base,163,147,0.9018,9.82,47,47,1.0,0.0,1,0.158
casual_090,casual_prose,2,o200k_base,163,147,0.9018,9.82,47,47,1.0,0.0,1,0.152
casual_090,casual_prose,3,cl100k_base,163,142,0.8712,12.88,47,45,0.9574,4.26,1,0.156
casual_090,casual_prose,3,o200k_base,163,142,0.8712,12.88,47,45,0.9574,4.26,1,0.152
casual_090,casual_prose,4,cl100k_base,163,116,0.7117,28.83,47,62,1.3191,-31.91,1,0.199
casual_090,casual_prose,4,o200k_base,163,116,0.7117,28.83,47,62,1.3191,-31.91,1,0.18
casual_090,casual_prose,5,cl100k_base,163,116,0.7117,28.83,47,62,1.3191,-31.91,1,0.217
casual_090,casual_prose,5,o200k_base,163,116,0.7117,28.83,47,62,1.3191,-31.91,1,0.199
casual_091,casual_prose,1,cl100k_base,170,170,1.0,0.0,51,51,1.0,0.0,1,0.105
casual_091,casual_prose,1,o200k_base,170,170,1.0,0.0,51,51,1.0,0.0,1,0.096
casual_091,casual_prose,2,cl100k_base,170,165,0.9706,2.94,51,50,0.9804,1.96,1,0.168
casual_091,casual_prose,2,o200k_base,170,165,0.9706,2.94,51,50,0.9804,1.96,1,0.162
casual_091,casual_prose,3,cl100k_base,170,155,0.9118,8.82,51,47,0.9216,7.84,1,0.168
casual_091,casual_prose,3,o200k_base,170,155,0.9118,8.82,51,47,0.9216,7.84,1,0.165
casual_091,casual_prose,4,cl100k_base,170,127,0.7471,25.29,51,65,1.2745,-27.45,1,0.222
casual_091,casual_prose,4,o200k_base,170,127,0.7471,25.29,51,65,1.2745,-27.45,1,0.196
casual_091,casual_prose,5,cl100k_base,170,127,0.7471,25.29,51,65,1.2745,-27.45,1,0.218
casual_091,casual_prose,5,o200k_base,170,127,0.7471,25.29,51,65,1.2745,-27.45,1,0.211
casual_092,casual_prose,1,cl100k_base,175,175,1.0,0.0,50,50,1.0,0.0,1,0.103
casual_092,casual_prose,1,o200k_base,175,175,1.0,0.0,49,49,1.0,0.0,1,0.094
casual_092,casual_prose,2,cl100k_base,175,165,0.9429,5.71,50,50,1.0,0.0,1,0.163
casual_092,casual_prose,2,o200k_base,175,165,0.9429,5.71,49,49,1.0,0.0,1,0.334
casual_092,casual_prose,3,cl100k_base,175,157,0.8971,10.29,50,48,0.96,4.0,1,0.291
casual_092,casual_prose,3,o200k_base,175,157,0.8971,10.29,49,47,0.9592,4.08,1,0.38
casual_092,casual_prose,4,cl100k_base,175,133,0.76,24.0,50,65,1.3,-30.0,1,0.238
casual_092,casual_prose,4,o200k_base,175,133,0.76,24.0,49,65,1.3265,-32.65,1,0.206
casual_092,casual_prose,5,cl100k_base,175,131,0.7486,25.14,50,67,1.34,-34.0,1,0.249
casual_092,casual_prose,5,o200k_base,175,131,0.7486,25.14,49,67,1.3673,-36.73,1,0.21
casual_093,casual_prose,1,cl100k_base,181,181,1.0,0.0,53,53,1.0,0.0,1,0.222
casual_093,casual_prose,1,o200k_base,181,181,1.0,0.0,53,53,1.0,0.0,1,0.104
casual_093,casual_prose,2,cl100k_base,181,177,0.9779,2.21,53,53,1.0,0.0,1,0.18
casual_093,casual_prose,2,o200k_base,181,177,0.9779,2.21,53,53,1.0,0.0,1,0.169
casual_093,casual_prose,3,cl100k_base,181,169,0.9337,6.63,53,51,0.9623,3.77,1,0.176
casual_093,casual_prose,3,o200k_base,181,169,0.9337,6.63,53,51,0.9623,3.77,1,0.17
casual_093,casual_prose,4,cl100k_base,181,141,0.779,22.1,53,68,1.283,-28.3,1,0.245
casual_093,casual_prose,4,o200k_base,181,141,0.779,22.1,53,68,1.283,-28.3,1,0.203
casual_093,casual_prose,5,cl100k_base,181,140,0.7735,22.65,53,69,1.3019,-30.19,1,0.224
casual_093,casual_prose,5,o200k_base,181,140,0.7735,22.65,53,68,1.283,-28.3,1,0.22
casual_094,casual_prose,1,cl100k_base,181,181,1.0,0.0,50,50,1.0,0.0,1,0.103
casual_094,casual_prose,1,o200k_base,181,181,1.0,0.0,50,50,1.0,0.0,1,0.096
casual_094,casual_prose,2,cl100k_base,181,161,0.8895,11.05,50,49,0.98,2.0,1,0.162
casual_094,casual_prose,2,o200k_base,181,161,0.8895,11.05,50,49,0.98,2.0,1,0.182
casual_094,casual_prose,3,cl100k_base,181,153,0.8453,15.47,50,47,0.94,6.0,1,0.164
casual_094,casual_prose,3,o200k_base,181,153,0.8453,15.47,50,47,0.94,6.0,1,0.16
casual_094,casual_prose,4,cl100k_base,181,129,0.7127,28.73,50,65,1.3,-30.0,1,0.196
casual_094,casual_prose,4,o200k_base,181,129,0.7127,28.73,50,65,1.3,-30.0,1,0.189
casual_094,casual_prose,5,cl100k_base,181,129,0.7127,28.73,50,65,1.3,-30.0,1,0.211
casual_094,casual_prose,5,o200k_base,181,129,0.7127,28.73,50,65,1.3,-30.0,1,0.206
casual_095,casual_prose,1,cl100k_base,158,158,1.0,0.0,48,48,1.0,0.0,1,0.103
casual_095,casual_prose,1,o200k_base,158,158,1.0,0.0,48,48,1.0,0.0,1,0.092
casual_095,casual_prose,2,cl100k_base,158,158,1.0,0.0,48,48,1.0,0.0,1,0.156
casual_095,casual_prose,2,o200k_base,158,158,1.0,0.0,48,48,1.0,0.0,1,0.151
casual_095,casual_prose,3,cl100k_base,158,150,0.9494,5.06,48,46,0.9583,4.17,1,0.156
casual_095,casual_prose,3,o200k_base,158,150,0.9494,5.06,48,46,0.9583,4.17,1,0.154
casual_095,casual_prose,4,cl100k_base,158,122,0.7722,22.78,48,63,1.3125,-31.25,1,0.187
casual_095,casual_prose,4,o200k_base,158,122,0.7722,22.78,48,64,1.3333,-33.33,1,0.182
casual_095,casual_prose,5,cl100k_base,158,122,0.7722,22.78,48,63,1.3125,-31.25,1,0.21
casual_095,casual_prose,5,o200k_base,158,122,0.7722,22.78,48,64,1.3333,-33.33,1,0.199
casual_096,casual_prose,1,cl100k_base,192,192,1.0,0.0,55,55,1.0,0.0,1,0.109
casual_096,casual_prose,1,o200k_base,192,192,1.0,0.0,55,55,1.0,0.0,1,0.102
casual_096,casual_prose,2,cl100k_base,192,187,0.974,2.6,55,54,0.9818,1.82,1,0.174
casual_096,casual_prose,2,o200k_base,192,187,0.974,2.6,55,54,0.9818,1.82,1,0.17
casual_096,casual_prose,3,cl100k_base,192,179,0.9323,6.77,55,52,0.9455,5.45,1,0.187
casual_096,casual_prose,3,o200k_base,192,179,0.9323,6.77,55,52,0.9455,5.45,1,0.192
casual_096,casual_prose,4,cl100k_base,192,151,0.7865,21.35,55,71,1.2909,-29.09,1,0.22
casual_096,casual_prose,4,o200k_base,192,151,0.7865,21.35,55,71,1.2909,-29.09,1,0.208
casual_096,casual_prose,5,cl100k_base,192,147,0.7656,23.44,55,73,1.3273,-32.73,1,0.235
casual_096,casual_prose,5,o200k_base,192,147,0.7656,23.44,55,73,1.3273,-32.73,1,0.228
casual_097,casual_prose,1,cl100k_base,179,179,1.0,0.0,53,53,1.0,0.0,1,0.113
casual_097,casual_prose,1,o200k_base,179,179,1.0,0.0,53,53,1.0,0.0,1,0.105
casual_097,casual_prose,2,cl100k_base,179,175,0.9777,2.23,53,53,1.0,0.0,1,0.172
casual_097,casual_prose,2,o200k_base,179,175,0.9777,2.23,53,53,1.0,0.0,1,0.164
casual_097,casual_prose,3,cl100k_base,179,167,0.933,6.7,53,51,0.9623,3.77,1,0.172
casual_097,casual_prose,3,o200k_base,179,167,0.933,6.7,53,51,0.9623,3.77,1,0.168
casual_097,casual_prose,4,cl100k_base,179,141,0.7877,21.23,53,66,1.2453,-24.53,1,0.959
casual_097,casual_prose,4,o200k_base,179,141,0.7877,21.23,53,66,1.2453,-24.53,1,0.22
casual_097,casual_prose,5,cl100k_base,179,139,0.7765,22.35,53,67,1.2642,-26.42,1,0.229
casual_097,casual_prose,5,o200k_base,179,139,0.7765,22.35,53,66,1.2453,-24.53,1,0.218
casual_098,casual_prose,1,cl100k_base,154,154,1.0,0.0,50,50,1.0,0.0,1,0.133
casual_098,casual_prose,1,o200k_base,154,154,1.0,0.0,50,50,1.0,0.0,1,0.093
casual_098,casual_prose,2,cl100k_base,154,138,0.8961,10.39,50,50,1.0,0.0,1,0.162
casual_098,casual_prose,2,o200k_base,154,138,0.8961,10.39,50,50,1.0,0.0,1,0.151
casual_098,casual_prose,3,cl100k_base,154,133,0.8636,13.64,50,48,0.96,4.0,1,0.192
casual_098,casual_prose,3,o200k_base,154,133,0.8636,13.64,50,48,0.96,4.0,1,0.185
casual_098,casual_prose,4,cl100k_base,154,115,0.7468,25.32,50,61,1.22,-22.0,1,0.189
casual_098,casual_prose,4,o200k_base,154,115,0.7468,25.32,50,61,1.22,-22.0,1,0.219
casual_098,casual_prose,5,cl100k_base,154,112,0.7273,27.27,50,60,1.2,-20.0,1,0.22
casual_098,casual_prose,5,o200k_base,154,112,0.7273,27.27,50,60,1.2,-20.0,1,0.198
casual_099,casual_prose,1,cl100k_base,164,164,1.0,0.0,51,51,1.0,0.0,1,0.102
casual_099,casual_prose,1,o200k_base,164,164,1.0,0.0,51,51,1.0,0.0,1,0.095
casual_099,casual_prose,2,cl100k_base,164,164,1.0,0.0,51,51,1.0,0.0,1,0.16
casual_099,casual_prose,2,o200k_base,164,164,1.0,0.0,51,51,1.0,0.0,1,0.155
casual_099,casual_prose,3,cl100k_base,164,156,0.9512,4.88,51,49,0.9608,3.92,1,0.162
casual_099,casual_prose,3,o200k_base,164,156,0.9512,4.88,51,49,0.9608,3.92,1,0.167
casual_099,casual_prose,4,cl100k_base,164,129,0.7866,21.34,51,67,1.3137,-31.37,1,0.213
casual_099,casual_prose,4,o200k_base,164,129,0.7866,21.34,51,67,1.3137,-31.37,1,0.22
casual_099,casual_prose,5,cl100k_base,164,129,0.7866,21.34,51,67,1.3137,-31.37,1,0.214
casual_099,casual_prose,5,o200k_base,164,129,0.7866,21.34,51,67,1.3137,-31.37,1,0.213
code_000,code_comments,1,cl100k_base,101,101,1.0,0.0,28,28,1.0,0.0,1,0.069
code_000,code_comments,1,o200k_base,101,101,1.0,0.0,29,29,1.0,0.0,1,0.059
code_000,code_comments,2,cl100k_base,101,101,1.0,0.0,28,28,1.0,0.0,1,0.118
code_000,code_comments,2,o200k_base,101,101,1.0,0.0,29,29,1.0,0.0,1,0.102
code_000,code_comments,3,cl100k_base,101,101,1.0,0.0,28,28,1.0,0.0,1,0.103
code_000,code_comments,3,o200k_base,101,101,1.0,0.0,29,29,1.0,0.0,1,0.1
code_000,code_comments,4,cl100k_base,101,78,0.7723,22.77,28,41,1.4643,-46.43,0,0.131
code_000,code_comments,4,o200k_base,101,78,0.7723,22.77,29,41,1.4138,-41.38,0,0.121
code_000,code_comments,5,cl100k_base,101,77,0.7624,23.76,28,41,1.4643,-46.43,0,0.136
code_000,code_comments,5,o200k_base,101,77,0.7624,23.76,29,42,1.4483,-44.83,0,0.133
code_001,code_comments,1,cl100k_base,169,169,1.0,0.0,39,39,1.0,0.0,0,0.094
code_001,code_comments,1,o200k_base,169,169,1.0,0.0,40,40,1.0,0.0,0,0.077
code_001,code_comments,2,cl100k_base,169,134,0.7929,20.71,39,37,0.9487,5.13,0,0.143
code_001,code_comments,2,o200k_base,169,134,0.7929,20.71,40,38,0.95,5.0,0,0.156
code_001,code_comments,3,cl100k_base,169,120,0.7101,28.99,39,32,0.8205,17.95,0,0.14
code_001,code_comments,3,o200k_base,169,120,0.7101,28.99,40,33,0.825,17.5,0,0.135
code_001,code_comments,4,cl100k_base,169,100,0.5917,40.83,39,44,1.1282,-12.82,0,0.18
code_001,code_comments,4,o200k_base,169,100,0.5917,40.83,40,44,1.1,-10.0,0,0.167
code_001,code_comments,5,cl100k_base,169,99,0.5858,41.42,39,45,1.1538,-15.38,0,0.173
code_001,code_comments,5,o200k_base,169,99,0.5858,41.42,40,45,1.125,-12.5,0,0.168
code_002,code_comments,1,cl100k_base,125,120,0.96,4.0,39,39,1.0,0.0,1,0.101
code_002,code_comments,1,o200k_base,125,120,0.96,4.0,40,40,1.0,0.0,1,0.082
code_002,code_comments,2,cl100k_base,125,114,0.912,8.8,39,35,0.8974,10.26,1,0.136
code_002,code_comments,2,o200k_base,125,114,0.912,8.8,40,36,0.9,10.0,1,0.125
code_002,code_comments,3,cl100k_base,125,114,0.912,8.8,39,35,0.8974,10.26,1,0.13
code_002,code_comments,3,o200k_base,125,114,0.912,8.8,40,36,0.9,10.0,1,0.98
code_002,code_comments,4,cl100k_base,125,93,0.744,25.6,39,47,1.2051,-20.51,0,0.22
code_002,code_comments,4,o200k_base,125,93,0.744,25.6,40,47,1.175,-17.5,0,0.157
code_002,code_comments,5,cl100k_base,125,92,0.736,26.4,39,47,1.2051,-20.51,0,0.169
code_002,code_comments,5,o200k_base,125,92,0.736,26.4,40,48,1.2,-20.0,0,0.162
code_003,code_comments,1,cl100k_base,123,118,0.9593,4.07,40,40,1.0,0.0,1,0.1
code_003,code_comments,1,o200k_base,123,118,0.9593,4.07,40,40,1.0,0.0,1,0.083
code_003,code_comments,2,cl100k_base,123,112,0.9106,8.94,40,36,0.9,10.0,1,0.131
code_003,code_comments,2,o200k_base,123,112,0.9106,8.94,40,36,0.9,10.0,1,0.126
code_003,code_comments,3,cl100k_base,123,112,0.9106,8.94,40,36,0.9,10.0,1,0.215
code_003,code_comments,3,o200k_base,123,112,0.9106,8.94,40,36,0.9,10.0,1,0.161
code_003,code_comments,4,cl100k_base,123,93,0.7561,24.39,40,47,1.175,-17.5,0,0.219
code_003,code_comments,4,o200k_base,123,93,0.7561,24.39,40,46,1.15,-15.0,0,0.158
code_003,code_comments,5,cl100k_base,123,91,0.7398,26.02,40,47,1.175,-17.5,0,0.174
code_003,code_comments,5,o200k_base,123,91,0.7398,26.02,40,46,1.15,-15.0,0,0.174
code_004,code_comments,1,cl100k_base,127,122,0.9606,3.94,41,41,1.0,0.0,1,0.113
code_004,code_comments,1,o200k_base,127,122,0.9606,3.94,41,41,1.0,0.0,1,0.09
code_004,code_comments,2,cl100k_base,127,116,0.9134,8.66,41,37,0.9024,9.76,1,0.148
code_004,code_comments,2,o200k_base,127,116,0.9134,8.66,41,37,0.9024,9.76,1,0.137
code_004,code_comments,3,cl100k_base,127,116,0.9134,8.66,41,37,0.9024,9.76,1,0.147
code_004,code_comments,3,o200k_base,127,116,0.9134,8.66,41,37,0.9024,9.76,1,0.142
code_004,code_comments,4,cl100k_base,127,99,0.7795,22.05,41,50,1.2195,-21.95,0,0.217
code_004,code_comments,4,o200k_base,127,99,0.7795,22.05,41,50,1.2195,-21.95,0,0.163
code_004,code_comments,5,cl100k_base,127,99,0.7795,22.05,41,50,1.2195,-21.95,0,0.228
code_004,code_comments,5,o200k_base,127,99,0.7795,22.05,41,50,1.2195,-21.95,0,0.174
code_005,code_comments,1,cl100k_base,174,174,1.0,0.0,40,40,1.0,0.0,1,0.099
code_005,code_comments,1,o200k_base,174,174,1.0,0.0,39,39,1.0,0.0,1,0.082
code_005,code_comments,2,cl100k_base,174,143,0.8218,17.82,40,37,0.925,7.5,1,0.152
code_005,code_comments,2,o200k_base,174,143,0.8218,17.82,39,36,0.9231,7.69,1,0.135
code_005,code_comments,3,cl100k_base,174,139,0.7989,20.11,40,36,0.9,10.0,1,0.142
code_005,code_comments,3,o200k_base,174,139,0.7989,20.11,39,35,0.8974,10.26,1,0.136
code_005,code_comments,4,cl100k_base,174,110,0.6322,36.78,40,54,1.35,-35.0,0,0.184
code_005,code_comments,4,o200k_base,174,110,0.6322,36.78,39,53,1.359,-35.9,0,0.163
code_005,code_comments,5,cl100k_base,174,108,0.6207,37.93,40,55,1.375,-37.5,0,0.184
code_005,code_comments,5,o200k_base,174,108,0.6207,37.93,39,54,1.3846,-38.46,0,0.177
code_006,code_comments,1,cl100k_base,138,137,0.9928,0.72,36,36,1.0,0.0,1,0.09
code_006,code_comments,1,o200k_base,138,137,0.9928,0.72,36,36,1.0,0.0,1,0.074
code_006,code_comments,2,cl100k_base,138,137,0.9928,0.72,36,36,1.0,0.0,1,0.13
code_006,code_comments,2,o200k_base,138,137,0.9928,0.72,36,36,1.0,0.0,1,0.125
code_006,code_comments,3,cl100k_base,138,137,0.9928,0.72,36,36,1.0,0.0,1,0.15
code_006,code_comments,3,o200k_base,138,137,0.9928,0.72,36,36,1.0,0.0,1,0.133
code_006,code_comments,4,cl100k_base,138,104,0.7536,24.64,36,51,1.4167,-41.67,0,0.182
code_006,code_comments,4,o200k_base,138,104,0.7536,24.64,36,51,1.4167,-41.67,0,0.153
code_006,code_comments,5,cl100k_base,138,103,0.7464,25.36,36,51,1.4167,-41.67,0,0.169
code_006,code_comments,5,o200k_base,138,103,0.7464,25.36,36,51,1.4167,-41.67,0,0.165
code_007,code_comments,1,cl100k_base,123,118,0.9593,4.07,40,40,1.0,0.0,1,0.096
code_007,code_comments,1,o200k_base,123,118,0.9593,4.07,40,40,1.0,0.0,1,0.083
code_007,code_comments,2,cl100k_base,123,112,0.9106,8.94,40,36,0.9,10.0,1,0.132
code_007,code_comments,2,o200k_base,123,112,0.9106,8.94,40,36,0.9,10.0,1,0.145
code_007,code_comments,3,cl100k_base,123,112,0.9106,8.94,40,36,0.9,10.0,1,0.136
code_007,code_comments,3,o200k_base,123,112,0.9106,8.94,40,36,0.9,10.0,1,0.131
code_007,code_comments,4,cl100k_base,123,92,0.748,25.2,40,48,1.2,-20.0,0,0.157
code_007,code_comments,4,o200k_base,123,92,0.748,25.2,40,47,1.175,-17.5,0,0.152
code_007,code_comments,5,cl100k_base,123,92,0.748,25.2,40,48,1.2,-20.0,0,0.165
code_007,code_comments,5,o200k_base,123,92,0.748,25.2,40,47,1.175,-17.5,0,0.16
code_008,code_comments,1,cl100k_base,168,168,1.0,0.0,39,39,1.0,0.0,1,0.09
code_008,code_comments,1,o200k_base,168,168,1.0,0.0,38,38,1.0,0.0,1,0.08
code_008,code_comments,2,cl100k_base,168,137,0.8155,18.45,39,36,0.9231,7.69,1,0.157
code_008,code_comments,2,o200k_base,168,137,0.8155,18.45,38,35,0.9211,7.89,1,0.132
code_008,code_comments,3,cl100k_base,168,133,0.7917,20.83,39,35,0.8974,10.26,1,0.136
code_008,code_comments,3,o200k_base,168,133,0.7917,20.83,38,34,0.8947,10.53,1,0.133
code_008,code_comments,4,cl100k_base,168,101,0.6012,39.88,39,50,1.2821,-28.21,0,0.163
code_008,code_comments,4,o200k_base,168,101,0.6012,39.88,38,49,1.2895,-28.95,0,0.156
code_008,code_comments,5,cl100k_base,168,99,0.5893,41.07,39,51,1.3077,-30.77,0,0.176
code_008,code_comments,5,o200k_base,168,99,0.5893,41.07,38,50,1.3158,-31.58,0,0.178
code_009,code_comments,1,cl100k_base,166,166,1.0,0.0,39,39,1.0,0.0,0,0.085
code_009,code_comments,1,o200k_base,166,166,1.0,0.0,39,39,1.0,0.0,0,0.1
code_009,code_comments,2,cl100k_base,166,131,0.7892,21.08,39,37,0.9487,5.13,0,0.143
code_009,code_comments,2,o200k_base,166,131,0.7892,21.08,39,37,0.9487,5.13,0,0.134
code_009,code_comments,3,cl100k_base,166,117,0.7048,29.52,39,32,0.8205,17.95,0,0.137
code_009,code_comments,3,o200k_base,166,117,0.7048,29.52,39,32,0.8205,17.95,0,0.133
code_009,code_comments,4,cl100k_base,166,100,0.6024,39.76,39,42,1.0769,-7.69,0,0.173
code_009,code_comments,4,o200k_base,166,100,0.6024,39.76,39,42,1.0769,-7.69,0,0.155
code_009,code_comments,5,cl100k_base,166,99,0.5964,40.36,39,43,1.1026,-10.26,0,0.172
code_009,code_comments,5,o200k_base,166,99,0.5964,40.36,39,43,1.1026,-10.26,0,0.232
code_010,code_comments,1,cl100k_base,97,97,1.0,0.0,26,26,1.0,0.0,1,0.084
code_010,code_comments,1,o200k_base,97,97,1.0,0.0,26,26,1.0,0.0,1,0.063
code_010,code_comments,2,cl100k_base,97,97,1.0,0.0,26,26,1.0,0.0,1,0.114
code_010,code_comments,2,o200k_base,97,97,1.0,0.0,26,26,1.0,0.0,1,0.105
code_010,code_comments,3,cl100k_base,97,97,1.0,0.0,26,26,1.0,0.0,1,0.105
code_010,code_comments,3,o200k_base,97,97,1.0,0.0,26,26,1.0,0.0,1,0.101
code_010,code_comments,4,cl100k_base,97,72,0.7423,25.77,26,38,1.4615,-46.15,0,0.135
code_010,code_comments,4,o200k_base,97,72,0.7423,25.77,26,38,1.4615,-46.15,0,0.121
code_010,code_comments,5,cl100k_base,97,71,0.732,26.8,26,38,1.4615,-46.15,0,0.152
code_010,code_comments,5,o200k_base,97,71,0.732,26.8,26,39,1.5,-50.0,0,0.136
code_011,code_comments,1,cl100k_base,111,111,1.0,0.0,29,29,1.0,0.0,1,0.096
code_011,code_comments,1,o200k_base,111,111,1.0,0.0,31,31,1.0,0.0,1,0.065
code_011,code_comments,2,cl100k_base,111,111,1.0,0.0,29,29,1.0,0.0,1,0.142
code_011,code_comments,2,o200k_base,111,111,1.0,0.0,31,31,1.0,0.0,1,0.107
code_011,code_comments,3,cl100k_base,111,111,1.0,0.0,29,29,1.0,0.0,1,0.127
code_011,code_comments,3,o200k_base,111,111,1.0,0.0,31,31,1.0,0.0,1,0.112
code_011,code_comments,4,cl100k_base,111,82,0.7387,26.13,29,44,1.5172,-51.72,0,0.172
code_011,code_comments,4,o200k_base,111,82,0.7387,26.13,31,43,1.3871,-38.71,0,0.133
code_011,code_comments,5,cl100k_base,111,82,0.7387,26.13,29,44,1.5172,-51.72,0,0.153
code_011,code_comments,5,o200k_base,111,82,0.7387,26.13,31,43,1.3871,-38.71,0,0.177
code_012,code_comments,1,cl100k_base,105,105,1.0,0.0,27,27,1.0,0.0,1,0.072
code_012,code_comments,1,o200k_base,105,105,1.0,0.0,29,29,1.0,0.0,1,0.06
code_012,code_comments,2,cl100k_base,105,105,1.0,0.0,27,27,1.0,0.0,1,0.209
code_012,code_comments,2,o200k_base,105,105,1.0,0.0,29,29,1.0,0.0,1,0.134
code_012,code_comments,3,cl100k_base,105,105,1.0,0.0,27,27,1.0,0.0,1,0.113
code_012,code_comments,3,o200k_base,105,105,1.0,0.0,29,29,1.0,0.0,1,0.106
code_012,code_comments,4,cl100k_base,105,76,0.7238,27.62,27,42,1.5556,-55.56,0,0.144
code_012,code_comments,4,o200k_base,105,76,0.7238,27.62,29,42,1.4483,-44.83,0,0.131
code_012,code_comments,5,cl100k_base,105,76,0.7238,27.62,27,42,1.5556,-55.56,0,0.312
code_012,code_comments,5,o200k_base,105,76,0.7238,27.62,29,42,1.4483,-44.83,0,0.158
code_013,code_comments,1,cl100k_base,125,120,0.96,4.0,39,39,1.0,0.0,1,0.11
code_013,code_comments,1,o200k_base,125,120,0.96,4.0,40,40,1.0,0.0,1,0.09
code_013,code_comments,2,cl100k_base,125,114,0.912,8.8,39,35,0.8974,10.26,1,0.146
code_013,code_comments,2,o200k_base,125,114,0.912,8.8,40,36,0.9,10.0,1,0.141
code_013,code_comments,3,cl100k_base,125,114,0.912,8.8,39,35,0.8974,10.26,1,0.147
code_013,code_comments,3,o200k_base,125,114,0.912,8.8,40,36,0.9,10.0,1,0.164
code_013,code_comments,4,cl100k_base,125,94,0.752,24.8,39,48,1.2308,-23.08,0,0.162
code_013,code_comments,4,o200k_base,125,94,0.752,24.8,40,48,1.2,-20.0,0,0.15
code_013,code_comments,5,cl100k_base,125,93,0.744,25.6,39,48,1.2308,-23.08,0,0.164
code_013,code_comments,5,o200k_base,125,93,0.744,25.6,40,49,1.225,-22.5,0,0.16
code_014,code_comments,1,cl100k_base,121,116,0.9587,4.13,40,40,1.0,0.0,1,0.094
code_014,code_comments,1,o200k_base,121,116,0.9587,4.13,40,40,1.0,0.0,1,0.085
code_014,code_comments,2,cl100k_base,121,110,0.9091,9.09,40,36,0.9,10.0,1,0.131
code_014,code_comments,2,o200k_base,121,110,0.9091,9.09,40,36,0.9,10.0,1,0.127
code_014,code_comments,3,cl100k_base,121,110,0.9091,9.09,40,36,0.9,10.0,1,0.159
code_014,code_comments,3,o200k_base,121,110,0.9091,9.09,40,36,0.9,10.0,1,0.13
code_014,code_comments,4,cl100k_base,121,91,0.7521,24.79,40,45,1.125,-12.5,0,0.151
code_014,code_comments,4,o200k_base,121,91,0.7521,24.79,40,45,1.125,-12.5,0,0.148
code_014,code_comments,5,cl100k_base,121,91,0.7521,24.79,40,45,1.125,-12.5,0,0.164
code_014,code_comments,5,o200k_base,121,91,0.7521,24.79,40,45,1.125,-12.5,0,0.159
code_015,code_comments,1,cl100k_base,99,99,1.0,0.0,25,25,1.0,0.0,1,0.062
code_015,code_comments,1,o200k_base,99,99,1.0,0.0,27,27,1.0,0.0,1,0.056
code_015,code_comments,2,cl100k_base,99,99,1.0,0.0,25,25,1.0,0.0,1,0.099
code_015,code_comments,2,o200k_base,99,99,1.0,0.0,27,27,1.0,0.0,1,0.095
code_015,code_comments,3,cl100k_base,99,99,1.0,0.0,25,25,1.0,0.0,1,0.12
code_015,code_comments,3,o200k_base,99,99,1.0,0.0,27,27,1.0,0.0,1,0.098
code_015,code_comments,4,cl100k_base,99,74,0.7475,25.25,25,41,1.64,-64.0,0,0.124
code_015,code_comments,4,o200k_base,99,74,0.7475,25.25,27,40,1.4815,-48.15,0,0.117
code_015,code_comments,5,cl100k_base,99,73,0.7374,26.26,25,41,1.64,-64.0,0,0.132
code_015,code_comments,5,o200k_base,99,73,0.7374,26.26,27,40,1.4815,-48.15,0,0.127
code_016,code_comments,1,cl100k_base,104,104,1.0,0.0,25,25,1.0,0.0,1,0.06
code_016,code_comments,1,o200k_base,104,104,1.0,0.0,27,27,1.0,0.0,1,0.056
code_016,code_comments,2,cl100k_base,104,104,1.0,0.0,25,25,1.0,0.0,1,0.098
code_016,code_comments,2,o200k_base,104,104,1.0,0.0,27,27,1.0,0.0,1,0.095
code_016,code_comments,3,cl100k_base,104,104,1.0,0.0,25,25,1.0,0.0,1,0.1
code_016,code_comments,3,o200k_base,104,104,1.0,0.0,27,27,1.0,0.0,1,0.098
code_016,code_comments,4,cl100k_base,104,76,0.7308,26.92,25,44,1.76,-76.0,0,0.145
code_016,code_comments,4,o200k_base,104,76,0.7308,26.92,27,43,1.5926,-59.26,0,0.122
code_016,code_comments,5,cl100k_base,104,76,0.7308,26.92,25,44,1.76,-76.0,0,0.134
code_016,code_comments,5,o200k_base,104,76,0.7308,26.92,27,43,1.5926,-59.26,0,0.133
code_017,code_comments,1,cl100k_base,191,191,1.0,0.0,43,43,1.0,0.0,1,0.102
code_017,code_comments,1,o200k_base,191,191,1.0,0.0,42,42,1.0,0.0,1,0.087
code_017,code_comments,2,cl100k_base,191,160,0.8377,16.23,43,40,0.9302,6.98,1,0.148
code_017,code_comments,2,o200k_base,191,160,0.8377,16.23,42,39,0.9286,7.14,1,0.142
code_017,code_comments,3,cl100k_base,191,156,0.8168,18.32,43,39,0.907,9.3,1,0.149
code_017,code_comments,3,o200k_base,191,156,0.8168,18.32,42,38,0.9048,9.52,1,0.218
code_017,code_comments,4,cl100k_base,191,117,0.6126,38.74,43,58,1.3488,-34.88,0,0.24
code_017,code_comments,4,o200k_base,191,117,0.6126,38.74,42,57,1.3571,-35.71,0,0.181
code_017,code_comments,5,cl100k_base,191,115,0.6021,39.79,43,59,1.3721,-37.21,0,0.204
code_017,code_comments,5,o200k_base,191,115,0.6021,39.79,42,58,1.381,-38.1,0,0.193
code_018,code_comments,1,cl100k_base,176,176,1.0,0.0,41,41,1.0,0.0,1,0.097
code_018,code_comments,1,o200k_base,176,176,1.0,0.0,40,40,1.0,0.0,1,0.084
code_018,code_comments,2,cl100k_base,176,145,0.8239,17.61,41,38,0.9268,7.32,1,0.169
code_018,code_comments,2,o200k_base,176,145,0.8239,17.61,40,37,0.925,7.5,1,0.139
code_018,code_comments,3,cl100k_base,176,141,0.8011,19.89,41,37,0.9024,9.76,1,0.145
code_018,code_comments,3,o200k_base,176,141,0.8011,19.89,40,36,0.9,10.0,1,0.14
code_018,code_comments,4,cl100k_base,176,107,0.608,39.2,41,54,1.3171,-31.71,0,0.17
code_018,code_comments,4,o200k_base,176,107,0.608,39.2,40,52,1.3,-30.0,0,0.164
code_018,code_comments,5,cl100k_base,176,105,0.5966,40.34,41,55,1.3415,-34.15,0,0.185
code_018,code_comments,5,o200k_base,176,105,0.5966,40.34,40,53,1.325,-32.5,0,0.179
code_019,code_comments,1,cl100k_base,147,146,0.9932,0.68,37,37,1.0,0.0,1,0.092
code_019,code_comments,1,o200k_base,147,146,0.9932,0.68,39,39,1.0,0.0,1,0.08
code_019,code_comments,2,cl100k_base,147,146,0.9932,0.68,37,37,1.0,0.0,1,0.137
code_019,code_comments,2,o200k_base,147,146,0.9932,0.68,39,39,1.0,0.0,1,0.13
code_019,code_comments,3,cl100k_base,147,146,0.9932,0.68,37,37,1.0,0.0,1,0.136
code_019,code_comments,3,o200k_base,147,146,0.9932,0.68,39,39,1.0,0.0,1,0.133
code_019,code_comments,4,cl100k_base,147,111,0.7551,24.49,37,54,1.4595,-45.95,0,0.168
code_019,code_comments,4,o200k_base,147,111,0.7551,24.49,39,54,1.3846,-38.46,0,0.159
code_019,code_comments,5,cl100k_base,147,110,0.7483,25.17,37,54,1.4595,-45.95,0,0.178
code_019,code_comments,5,o200k_base,147,110,0.7483,25.17,39,54,1.3846,-38.46,0,0.196
code_020,code_comments,1,cl100k_base,127,122,0.9606,3.94,41,41,1.0,0.0,1,0.1
code_020,code_comments,1,o200k_base,127,122,0.9606,3.94,41,41,1.0,0.0,1,0.086
code_020,code_comments,2,cl100k_base,127,116,0.9134,8.66,41,37,0.9024,9.76,1,0.136
code_020,code_comments,2,o200k_base,127,116,0.9134,8.66,41,37,0.9024,9.76,1,0.129
code_020,code_comments,3,cl100k_base,127,116,0.9134,8.66,41,37,0.9024,9.76,1,0.135
code_020,code_comments,3,o200k_base,127,116,0.9134,8.66,41,37,0.9024,9.76,1,0.131
code_020,code_comments,4,cl100k_base,127,92,0.7244,27.56,41,48,1.1707,-17.07,0,0.156
code_020,code_comments,4,o200k_base,127,92,0.7244,27.56,41,47,1.1463,-14.63,0,0.152
code_020,code_comments,5,cl100k_base,127,92,0.7244,27.56,41,48,1.1707,-17.07,0,0.19
code_020,code_comments,5,o200k_base,127,92,0.7244,27.56,41,47,1.1463,-14.63,0,0.163
code_021,code_comments,1,cl100k_base,128,123,0.9609,3.91,39,39,1.0,0.0,1,0.092
code_021,code_comments,1,o200k_base,128,123,0.9609,3.91,41,41,1.0,0.0,1,0.082
code_021,code_comments,2,cl100k_base,128,117,0.9141,8.59,39,35,0.8974,10.26,1,0.131
code_021,code_comments,2,o200k_base,128,117,0.9141,8.59,41,37,0.9024,9.76,1,0.126
code_021,code_comments,3,cl100k_base,128,117,0.9141,8.59,39,35,0.8974,10.26,1,0.132
code_021,code_comments,3,o200k_base,128,117,0.9141,8.59,41,37,0.9024,9.76,1,0.128
code_021,code_comments,4,cl100k_base,128,96,0.75,25.0,39,48,1.2308,-23.08,0,0.154
code_021,code_comments,4,o200k_base,128,96,0.75,25.0,41,48,1.1707,-17.07,0,0.17
code_021,code_comments,5,cl100k_base,128,96,0.75,25.0,39,48,1.2308,-23.08,0,0.168
code_021,code_comments,5,o200k_base,128,96,0.75,25.0,41,48,1.1707,-17.07,0,0.162
code_022,code_comments,1,cl100k_base,101,101,1.0,0.0,28,28,1.0,0.0,1,0.07
code_022,code_comments,1,o200k_base,101,101,1.0,0.0,28,28,1.0,0.0,1,0.06
code_022,code_comments,2,cl100k_base,101,101,1.0,0.0,28,28,1.0,0.0,1,0.105
code_022,code_comments,2,o200k_base,101,101,1.0,0.0,28,28,1.0,0.0,1,0.099
code_022,code_comments,3,cl100k_base,101,101,1.0,0.0,28,28,1.0,0.0,1,0.104
code_022,code_comments,3,o200k_base,101,101,1.0,0.0,28,28,1.0,0.0,1,0.101
code_022,code_comments,4,cl100k_base,101,75,0.7426,25.74,28,42,1.5,-50.0,0,0.127
code_022,code_comments,4,o200k_base,101,75,0.7426,25.74,28,41,1.4643,-46.43,0,0.122
code_022,code_comments,5,cl100k_base,101,73,0.7228,27.72,28,42,1.5,-50.0,0,0.194
code_022,code_comments,5,o200k_base,101,73,0.7228,27.72,28,41,1.4643,-46.43,0,0.134
code_023,code_comments,1,cl100k_base,190,190,1.0,0.0,44,44,1.0,0.0,0,0.095
code_023,code_comments,1,o200k_base,190,190,1.0,0.0,44,44,1.0,0.0,0,0.086
code_023,code_comments,2,cl100k_base,190,155,0.8158,18.42,44,42,0.9545,4.55,0,0.154
code_023,code_comments,2,o200k_base,190,155,0.8158,18.42,44,42,0.9545,4.55,0,0.149
code_023,code_comments,3,cl100k_base,190,141,0.7421,25.79,44,37,0.8409,15.91,0,0.152
code_023,code_comments,3,o200k_base,190,141,0.7421,25.79,44,37,0.8409,15.91,0,0.149
code_023,code_comments,4,cl100k_base,190,113,0.5947,40.53,44,50,1.1364,-13.64,0,0.182
code_023,code_comments,4,o200k_base,190,113,0.5947,40.53,44,50,1.1364,-13.64,0,0.18
code_023,code_comments,5,cl100k_base,190,112,0.5895,41.05,44,51,1.1591,-15.91,0,0.195
code_023,code_comments,5,o200k_base,190,112,0.5895,41.05,44,51,1.1591,-15.91,0,0.19
code_024,code_comments,1,cl100k_base,179,179,1.0,0.0,39,39,1.0,0.0,1,0.095
code_024,code_comments,1,o200k_base,179,179,1.0,0.0,39,39,1.0,0.0,1,0.083
code_024,code_comments,2,cl100k_base,179,148,0.8268,17.32,39,36,0.9231,7.69,1,0.248
code_024,code_comments,2,o200k_base,179,148,0.8268,17.32,39,36,0.9231,7.69,1,0.232
code_024,code_comments,3,cl100k_base,179,144,0.8045,19.55,39,35,0.8974,10.26,1,0.168
code_024,code_comments,3,o200k_base,179,144,0.8045,19.55,39,35,0.8974,10.26,1,0.144
code_024,code_comments,4,cl100k_base,179,110,0.6145,38.55,39,53,1.359,-35.9,0,0.181
code_024,code_comments,4,o200k_base,179,110,0.6145,38.55,39,52,1.3333,-33.33,0,0.167
code_024,code_comments,5,cl100k_base,179,107,0.5978,40.22,39,54,1.3846,-38.46,0,0.189
code_024,code_comments,5,o200k_base,179,107,0.5978,40.22,39,54,1.3846,-38.46,0,0.182
code_025,code_comments,1,cl100k_base,168,168,1.0,0.0,40,40,1.0,0.0,1,0.091
code_025,code_comments,1,o200k_base,168,168,1.0,0.0,39,39,1.0,0.0,1,0.083
code_025,code_comments,2,cl100k_base,168,137,0.8155,18.45,40,37,0.925,7.5,1,0.136
code_025,code_comments,2,o200k_base,168,137,0.8155,18.45,39,36,0.9231,7.69,1,0.13
code_025,code_comments,3,cl100k_base,168,133,0.7917,20.83,40,36,0.9,10.0,1,0.137
code_025,code_comments,3,o200k_base,168,133,0.7917,20.83,39,35,0.8974,10.26,1,0.134
code_025,code_comments,4,cl100k_base,168,103,0.6131,38.69,40,51,1.275,-27.5,0,0.162
code_025,code_comments,4,o200k_base,168,103,0.6131,38.69,39,48,1.2308,-23.08,0,0.157
code_025,code_comments,5,cl100k_base,168,101,0.6012,39.88,40,52,1.3,-30.0,0,0.31
code_025,code_comments,5,o200k_base,168,101,0.6012,39.88,39,49,1.2564,-25.64,0,0.183
code_026,code_comments,1,cl100k_base,184,184,1.0,0.0,42,42,1.0,0.0,1,0.102
code_026,code_comments,1,o200k_base,184,184,1.0,0.0,41,41,1.0,0.0,1,0.087
code_026,code_comments,2,cl100k_base,184,153,0.8315,16.85,42,39,0.9286,7.14,1,0.147
code_026,code_comments,2,o200k_base,184,153,0.8315,16.85,41,38,0.9268,7.32,1,0.141
code_026,code_comments,3,cl100k_base,184,149,0.8098,19.02,42,38,0.9048,9.52,1,0.148
code_026,code_comments,3,o200k_base,184,149,0.8098,19.02,41,37,0.9024,9.76,1,0.171
code_026,code_comments,4,cl100k_base,184,114,0.6196,38.04,42,56,1.3333,-33.33,0,0.181
code_026,code_comments,4,o200k_base,184,114,0.6196,38.04,41,53,1.2927,-29.27,0,0.172
code_026,code_comments,5,cl100k_base,184,112,0.6087,39.13,42,57,1.3571,-35.71,0,0.193
code_026,code_comments,5,o200k_base,184,112,0.6087,39.13,41,54,1.3171,-31.71,0,0.188
code_027,code_comments,1,cl100k_base,175,175,1.0,0.0,40,40,1.0,0.0,1,0.093
code_027,code_comments,1,o200k_base,175,175,1.0,0.0,39,39,1.0,0.0,1,0.082
code_027,code_comments,2,cl100k_base,175,144,0.8229,17.71,40,37,0.925,7.5,1,0.139
code_027,code_comments,2,o200k_base,175,144,0.8229,17.71,39,36,0.9231,7.69,1,0.134
code_027,code_comments,3,cl100k_base,175,140,0.8,20.0,40,36,0.9,10.0,1,0.147
code_027,code_comments,3,o200k_base,175,140,0.8,20.0,39,35,0.8974,10.26,1,0.138
code_027,code_comments,4,cl100k_base,175,104,0.5943,40.57,40,54,1.35,-35.0,0,0.168
code_027,code_comments,4,o200k_base,175,104,0.5943,40.57,39,52,1.3333,-33.33,0,0.162
code_027,code_comments,5,cl100k_base,175,102,0.5829,41.71,40,55,1.375,-37.5,0,0.181
code_027,code_comments,5,o200k_base,175,102,0.5829,41.71,39,53,1.359,-35.9,0,0.176
code_028,code_comments,1,cl100k_base,186,186,1.0,0.0,43,43,1.0,0.0,0,0.093
code_028,code_comments,1,o200k_base,186,186,1.0,0.0,43,43,1.0,0.0,0,0.085
code_028,code_comments,2,cl100k_base,186,151,0.8118,18.82,43,41,0.9535,4.65,0,0.174
code_028,code_comments,2,o200k_base,186,151,0.8118,18.82,43,41,0.9535,4.65,0,0.148
code_028,code_comments,3,cl100k_base,186,137,0.7366,26.34,43,36,0.8372,16.28,0,0.15
code_028,code_comments,3,o200k_base,186,137,0.7366,26.34,43,36,0.8372,16.28,0,0.146
code_028,code_comments,4,cl100k_base,186,111,0.5968,40.32,43,50,1.1628,-16.28,0,0.178
code_028,code_comments,4,o200k_base,186,111,0.5968,40.32,43,49,1.1395,-13.95,0,0.172
code_028,code_comments,5,cl100k_base,186,110,0.5914,40.86,43,51,1.186,-18.6,0,0.19
code_028,code_comments,5,o200k_base,186,110,0.5914,40.86,43,50,1.1628,-16.28,0,0.187
code_029,code_comments,1,cl100k_base,97,97,1.0,0.0,27,27,1.0,0.0,1,0.074
code_029,code_comments,1,o200k_base,97,97,1.0,0.0,27,27,1.0,0.0,1,0.059
code_029,code_comments,2,cl100k_base,97,97,1.0,0.0,27,27,1.0,0.0,1,0.104
code_029,code_comments,2,o200k_base,97,97,1.0,0.0,27,27,1.0,0.0,1,0.098
code_029,code_comments,3,cl100k_base,97,97,1.0,0.0,27,27,1.0,0.0,1,0.103
code_029,code_comments,3,o200k_base,97,97,1.0,0.0,27,27,1.0,0.0,1,0.1
code_029,code_comments,4,cl100k_base,97,70,0.7216,27.84,27,40,1.4815,-48.15,0,0.125
code_029,code_comments,4,o200k_base,97,70,0.7216,27.84,27,39,1.4444,-44.44,0,0.12
code_029,code_comments,5,cl100k_base,97,70,0.7216,27.84,27,40,1.4815,-48.15,0,0.132
code_029,code_comments,5,o200k_base,97,70,0.7216,27.84,27,39,1.4444,-44.44,0,0.129
code_030,code_comments,1,cl100k_base,186,186,1.0,0.0,43,43,1.0,0.0,0,0.09
code_030,code_comments,1,o200k_base,186,186,1.0,0.0,43,43,1.0,0.0,0,0.085
code_030,code_comments,2,cl100k_base,186,151,0.8118,18.82,43,41,0.9535,4.65,0,0.157
code_030,code_comments,2,o200k_base,186,151,0.8118,18.82,43,41,0.9535,4.65,0,0.146
code_030,code_comments,3,cl100k_base,186,137,0.7366,26.34,43,36,0.8372,16.28,0,0.149
code_030,code_comments,3,o200k_base,186,137,0.7366,26.34,43,36,0.8372,16.28,0,0.146
code_030,code_comments,4,cl100k_base,186,109,0.586,41.4,43,50,1.1628,-16.28,0,0.176
code_030,code_comments,4,o200k_base,186,109,0.586,41.4,43,50,1.1628,-16.28,0,0.171
code_030,code_comments,5,cl100k_base,186,108,0.5806,41.94,43,51,1.186,-18.6,0,0.189
code_030,code_comments,5,o200k_base,186,108,0.5806,41.94,43,51,1.186,-18.6,0,0.202
code_031,code_comments,1,cl100k_base,108,108,1.0,0.0,29,29,1.0,0.0,1,0.161
code_031,code_comments,1,o200k_base,108,108,1.0,0.0,29,29,1.0,0.0,1,0.066
code_031,code_comments,2,cl100k_base,108,108,1.0,0.0,29,29,1.0,0.0,1,1.755
code_031,code_comments,2,o200k_base,108,108,1.0,0.0,29,29,1.0,0.0,1,0.156
code_031,code_comments,3,cl100k_base,108,108,1.0,0.0,29,29,1.0,0.0,1,0.118
code_031,code_comments,3,o200k_base,108,108,1.0,0.0,29,29,1.0,0.0,1,0.109
code_031,code_comments,4,cl100k_base,108,77,0.713,28.7,29,44,1.5172,-51.72,0,0.146
code_031,code_comments,4,o200k_base,108,77,0.713,28.7,29,43,1.4828,-48.28,0,0.131
code_031,code_comments,5,cl100k_base,108,77,0.713,28.7,29,44,1.5172,-51.72,0,0.147
code_031,code_comments,5,o200k_base,108,77,0.713,28.7,29,43,1.4828,-48.28,0,0.14
code_032,code_comments,1,cl100k_base,94,94,1.0,0.0,27,27,1.0,0.0,1,0.067
code_032,code_comments,1,o200k_base,94,94,1.0,0.0,27,27,1.0,0.0,1,0.058
code_032,code_comments,2,cl100k_base,94,94,1.0,0.0,27,27,1.0,0.0,1,0.1
code_032,code_comments,2,o200k_base,94,94,1.0,0.0,27,27,1.0,0.0,1,0.096
code_032,code_comments,3,cl100k_base,94,94,1.0,0.0,27,27,1.0,0.0,1,0.108
code_032,code_comments,3,o200k_base,94,94,1.0,0.0,27,27,1.0,0.0,1,0.098
code_032,code_comments,4,cl100k_base,94,71,0.7553,24.47,27,39,1.4444,-44.44,0,0.124
code_032,code_comments,4,o200k_base,94,71,0.7553,24.47,27,38,1.4074,-40.74,0,0.119
code_032,code_comments,5,cl100k_base,94,71,0.7553,24.47,27,39,1.4444,-44.44,0,0.134
code_032,code_comments,5,o200k_base,94,71,0.7553,24.47,27,38,1.4074,-40.74,0,0.129
code_033,code_comments,1,cl100k_base,141,140,0.9929,0.71,34,34,1.0,0.0,1,0.083
code_033,code_comments,1,o200k_base,141,140,0.9929,0.71,35,35,1.0,0.0,1,0.073
code_033,code_comments,2,cl100k_base,141,140,0.9929,0.71,34,34,1.0,0.0,1,0.129
code_033,code_comments,2,o200k_base,141,140,0.9929,0.71,35,35,1.0,0.0,1,0.124
code_033,code_comments,3,cl100k_base,141,140,0.9929,0.71,34,34,1.0,0.0,1,0.188
code_033,code_comments,3,o200k_base,141,140,0.9929,0.71,35,35,1.0,0.0,1,0.133
code_033,code_comments,4,cl100k_base,141,103,0.7305,26.95,34,50,1.4706,-47.06,0,0.173
code_033,code_comments,4,o200k_base,141,103,0.7305,26.95,35,50,1.4286,-42.86,0,0.197
code_033,code_comments,5,cl100k_base,141,103,0.7305,26.95,34,50,1.4706,-47.06,0,0.172
code_033,code_comments,5,o200k_base,141,103,0.7305,26.95,35,50,1.4286,-42.86,0,0.172
code_034,code_comments,1,cl100k_base,106,106,1.0,0.0,28,28,1.0,0.0,1,0.126
code_034,code_comments,1,o200k_base,106,106,1.0,0.0,28,28,1.0,0.0,1,0.062
code_034,code_comments,2,cl100k_base,106,106,1.0,0.0,28,28,1.0,0.0,1,0.109
code_034,code_comments,2,o200k_base,106,106,1.0,0.0,28,28,1.0,0.0,1,0.119
code_034,code_comments,3,cl100k_base,106,106,1.0,0.0,28,28,1.0,0.0,1,0.107
code_034,code_comments,3,o200k_base,106,106,1.0,0.0,28,28,1.0,0.0,1,0.103
code_034,code_comments,4,cl100k_base,106,77,0.7264,27.36,28,42,1.5,-50.0,0,0.136
code_034,code_comments,4,o200k_base,106,77,0.7264,27.36,28,43,1.5357,-53.57,0,0.125
code_034,code_comments,5,cl100k_base,106,77,0.7264,27.36,28,42,1.5,-50.0,0,0.14
code_034,code_comments,5,o200k_base,106,77,0.7264,27.36,28,43,1.5357,-53.57,0,0.137
code_035,code_comments,1,cl100k_base,191,191,1.0,0.0,47,47,1.0,0.0,0,0.102
code_035,code_comments,1,o200k_base,191,191,1.0,0.0,47,47,1.0,0.0,0,0.09
code_035,code_comments,2,cl100k_base,191,156,0.8168,18.32,47,45,0.9574,4.26,0,0.162
code_035,code_comments,2,o200k_base,191,156,0.8168,18.32,47,45,0.9574,4.26,0,0.164
code_035,code_comments,3,cl100k_base,191,142,0.7435,25.65,47,40,0.8511,14.89,0,0.159
code_035,code_comments,3,o200k_base,191,142,0.7435,25.65,47,40,0.8511,14.89,0,0.154
code_035,code_comments,4,cl100k_base,191,117,0.6126,38.74,47,53,1.1277,-12.77,0,0.188
code_035,code_comments,4,o200k_base,191,117,0.6126,38.74,47,53,1.1277,-12.77,0,0.18
code_035,code_comments,5,cl100k_base,191,116,0.6073,39.27,47,54,1.1489,-14.89,0,0.201
code_035,code_comments,5,o200k_base,191,116,0.6073,39.27,47,54,1.1489,-14.89,0,0.197
code_036,code_comments,1,cl100k_base,170,170,1.0,0.0,39,39,1.0,0.0,1,0.115
code_036,code_comments,1,o200k_base,170,170,1.0,0.0,38,38,1.0,0.0,1,0.081
code_036,code_comments,2,cl100k_base,170,139,0.8176,18.24,39,36,0.9231,7.69,1,0.138
code_036,code_comments,2,o200k_base,170,139,0.8176,18.24,38,35,0.9211,7.89,1,0.131
code_036,code_comments,3,cl100k_base,170,135,0.7941,20.59,39,35,0.8974,10.26,1,0.139
code_036,code_comments,3,o200k_base,170,135,0.7941,20.59,38,34,0.8947,10.53,1,0.134
code_036,code_comments,4,cl100k_base,170,104,0.6118,38.82,39,51,1.3077,-30.77,0,0.176
code_036,code_comments,4,o200k_base,170,104,0.6118,38.82,38,47,1.2368,-23.68,0,0.159
code_036,code_comments,5,cl100k_base,170,101,0.5941,40.59,39,52,1.3333,-33.33,0,0.178
code_036,code_comments,5,o200k_base,170,101,0.5941,40.59,38,48,1.2632,-26.32,0,0.196
code_037,code_comments,1,cl100k_base,173,173,1.0,0.0,42,42,1.0,0.0,0,0.087
code_037,code_comments,1,o200k_base,173,173,1.0,0.0,42,42,1.0,0.0,0,0.081
code_037,code_comments,2,cl100k_base,173,138,0.7977,20.23,42,40,0.9524,4.76,0,0.145
code_037,code_comments,2,o200k_base,173,138,0.7977,20.23,42,40,0.9524,4.76,0,0.139
code_037,code_comments,3,cl100k_base,173,124,0.7168,28.32,42,35,0.8333,16.67,0,0.142
code_037,code_comments,3,o200k_base,173,124,0.7168,28.32,42,35,0.8333,16.67,0,0.139
code_037,code_comments,4,cl100k_base,173,100,0.578,42.2,42,47,1.119,-11.9,0,0.268
code_037,code_comments,4,o200k_base,173,100,0.578,42.2,42,47,1.119,-11.9,0,0.222
code_037,code_comments,5,cl100k_base,173,99,0.5723,42.77,42,48,1.1429,-14.29,0,0.202
code_037,code_comments,5,o200k_base,173,99,0.5723,42.77,42,48,1.1429,-14.29,0,0.187
code_038,code_comments,1,cl100k_base,95,95,1.0,0.0,27,27,1.0,0.0,1,0.075
code_038,code_comments,1,o200k_base,95,95,1.0,0.0,27,27,1.0,0.0,1,0.06
code_038,code_comments,2,cl100k_base,95,95,1.0,0.0,27,27,1.0,0.0,1,0.138
code_038,code_comments,2,o200k_base,95,95,1.0,0.0,27,27,1.0,0.0,1,0.102
code_038,code_comments,3,cl100k_base,95,95,1.0,0.0,27,27,1.0,0.0,1,0.138
code_038,code_comments,3,o200k_base,95,95,1.0,0.0,27,27,1.0,0.0,1,0.106
code_038,code_comments,4,cl100k_base,95,72,0.7579,24.21,27,39,1.4444,-44.44,0,0.136
code_038,code_comments,4,o200k_base,95,72,0.7579,24.21,27,38,1.4074,-40.74,0,0.121
code_038,code_comments,5,cl100k_base,95,70,0.7368,26.32,27,39,1.4444,-44.44,0,0.144
code_038,code_comments,5,o200k_base,95,70,0.7368,26.32,27,38,1.4074,-40.74,0,0.131
code_039,code_comments,1,cl100k_base,121,116,0.9587,4.13,40,40,1.0,0.0,1,0.101
code_039,code_comments,1,o200k_base,121,116,0.9587,4.13,40,40,1.0,0.0,1,0.099
code_039,code_comments,2,cl100k_base,121,110,0.9091,9.09,40,36,0.9,10.0,1,0.183
code_039,code_comments,2,o200k_base,121,110,0.9091,9.09,40,36,0.9,10.0,1,0.132
code_039,code_comments,3,cl100k_base,121,110,0.9091,9.09,40,36,0.9,10.0,1,0.23
code_039,code_comments,3,o200k_base,121,110,0.9091,9.09,40,36,0.9,10.0,1,0.151
code_039,code_comments,4,cl100k_base,121,91,0.7521,24.79,40,46,1.15,-15.0,0,0.169
code_039,code_comments,4,o200k_base,121,91,0.7521,24.79,40,45,1.125,-12.5,0,0.154
code_039,code_comments,5,cl100k_base,121,91,0.7521,24.79,40,46,1.15,-15.0,0,0.175
code_039,code_comments,5,o200k_base,121,91,0.7521,24.79,40,45,1.125,-12.5,0,0.232
code_040,code_comments,1,cl100k_base,147,146,0.9932,0.68,38,38,1.0,0.0,1,0.14
code_040,code_comments,1,o200k_base,147,146,0.9932,0.68,38,38,1.0,0.0,1,0.088
code_040,code_comments,2,cl100k_base,147,146,0.9932,0.68,38,38,1.0,0.0,1,0.146
code_040,code_comments,2,o200k_base,147,146,0.9932,0.68,38,38,1.0,0.0,1,0.16
code_040,code_comments,3,cl100k_base,147,146,0.9932,0.68,38,38,1.0,0.0,1,0.14
code_040,code_comments,3,o200k_base,147,146,0.9932,0.68,38,38,1.0,0.0,1,0.134
code_040,code_comments,4,cl100k_base,147,107,0.7279,27.21,38,54,1.4211,-42.11,0,0.173
code_040,code_comments,4,o200k_base,147,107,0.7279,27.21,38,53,1.3947,-39.47,0,0.162
code_040,code_comments,5,cl100k_base,147,107,0.7279,27.21,38,54,1.4211,-42.11,0,0.178
code_040,code_comments,5,o200k_base,147,107,0.7279,27.21,38,53,1.3947,-39.47,0,0.174
code_041,code_comments,1,cl100k_base,142,141,0.993,0.7,35,35,1.0,0.0,1,0.084
code_041,code_comments,1,o200k_base,142,141,0.993,0.7,35,35,1.0,0.0,1,0.073
code_041,code_comments,2,cl100k_base,142,141,0.993,0.7,35,35,1.0,0.0,1,0.138
code_041,code_comments,2,o200k_base,142,141,0.993,0.7,35,35,1.0,0.0,1,0.125
code_041,code_comments,3,cl100k_base,142,141,0.993,0.7,35,35,1.0,0.0,1,0.131
code_041,code_comments,3,o200k_base,142,141,0.993,0.7,35,35,1.0,0.0,1,0.129
code_041,code_comments,4,cl100k_base,142,106,0.7465,25.35,35,50,1.4286,-42.86,0,0.16
code_041,code_comments,4,o200k_base,142,106,0.7465,25.35,35,50,1.4286,-42.86,0,0.153
code_041,code_comments,5,cl100k_base,142,106,0.7465,25.35,35,50,1.4286,-42.86,0,0.169
code_041,code_comments,5,o200k_base,142,106,0.7465,25.35,35,50,1.4286,-42.86,0,0.166
code_042,code_comments,1,cl100k_base,172,172,1.0,0.0,39,39,1.0,0.0,1,0.096
code_042,code_comments,1,o200k_base,172,172,1.0,0.0,38,38,1.0,0.0,1,0.09
code_042,code_comments,2,cl100k_base,172,141,0.8198,18.02,39,36,0.9231,7.69,1,0.14
code_042,code_comments,2,o200k_base,172,141,0.8198,18.02,38,35,0.9211,7.89,1,0.133
code_042,code_comments,3,cl100k_base,172,137,0.7965,20.35,39,35,0.8974,10.26,1,0.139
code_042,code_comments,3,o200k_base,172,137,0.7965,20.35,38,34,0.8947,10.53,1,0.135
code_042,code_comments,4,cl100k_base,172,104,0.6047,39.53,39,53,1.359,-35.9,0,0.168
code_042,code_comments,4,o200k_base,172,104,0.6047,39.53,38,49,1.2895,-28.95,0,0.16
code_042,code_comments,5,cl100k_base,172,102,0.593,40.7,39,54,1.3846,-38.46,0,0.18
code_042,code_comments,5,o200k_base,172,102,0.593,40.7,38,50,1.3158,-31.58,0,0.194
code_043,code_comments,1,cl100k_base,177,177,1.0,0.0,38,38,1.0,0.0,1,0.087
code_043,code_comments,1,o200k_base,177,177,1.0,0.0,39,39,1.0,0.0,1,0.079
code_043,code_comments,2,cl100k_base,177,146,0.8249,17.51,38,35,0.9211,7.89,1,0.136
code_043,code_comments,2,o200k_base,177,146,0.8249,17.51,39,36,0.9231,7.69,1,0.131
code_043,code_comments,3,cl100k_base,177,142,0.8023,19.77,38,34,0.8947,10.53,1,0.137
code_043,code_comments,3,o200k_base,177,142,0.8023,19.77,39,35,0.8974,10.26,1,0.133
code_043,code_comments,4,cl100k_base,177,108,0.6102,38.98,38,56,1.4737,-47.37,0,0.165
code_043,code_comments,4,o200k_base,177,108,0.6102,38.98,39,54,1.3846,-38.46,0,0.16
code_043,code_comments,5,cl100k_base,177,106,0.5989,40.11,38,57,1.5,-50.0,0,0.198
code_043,code_comments,5,o200k_base,177,106,0.5989,40.11,39,55,1.4103,-41.03,0,0.18
code_044,code_comments,1,cl100k_base,167,167,1.0,0.0,39,39,1.0,0.0,0,0.087
code_044,code_comments,1,o200k_base,167,167,1.0,0.0,39,39,1.0,0.0,0,0.078
code_044,code_comments,2,cl100k_base,167,132,0.7904,20.96,39,37,0.9487,5.13,0,0.14
code_044,code_comments,2,o200k_base,167,132,0.7904,20.96,39,37,0.9487,5.13,0,0.135
code_044,code_comments,3,cl100k_base,167,118,0.7066,29.34,39,32,0.8205,17.95,0,0.137
code_044,code_comments,3,o200k_base,167,118,0.7066,29.34,39,32,0.8205,17.95,0,0.179
code_044,code_comments,4,cl100k_base,167,98,0.5868,41.32,39,43,1.1026,-10.26,0,0.177
code_044,code_comments,4,o200k_base,167,98,0.5868,41.32,39,43,1.1026,-10.26,0,0.182
code_044,code_comments,5,cl100k_base,167,95,0.5689,43.11,39,44,1.1282,-12.82,0,0.176
code_044,code_comments,5,o200k_base,167,95,0.5689,43.11,39,44,1.1282,-12.82,0,0.17
code_045,code_comments,1,cl100k_base,125,120,0.96,4.0,40,40,1.0,0.0,1,0.097
code_045,code_comments,1,o200k_base,125,120,0.96,4.0,41,41,1.0,0.0,1,0.084
code_045,code_comments,2,cl100k_base,125,114,0.912,8.8,40,36,0.9,10.0,1,0.134
code_045,code_comments,2,o200k_base,125,114,0.912,8.8,41,37,0.9024,9.76,1,0.129
code_045,code_comments,3,cl100k_base,125,114,0.912,8.8,40,36,0.9,10.0,1,0.135
code_045,code_comments,3,o200k_base,125,114,0.912,8.8,41,37,0.9024,9.76,1,0.133
code_045,code_comments,4,cl100k_base,125,94,0.752,24.8,40,48,1.2,-20.0,0,0.189
code_045,code_comments,4,o200k_base,125,94,0.752,24.8,41,48,1.1707,-17.07,0,0.157
code_045,code_comments,5,cl100k_base,125,92,0.736,26.4,40,48,1.2,-20.0,0,0.172
code_045,code_comments,5,o200k_base,125,92,0.736,26.4,41,48,1.1707,-17.07,0,0.168
code_046,code_comments,1,cl100k_base,125,120,0.96,4.0,41,41,1.0,0.0,1,0.098
code_046,code_comments,1,o200k_base,125,120,0.96,4.0,43,43,1.0,0.0,1,0.088
code_046,code_comments,2,cl100k_base,125,114,0.912,8.8,41,37,0.9024,9.76,1,0.137
code_046,code_comments,2,o200k_base,125,114,0.912,8.8,43,39,0.907,9.3,1,0.132
code_046,code_comments,3,cl100k_base,125,114,0.912,8.8,41,37,0.9024,9.76,1,0.138
code_046,code_comments,3,o200k_base,125,114,0.912,8.8,43,39,0.907,9.3,1,0.137
code_046,code_comments,4,cl100k_base,125,95,0.76,24.0,41,47,1.1463,-14.63,0,0.156
code_046,code_comments,4,o200k_base,125,95,0.76,24.0,43,47,1.093,-9.3,0,0.152
code_046,code_comments,5,cl100k_base,125,94,0.752,24.8,41,47,1.1463,-14.63,0,0.168
code_046,code_comments,5,o200k_base,125,94,0.752,24.8,43,47,1.093,-9.3,0,0.163
code_047,code_comments,1,cl100k_base,168,168,1.0,0.0,39,39,1.0,0.0,1,0.094
code_047,code_comments,1,o200k_base,168,168,1.0,0.0,38,38,1.0,0.0,1,0.08
code_047,code_comments,2,cl100k_base,168,137,0.8155,18.45,39,36,0.9231,7.69,1,0.136
code_047,code_comments,2,o200k_base,168,137,0.8155,18.45,38,35,0.9211,7.89,1,0.131
code_047,code_comments,3,cl100k_base,168,133,0.7917,20.83,39,35,0.8974,10.26,1,0.143
code_047,code_comments,3,o200k_base,168,133,0.7917,20.83,38,34,0.8947,10.53,1,0.134
code_047,code_comments,4,cl100k_base,168,101,0.6012,39.88,39,50,1.2821,-28.21,0,0.165
code_047,code_comments,4,o200k_base,168,101,0.6012,39.88,38,49,1.2895,-28.95,0,0.158
code_047,code_comments,5,cl100k_base,168,99,0.5893,41.07,39,51,1.3077,-30.77,0,0.177
code_047,code_comments,5,o200k_base,168,99,0.5893,41.07,38,50,1.3158,-31.58,0,0.172
code_048,code_comments,1,cl100k_base,140,135,0.9643,3.57,41,41,1.0,0.0,1,0.094
code_048,code_comments,1,o200k_base,140,135,0.9643,3.57,43,43,1.0,0.0,1,0.086
code_048,code_comments,2,cl100k_base,140,129,0.9214,7.86,41,37,0.9024,9.76,1,0.161
code_048,code_comments,2,o200k_base,140,129,0.9214,7.86,43,39,0.907,9.3,1,0.134
code_048,code_comments,3,cl100k_base,140,129,0.9214,7.86,41,37,0.9024,9.76,1,0.138
code_048,code_comments,3,o200k_base,140,129,0.9214,7.86,43,39,0.907,9.3,1,0.135
code_048,code_comments,4,cl100k_base,140,103,0.7357,26.43,41,52,1.2683,-26.83,0,0.166
code_048,code_comments,4,o200k_base,140,103,0.7357,26.43,43,51,1.186,-18.6,0,0.159
code_048,code_comments,5,cl100k_base,140,103,0.7357,26.43,41,52,1.2683,-26.83,0,0.177
code_048,code_comments,5,o200k_base,140,103,0.7357,26.43,43,51,1.186,-18.6,0,0.172
code_049,code_comments,1,cl100k_base,128,123,0.9609,3.91,41,41,1.0,0.0,1,0.095
code_049,code_comments,1,o200k_base,128,123,0.9609,3.91,41,41,1.0,0.0,1,0.088
code_049,code_comments,2,cl100k_base,128,117,0.9141,8.59,41,37,0.9024,9.76,1,0.135
code_049,code_comments,2,o200k_base,128,117,0.9141,8.59,41,37,0.9024,9.76,1,0.129
code_049,code_comments,3,cl100k_base,128,117,0.9141,8.59,41,37,0.9024,9.76,1,0.135
code_049,code_comments,3,o200k_base,128,117,0.9141,8.59,41,37,0.9024,9.76,1,0.132
code_049,code_comments,4,cl100k_base,128,93,0.7266,27.34,41,48,1.1707,-17.07,0,0.156
code_049,code_comments,4,o200k_base,128,93,0.7266,27.34,41,48,1.1707,-17.07,0,0.151
code_049,code_comments,5,cl100k_base,128,93,0.7266,27.34,41,48,1.1707,-17.07,0,0.166
code_049,code_comments,5,o200k_base,128,93,0.7266,27.34,41,48,1.1707,-17.07,0,0.183
code_050,code_comments,1,cl100k_base,170,170,1.0,0.0,39,39,1.0,0.0,0,0.087
code_050,code_comments,1,o200k_base,170,170,1.0,0.0,39,39,1.0,0.0,0,0.078
code_050,code_comments,2,cl100k_base,170,135,0.7941,20.59,39,37,0.9487,5.13,0,0.142
code_050,code_comments,2,o200k_base,170,135,0.7941,20.59,39,37,0.9487,5.13,0,0.136
code_050,code_comments,3,cl100k_base,170,121,0.7118,28.82,39,32,0.8205,17.95,0,0.139
code_050,code_comments,3,o200k_base,170,121,0.7118,28.82,39,32,0.8205,17.95,0,0.136
code_050,code_comments,4,cl100k_base,170,97,0.5706,42.94,39,44,1.1282,-12.82,0,0.163
code_050,code_comments,4,o200k_base,170,97,0.5706,42.94,39,44,1.1282,-12.82,0,0.157
code_050,code_comments,5,cl100k_base,170,96,0.5647,43.53,39,45,1.1538,-15.38,0,0.194
code_050,code_comments,5,o200k_base,170,96,0.5647,43.53,39,45,1.1538,-15.38,0,0.174
code_051,code_comments,1,cl100k_base,99,99,1.0,0.0,27,27,1.0,0.0,1,0.072
code_051,code_comments,1,o200k_base,99,99,1.0,0.0,27,27,1.0,0.0,1,0.06
code_051,code_comments,2,cl100k_base,99,99,1.0,0.0,27,27,1.0,0.0,1,0.103
code_051,code_comments,2,o200k_base,99,99,1.0,0.0,27,27,1.0,0.0,1,0.099
code_051,code_comments,3,cl100k_base,99,99,1.0,0.0,27,27,1.0,0.0,1,0.104
code_051,code_comments,3,o200k_base,99,99,1.0,0.0,27,27,1.0,0.0,1,0.127
code_051,code_comments,4,cl100k_base,99,74,0.7475,25.25,27,41,1.5185,-51.85,0,0.234
code_051,code_comments,4,o200k_base,99,74,0.7475,25.25,27,41,1.5185,-51.85,0,0.151
code_051,code_comments,5,cl100k_base,99,74,0.7475,25.25,27,41,1.5185,-51.85,0,0.144
code_051,code_comments,5,o200k_base,99,74,0.7475,25.25,27,41,1.5185,-51.85,0,0.135
code_052,code_comments,1,cl100k_base,142,141,0.993,0.7,36,36,1.0,0.0,1,0.085
code_052,code_comments,1,o200k_base,142,141,0.993,0.7,36,36,1.0,0.0,1,0.074
code_052,code_comments,2,cl100k_base,142,141,0.993,0.7,36,36,1.0,0.0,1,0.13
code_052,code_comments,2,o200k_base,142,141,0.993,0.7,36,36,1.0,0.0,1,0.125
code_052,code_comments,3,cl100k_base,142,141,0.993,0.7,36,36,1.0,0.0,1,0.131
code_052,code_comments,3,o200k_base,142,141,0.993,0.7,36,36,1.0,0.0,1,0.164
code_052,code_comments,4,cl100k_base,142,105,0.7394,26.06,36,52,1.4444,-44.44,0,0.188
code_052,code_comments,4,o200k_base,142,105,0.7394,26.06,36,51,1.4167,-41.67,0,0.175
code_052,code_comments,5,cl100k_base,142,105,0.7394,26.06,36,52,1.4444,-44.44,0,0.177
code_052,code_comments,5,o200k_base,142,105,0.7394,26.06,36,51,1.4167,-41.67,0,0.17
code_053,code_comments,1,cl100k_base,183,183,1.0,0.0,41,41,1.0,0.0,1,0.102
code_053,code_comments,1,o200k_base,183,183,1.0,0.0,40,40,1.0,0.0,1,0.087
code_053,code_comments,2,cl100k_base,183,152,0.8306,16.94,41,38,0.9268,7.32,1,0.148
code_053,code_comments,2,o200k_base,183,152,0.8306,16.94,40,37,0.925,7.5,1,0.139
code_053,code_comments,3,cl100k_base,183,148,0.8087,19.13,41,37,0.9024,9.76,1,0.146
code_053,code_comments,3,o200k_base,183,148,0.8087,19.13,40,36,0.9,10.0,1,0.142
code_053,code_comments,4,cl100k_base,183,109,0.5956,40.44,41,56,1.3659,-36.59,0,0.178
code_053,code_comments,4,o200k_base,183,109,0.5956,40.44,40,54,1.35,-35.0,0,0.168
code_053,code_comments,5,cl100k_base,183,107,0.5847,41.53,41,57,1.3902,-39.02,0,0.19
code_053,code_comments,5,o200k_base,183,107,0.5847,41.53,40,55,1.375,-37.5,0,0.191
code_054,code_comments,1,cl100k_base,145,144,0.9931,0.69,34,34,1.0,0.0,1,0.08
code_054,code_comments,1,o200k_base,145,144,0.9931,0.69,36,36,1.0,0.0,1,0.071
code_054,code_comments,2,cl100k_base,145,144,0.9931,0.69,34,34,1.0,0.0,1,0.128
code_054,code_comments,2,o200k_base,145,144,0.9931,0.69,36,36,1.0,0.0,1,0.122
code_054,code_comments,3,cl100k_base,145,144,0.9931,0.69,34,34,1.0,0.0,1,0.15
code_054,code_comments,3,o200k_base,145,144,0.9931,0.69,36,36,1.0,0.0,1,0.131
code_054,code_comments,4,cl100k_base,145,108,0.7448,25.52,34,55,1.6176,-61.76,0,0.177
code_054,code_comments,4,o200k_base,145,108,0.7448,25.52,36,53,1.4722,-47.22,0,0.155
code_054,code_comments,5,cl100k_base,145,107,0.7379,26.21,34,55,1.6176,-61.76,0,0.172
code_054,code_comments,5,o200k_base,145,107,0.7379,26.21,36,54,1.5,-50.0,0,0.168
code_055,code_comments,1,cl100k_base,137,136,0.9927,0.73,35,35,1.0,0.0,1,0.08
code_055,code_comments,1,o200k_base,137,136,0.9927,0.73,35,35,1.0,0.0,1,0.072
code_055,code_comments,2,cl100k_base,137,136,0.9927,0.73,35,35,1.0,0.0,1,0.133
code_055,code_comments,2,o200k_base,137,136,0.9927,0.73,35,35,1.0,0.0,1,0.123
code_055,code_comments,3,cl100k_base,137,136,0.9927,0.73,35,35,1.0,0.0,1,0.128
code_055,code_comments,3,o200k_base,137,136,0.9927,0.73,35,35,1.0,0.0,1,0.126
code_055,code_comments,4,cl100k_base,137,100,0.7299,27.01,35,51,1.4571,-45.71,0,0.156
code_055,code_comments,4,o200k_base,137,100,0.7299,27.01,35,51,1.4571,-45.71,0,0.15
code_055,code_comments,5,cl100k_base,137,100,0.7299,27.01,35,51,1.4571,-45.71,0,0.165
code_055,code_comments,5,o200k_base,137,100,0.7299,27.01,35,51,1.4571,-45.71,0,0.162
code_056,code_comments,1,cl100k_base,165,165,1.0,0.0,39,39,1.0,0.0,0,0.086
code_056,code_comments,1,o200k_base,165,165,1.0,0.0,39,39,1.0,0.0,0,0.088
code_056,code_comments,2,cl100k_base,165,130,0.7879,21.21,39,37,0.9487,5.13,0,0.143
code_056,code_comments,2,o200k_base,165,130,0.7879,21.21,39,37,0.9487,5.13,0,0.134
code_056,code_comments,3,cl100k_base,165,116,0.703,29.7,39,32,0.8205,17.95,0,0.137
code_056,code_comments,3,o200k_base,165,116,0.703,29.7,39,32,0.8205,17.95,0,0.134
code_056,code_comments,4,cl100k_base,165,96,0.5818,41.82,39,43,1.1026,-10.26,0,0.161
code_056,code_comments,4,o200k_base,165,96,0.5818,41.82,39,43,1.1026,-10.26,0,0.155
code_056,code_comments,5,cl100k_base,165,95,0.5758,42.42,39,44,1.1282,-12.82,0,0.169
code_056,code_comments,5,o200k_base,165,95,0.5758,42.42,39,44,1.1282,-12.82,0,0.18
code_057,code_comments,1,cl100k_base,102,102,1.0,0.0,28,28,1.0,0.0,1,0.074
code_057,code_comments,1,o200k_base,102,102,1.0,0.0,28,28,1.0,0.0,1,0.06
code_057,code_comments,2,cl100k_base,102,102,1.0,0.0,28,28,1.0,0.0,1,0.106
code_057,code_comments,2,o200k_base,102,102,1.0,0.0,28,28,1.0,0.0,1,0.099
code_057,code_comments,3,cl100k_base,102,102,1.0,0.0,28,28,1.0,0.0,1,0.104
code_057,code_comments,3,o200k_base,102,102,1.0,0.0,28,28,1.0,0.0,1,0.102
code_057,code_comments,4,cl100k_base,102,74,0.7255,27.45,28,42,1.5,-50.0,0,0.129
code_057,code_comments,4,o200k_base,102,74,0.7255,27.45,28,42,1.5,-50.0,0,0.122
code_057,code_comments,5,cl100k_base,102,74,0.7255,27.45,28,42,1.5,-50.0,0,0.137
code_057,code_comments,5,o200k_base,102,74,0.7255,27.45,28,42,1.5,-50.0,0,0.132
code_058,code_comments,1,cl100k_base,166,166,1.0,0.0,39,39,1.0,0.0,0,0.083
code_058,code_comments,1,o200k_base,166,166,1.0,0.0,39,39,1.0,0.0,0,0.087
code_058,code_comments,2,cl100k_base,166,131,0.7892,21.08,39,37,0.9487,5.13,0,0.141
code_058,code_comments,2,o200k_base,166,131,0.7892,21.08,39,37,0.9487,5.13,0,0.135
code_058,code_comments,3,cl100k_base,166,117,0.7048,29.52,39,32,0.8205,17.95,0,0.137
code_058,code_comments,3,o200k_base,166,117,0.7048,29.52,39,32,0.8205,17.95,0,0.134
code_058,code_comments,4,cl100k_base,166,99,0.5964,40.36,39,42,1.0769,-7.69,0,0.163
code_058,code_comments,4,o200k_base,166,99,0.5964,40.36,39,41,1.0513,-5.13,0,0.232
code_058,code_comments,5,cl100k_base,166,94,0.5663,43.37,39,43,1.1026,-10.26,0,0.176
code_058,code_comments,5,o200k_base,166,94,0.5663,43.37,39,42,1.0769,-7.69,0,0.208
code_059,code_comments,1,cl100k_base,171,171,1.0,0.0,39,39,1.0,0.0,1,0.097
code_059,code_comments,1,o200k_base,171,171,1.0,0.0,38,38,1.0,0.0,1,0.082
code_059,code_comments,2,cl100k_base,171,140,0.8187,18.13,39,36,0.9231,7.69,1,0.137
code_059,code_comments,2,o200k_base,171,140,0.8187,18.13,38,35,0.9211,7.89,1,0.132
code_059,code_comments,3,cl100k_base,171,136,0.7953,20.47,39,35,0.8974,10.26,1,0.138
code_059,code_comments,3,o200k_base,171,136,0.7953,20.47,38,34,0.8947,10.53,1,0.135
code_059,code_comments,4,cl100k_base,171,103,0.6023,39.77,39,52,1.3333,-33.33,0,0.168
code_059,code_comments,4,o200k_base,171,103,0.6023,39.77,38,49,1.2895,-28.95,0,0.159
code_059,code_comments,5,cl100k_base,171,101,0.5906,40.94,39,53,1.359,-35.9,0,0.202
code_059,code_comments,5,o200k_base,171,101,0.5906,40.94,38,50,1.3158,-31.58,0,0.174
code_060,code_comments,1,cl100k_base,124,119,0.9597,4.03,40,40,1.0,0.0,1,0.101
code_060,code_comments,1,o200k_base,124,119,0.9597,4.03,40,40,1.0,0.0,1,0.085
code_060,code_comments,2,cl100k_base,124,113,0.9113,8.87,40,36,0.9,10.0,1,0.244
code_060,code_comments,2,o200k_base,124,113,0.9113,8.87,40,36,0.9,10.0,1,0.154
code_060,code_comments,3,cl100k_base,124,113,0.9113,8.87,40,36,0.9,10.0,1,0.141
code_060,code_comments,3,o200k_base,124,113,0.9113,8.87,40,36,0.9,10.0,1,0.133
code_060,code_comments,4,cl100k_base,124,95,0.7661,23.39,40,48,1.2,-20.0,0,0.165
code_060,code_comments,4,o200k_base,124,95,0.7661,23.39,40,48,1.2,-20.0,0,0.155
code_060,code_comments,5,cl100k_base,124,94,0.7581,24.19,40,48,1.2,-20.0,0,0.169
code_060,code_comments,5,o200k_base,124,94,0.7581,24.19,40,49,1.225,-22.5,0,0.163
code_061,code_comments,1,cl100k_base,133,128,0.9624,3.76,41,41,1.0,0.0,1,0.095
code_061,code_comments,1,o200k_base,133,128,0.9624,3.76,42,42,1.0,0.0,1,0.122
code_061,code_comments,2,cl100k_base,133,122,0.9173,8.27,41,37,0.9024,9.76,1,0.14
code_061,code_comments,2,o200k_base,133,122,0.9173,8.27,42,38,0.9048,9.52,1,0.13
code_061,code_comments,3,cl100k_base,133,122,0.9173,8.27,41,37,0.9024,9.76,1,0.137
code_061,code_comments,3,o200k_base,133,122,0.9173,8.27,42,38,0.9048,9.52,1,0.133
code_061,code_comments,4,cl100k_base,133,97,0.7293,27.07,41,52,1.2683,-26.83,0,0.169
code_061,code_comments,4,o200k_base,133,97,0.7293,27.07,42,51,1.2143,-21.43,0,0.161
code_061,code_comments,5,cl100k_base,133,97,0.7293,27.07,41,52,1.2683,-26.83,0,0.18
code_061,code_comments,5,o200k_base,133,97,0.7293,27.07,42,51,1.2143,-21.43,0,0.214
code_062,code_comments,1,cl100k_base,147,146,0.9932,0.68,36,36,1.0,0.0,1,0.1
code_062,code_comments,1,o200k_base,147,146,0.9932,0.68,37,37,1.0,0.0,1,0.077
code_062,code_comments,2,cl100k_base,147,146,0.9932,0.68,36,36,1.0,0.0,1,0.145
code_062,code_comments,2,o200k_base,147,146,0.9932,0.68,37,37,1.0,0.0,1,0.131
code_062,code_comments,3,cl100k_base,147,146,0.9932,0.68,36,36,1.0,0.0,1,0.188
code_062,code_comments,3,o200k_base,147,146,0.9932,0.68,37,37,1.0,0.0,1,0.134
code_062,code_comments,4,cl100k_base,147,108,0.7347,26.53,36,54,1.5,-50.0,0,0.187
code_062,code_comments,4,o200k_base,147,108,0.7347,26.53,37,53,1.4324,-43.24,0,0.203
code_062,code_comments,5,cl100k_base,147,108,0.7347,26.53,36,54,1.5,-50.0,0,0.202
code_062,code_comments,5,o200k_base,147,108,0.7347,26.53,37,53,1.4324,-43.24,0,0.171
code_063,code_comments,1,cl100k_base,153,152,0.9935,0.65,38,38,1.0,0.0,1,0.087
code_063,code_comments,1,o200k_base,153,152,0.9935,0.65,38,38,1.0,0.0,1,0.078
code_063,code_comments,2,cl100k_base,153,152,0.9935,0.65,38,38,1.0,0.0,1,0.136
code_063,code_comments,2,o200k_base,153,152,0.9935,0.65,38,38,1.0,0.0,1,0.132
code_063,code_comments,3,cl100k_base,153,152,0.9935,0.65,38,38,1.0,0.0,1,0.139
code_063,code_comments,3,o200k_base,153,152,0.9935,0.65,38,38,1.0,0.0,1,0.135
code_063,code_comments,4,cl100k_base,153,111,0.7255,27.45,38,55,1.4474,-44.74,0,0.193
code_063,code_comments,4,o200k_base,153,111,0.7255,27.45,38,54,1.4211,-42.11,0,0.163
code_063,code_comments,5,cl100k_base,153,111,0.7255,27.45,38,55,1.4474,-44.74,0,0.181
code_063,code_comments,5,o200k_base,153,111,0.7255,27.45,38,54,1.4211,-42.11,0,0.177
code_064,code_comments,1,cl100k_base,135,134,0.9926,0.74,35,35,1.0,0.0,1,0.08
code_064,code_comments,1,o200k_base,135,134,0.9926,0.74,35,35,1.0,0.0,1,0.071
code_064,code_comments,2,cl100k_base,135,134,0.9926,0.74,35,35,1.0,0.0,1,0.125
code_064,code_comments,2,o200k_base,135,134,0.9926,0.74,35,35,1.0,0.0,1,0.12
code_064,code_comments,3,cl100k_base,135,134,0.9926,0.74,35,35,1.0,0.0,1,0.127
code_064,code_comments,3,o200k_base,135,134,0.9926,0.74,35,35,1.0,0.0,1,0.141
code_064,code_comments,4,cl100k_base,135,102,0.7556,24.44,35,50,1.4286,-42.86,0,0.158
code_064,code_comments,4,o200k_base,135,102,0.7556,24.44,35,50,1.4286,-42.86,0,0.149
code_064,code_comments,5,cl100k_base,135,101,0.7481,25.19,35,50,1.4286,-42.86,0,0.165
code_064,code_comments,5,o200k_base,135,101,0.7481,25.19,35,50,1.4286,-42.86,0,0.162
code_065,code_comments,1,cl100k_base,139,138,0.9928,0.72,35,35,1.0,0.0,1,0.082
code_065,code_comments,1,o200k_base,139,138,0.9928,0.72,35,35,1.0,0.0,1,0.092
code_065,code_comments,2,cl100k_base,139,138,0.9928,0.72,35,35,1.0,0.0,1,0.155
code_065,code_comments,2,o200k_base,139,138,0.9928,0.72,35,35,1.0,0.0,1,0.144
code_065,code_comments,3,cl100k_base,139,138,0.9928,0.72,35,35,1.0,0.0,1,0.166
code_065,code_comments,3,o200k_base,139,138,0.9928,0.72,35,35,1.0,0.0,1,0.133
code_065,code_comments,4,cl100k_base,139,103,0.741,25.9,35,50,1.4286,-42.86,0,0.171
code_065,code_comments,4,o200k_base,139,103,0.741,25.9,35,48,1.3714,-37.14,0,0.154
code_065,code_comments,5,cl100k_base,139,101,0.7266,27.34,35,50,1.4286,-42.86,0,0.171
code_065,code_comments,5,o200k_base,139,101,0.7266,27.34,35,48,1.3714,-37.14,0,0.166
code_066,code_comments,1,cl100k_base,125,120,0.96,4.0,40,40,1.0,0.0,1,0.101
code_066,code_comments,1,o200k_base,125,120,0.96,4.0,40,40,1.0,0.0,1,0.085
code_066,code_comments,2,cl100k_base,125,114,0.912,8.8,40,36,0.9,10.0,1,0.134
code_066,code_comments,2,o200k_base,125,114,0.912,8.8,40,36,0.9,10.0,1,0.135
code_066,code_comments,3,cl100k_base,125,114,0.912,8.8,40,36,0.9,10.0,1,0.135
code_066,code_comments,3,o200k_base,125,114,0.912,8.8,40,36,0.9,10.0,1,0.132
code_066,code_comments,4,cl100k_base,125,96,0.768,23.2,40,48,1.2,-20.0,0,0.158
code_066,code_comments,4,o200k_base,125,96,0.768,23.2,40,48,1.2,-20.0,0,0.153
code_066,code_comments,5,cl100k_base,125,96,0.768,23.2,40,48,1.2,-20.0,0,0.169
code_066,code_comments,5,o200k_base,125,96,0.768,23.2,40,48,1.2,-20.0,0,0.164
code_067,code_comments,1,cl100k_base,178,178,1.0,0.0,41,41,1.0,0.0,1,0.104
code_067,code_comments,1,o200k_base,178,178,1.0,0.0,40,40,1.0,0.0,1,0.084
code_067,code_comments,2,cl100k_base,178,147,0.8258,17.42,41,38,0.9268,7.32,1,0.149
code_067,code_comments,2,o200k_base,178,147,0.8258,17.42,40,37,0.925,7.5,1,0.136
code_067,code_comments,3,cl100k_base,178,143,0.8034,19.66,41,37,0.9024,9.76,1,0.145
code_067,code_comments,3,o200k_base,178,143,0.8034,19.66,40,36,0.9,10.0,1,0.14
code_067,code_comments,4,cl100k_base,178,108,0.6067,39.33,41,55,1.3415,-34.15,0,0.176
code_067,code_comments,4,o200k_base,178,108,0.6067,39.33,40,53,1.325,-32.5,0,0.165
code_067,code_comments,5,cl100k_base,178,106,0.5955,40.45,41,56,1.3659,-36.59,0,0.187
code_067,code_comments,5,o200k_base,178,106,0.5955,40.45,40,54,1.35,-35.0,0,0.197
code_068,code_comments,1,cl100k_base,130,125,0.9615,3.85,43,43,1.0,0.0,1,0.099
code_068,code_comments,1,o200k_base,130,125,0.9615,3.85,43,43,1.0,0.0,1,0.088
code_068,code_comments,2,cl100k_base,130,119,0.9154,8.46,43,39,0.907,9.3,1,0.139
code_068,code_comments,2,o200k_base,130,119,0.9154,8.46,43,39,0.907,9.3,1,0.131
code_068,code_comments,3,cl100k_base,130,119,0.9154,8.46,43,39,0.907,9.3,1,0.138
code_068,code_comments,3,o200k_base,130,119,0.9154,8.46,43,39,0.907,9.3,1,0.135
code_068,code_comments,4,cl100k_base,130,99,0.7615,23.85,43,50,1.1628,-16.28,0,0.16
code_068,code_comments,4,o200k_base,130,99,0.7615,23.85,43,49,1.1395,-13.95,0,0.156
code_068,code_comments,5,cl100k_base,130,99,0.7615,23.85,43,50,1.1628,-16.28,0,0.193
code_068,code_comments,5,o200k_base,130,99,0.7615,23.85,43,49,1.1395,-13.95,0,0.17
code_069,code_comments,1,cl100k_base,104,104,1.0,0.0,27,27,1.0,0.0,1,0.07
code_069,code_comments,1,o200k_base,104,104,1.0,0.0,28,28,1.0,0.0,1,0.061
code_069,code_comments,2,cl100k_base,104,104,1.0,0.0,27,27,1.0,0.0,1,0.107
code_069,code_comments,2,o200k_base,104,104,1.0,0.0,28,28,1.0,0.0,1,0.101
code_069,code_comments,3,cl100k_base,104,104,1.0,0.0,27,27,1.0,0.0,1,0.106
code_069,code_comments,3,o200k_base,104,104,1.0,0.0,28,28,1.0,0.0,1,0.104
code_069,code_comments,4,cl100k_base,104,76,0.7308,26.92,27,42,1.5556,-55.56,0,0.131
code_069,code_comments,4,o200k_base,104,76,0.7308,26.92,28,40,1.4286,-42.86,0,0.123
code_069,code_comments,5,cl100k_base,104,76,0.7308,26.92,27,42,1.5556,-55.56,0,0.139
code_069,code_comments,5,o200k_base,104,76,0.7308,26.92,28,40,1.4286,-42.86,0,0.161
code_070,code_comments,1,cl100k_base,170,170,1.0,0.0,39,39,1.0,0.0,0,0.086
code_070,code_comments,1,o200k_base,170,170,1.0,0.0,39,39,1.0,0.0,0,0.078
code_070,code_comments,2,cl100k_base,170,135,0.7941,20.59,39,37,0.9487,5.13,0,0.141
code_070,code_comments,2,o200k_base,170,135,0.7941,20.59,39,37,0.9487,5.13,0,0.136
code_070,code_comments,3,cl100k_base,170,121,0.7118,28.82,39,32,0.8205,17.95,0,0.138
code_070,code_comments,3,o200k_base,170,121,0.7118,28.82,39,32,0.8205,17.95,0,0.135
code_070,code_comments,4,cl100k_base,170,100,0.5882,41.18,39,42,1.0769,-7.69,0,0.163
code_070,code_comments,4,o200k_base,170,100,0.5882,41.18,39,42,1.0769,-7.69,0,0.154
code_070,code_comments,5,cl100k_base,170,95,0.5588,44.12,39,43,1.1026,-10.26,0,0.193
code_070,code_comments,5,o200k_base,170,95,0.5588,44.12,39,43,1.1026,-10.26,0,0.169
code_071,code_comments,1,cl100k_base,184,184,1.0,0.0,43,43,1.0,0.0,0,0.091
code_071,code_comments,1,o200k_base,184,184,1.0,0.0,43,43,1.0,0.0,0,0.084
code_071,code_comments,2,cl100k_base,184,149,0.8098,19.02,43,41,0.9535,4.65,0,0.15
code_071,code_comments,2,o200k_base,184,149,0.8098,19.02,43,41,0.9535,4.65,0,0.145
code_071,code_comments,3,cl100k_base,184,135,0.7337,26.63,43,36,0.8372,16.28,0,0.148
code_071,code_comments,3,o200k_base,184,135,0.7337,26.63,43,36,0.8372,16.28,0,0.145
code_071,code_comments,4,cl100k_base,184,109,0.5924,40.76,43,51,1.186,-18.6,0,0.185
code_071,code_comments,4,o200k_base,184,109,0.5924,40.76,43,51,1.186,-18.6,0,0.182
code_071,code_comments,5,cl100k_base,184,108,0.587,41.3,43,52,1.2093,-20.93,0,0.189
code_071,code_comments,5,o200k_base,184,108,0.587,41.3,43,52,1.2093,-20.93,0,0.186
code_072,code_comments,1,cl100k_base,133,128,0.9624,3.76,42,42,1.0,0.0,1,0.143
code_072,code_comments,1,o200k_base,133,128,0.9624,3.76,43,43,1.0,0.0,1,0.1
code_072,code_comments,2,cl100k_base,133,122,0.9173,8.27,42,38,0.9048,9.52,1,0.159
code_072,code_comments,2,o200k_base,133,122,0.9173,8.27,43,39,0.907,9.3,1,0.319
code_072,code_comments,3,cl100k_base,133,122,0.9173,8.27,42,38,0.9048,9.52,1,0.169
code_072,code_comments,3,o200k_base,133,122,0.9173,8.27,43,39,0.907,9.3,1,0.14
code_072,code_comments,4,cl100k_base,133,99,0.7444,25.56,42,52,1.2381,-23.81,0,0.176
code_072,code_comments,4,o200k_base,133,99,0.7444,25.56,43,52,1.2093,-20.93,0,0.167
code_072,code_comments,5,cl100k_base,133,99,0.7444,25.56,42,52,1.2381,-23.81,0,0.308
code_072,code_comments,5,o200k_base,133,99,0.7444,25.56,43,52,1.2093,-20.93,0,0.188
code_073,code_comments,1,cl100k_base,190,190,1.0,0.0,43,43,1.0,0.0,1,0.147
code_073,code_comments,1,o200k_base,190,190,1.0,0.0,42,42,1.0,0.0,1,0.09
code_073,code_comments,2,cl100k_base,190,159,0.8368,16.32,43,40,0.9302,6.98,1,0.159
code_073,code_comments,2,o200k_base,190,159,0.8368,16.32,42,39,0.9286,7.14,1,0.679
code_073,code_comments,3,cl100k_base,190,155,0.8158,18.42,43,39,0.907,9.3,1,0.169
code_073,code_comments,3,o200k_base,190,155,0.8158,18.42,42,38,0.9048,9.52,1,0.154
code_073,code_comments,4,cl100k_base,190,118,0.6211,37.89,43,59,1.3721,-37.21,0,0.242
code_073,code_comments,4,o200k_base,190,118,0.6211,37.89,42,57,1.3571,-35.71,0,0.189
code_073,code_comments,5,cl100k_base,190,116,0.6105,38.95,43,60,1.3953,-39.53,0,0.211
code_073,code_comments,5,o200k_base,190,116,0.6105,38.95,42,58,1.381,-38.1,0,0.212
code_074,code_comments,1,cl100k_base,145,144,0.9931,0.69,36,36,1.0,0.0,1,0.122
code_074,code_comments,1,o200k_base,145,144,0.9931,0.69,38,38,1.0,0.0,1,0.076
code_074,code_comments,2,cl100k_base,145,144,0.9931,0.69,36,36,1.0,0.0,1,0.138
code_074,code_comments,2,o200k_base,145,144,0.9931,0.69,38,38,1.0,0.0,1,0.16
code_074,code_comments,3,cl100k_base,145,144,0.9931,0.69,36,36,1.0,0.0,1,0.149
code_074,code_comments,3,o200k_base,145,144,0.9931,0.69,38,38,1.0,0.0,1,0.134
code_074,code_comments,4,cl100k_base,145,108,0.7448,25.52,36,52,1.4444,-44.44,0,0.181
code_074,code_comments,4,o200k_base,145,108,0.7448,25.52,38,52,1.3684,-36.84,0,0.177
code_074,code_comments,5,cl100k_base,145,108,0.7448,25.52,36,52,1.4444,-44.44,0,0.179
code_074,code_comments,5,o200k_base,145,108,0.7448,25.52,38,52,1.3684,-36.84,0,0.172
code_075,code_comments,1,cl100k_base,184,184,1.0,0.0,43,43,1.0,0.0,0,0.098
code_075,code_comments,1,o200k_base,184,184,1.0,0.0,43,43,1.0,0.0,0,0.087
code_075,code_comments,2,cl100k_base,184,149,0.8098,19.02,43,41,0.9535,4.65,0,0.167
code_075,code_comments,2,o200k_base,184,149,0.8098,19.02,43,41,0.9535,4.65,0,0.147
code_075,code_comments,3,cl100k_base,184,135,0.7337,26.63,43,36,0.8372,16.28,0,0.157
code_075,code_comments,3,o200k_base,184,135,0.7337,26.63,43,36,0.8372,16.28,0,0.146
code_075,code_comments,4,cl100k_base,184,111,0.6033,39.67,43,49,1.1395,-13.95,0,0.188
code_075,code_comments,4,o200k_base,184,111,0.6033,39.67,43,49,1.1395,-13.95,0,0.184
code_075,code_comments,5,cl100k_base,184,110,0.5978,40.22,43,50,1.1628,-16.28,0,0.193
code_075,code_comments,5,o200k_base,184,110,0.5978,40.22,43,50,1.1628,-16.28,0,0.233
code_076,code_comments,1,cl100k_base,169,169,1.0,0.0,42,42,1.0,0.0,0,0.097
code_076,code_comments,1,o200k_base,169,169,1.0,0.0,42,42,1.0,0.0,0,0.081
code_076,code_comments,2,cl100k_base,169,134,0.7929,20.71,42,40,0.9524,4.76,0,0.146
code_076,code_comments,2,o200k_base,169,134,0.7929,20.71,42,40,0.9524,4.76,0,0.139
code_076,code_comments,3,cl100k_base,169,120,0.7101,28.99,42,35,0.8333,16.67,0,0.146
code_076,code_comments,3,o200k_base,169,120,0.7101,28.99,42,35,0.8333,16.67,0,0.139
code_076,code_comments,4,cl100k_base,169,100,0.5917,40.83,42,45,1.0714,-7.14,0,0.168
code_076,code_comments,4,o200k_base,169,100,0.5917,40.83,42,45,1.0714,-7.14,0,0.161
code_076,code_comments,5,cl100k_base,169,99,0.5858,41.42,42,46,1.0952,-9.52,0,0.193
code_076,code_comments,5,o200k_base,169,99,0.5858,41.42,42,46,1.0952,-9.52,0,0.174
code_077,code_comments,1,cl100k_base,175,175,1.0,0.0,40,40,1.0,0.0,1,0.105
code_077,code_comments,1,o200k_base,175,175,1.0,0.0,39,39,1.0,0.0,1,0.083
code_077,code_comments,2,cl100k_base,175,144,0.8229,17.71,40,37,0.925,7.5,1,0.143
code_077,code_comments,2,o200k_base,175,144,0.8229,17.71,39,36,0.9231,7.69,1,0.141
code_077,code_comments,3,cl100k_base,175,140,0.8,20.0,40,36,0.9,10.0,1,0.167
code_077,code_comments,3,o200k_base,175,140,0.8,20.0,39,35,0.8974,10.26,1,0.14
code_077,code_comments,4,cl100k_base,175,110,0.6286,37.14,40,53,1.325,-32.5,0,0.235
code_077,code_comments,4,o200k_base,175,110,0.6286,37.14,39,52,1.3333,-33.33,0,0.204
code_077,code_comments,5,cl100k_base,175,107,0.6114,38.86,40,54,1.35,-35.0,0,0.298
code_077,code_comments,5,o200k_base,175,107,0.6114,38.86,39,53,1.359,-35.9,0,0.191
code_078,code_comments,1,cl100k_base,165,165,1.0,0.0,39,39,1.0,0.0,0,0.09
code_078,code_comments,1,o200k_base,165,165,1.0,0.0,39,39,1.0,0.0,0,0.079
code_078,code_comments,2,cl100k_base,165,130,0.7879,21.21,39,37,0.9487,5.13,0,0.144
code_078,code_comments,2,o200k_base,165,130,0.7879,21.21,39,37,0.9487,5.13,0,0.186
code_078,code_comments,3,cl100k_base,165,116,0.703,29.7,39,32,0.8205,17.95,0,0.145
code_078,code_comments,3,o200k_base,165,116,0.703,29.7,39,32,0.8205,17.95,0,0.135
code_078,code_comments,4,cl100k_base,165,96,0.5818,41.82,39,42,1.0769,-7.69,0,0.167
code_078,code_comments,4,o200k_base,165,96,0.5818,41.82,39,42,1.0769,-7.69,0,0.157
code_078,code_comments,5,cl100k_base,165,95,0.5758,42.42,39,43,1.1026,-10.26,0,0.171
code_078,code_comments,5,o200k_base,165,95,0.5758,42.42,39,43,1.1026,-10.26,0,0.167
code_079,code_comments,1,cl100k_base,148,147,0.9932,0.68,37,37,1.0,0.0,1,0.093
code_079,code_comments,1,o200k_base,148,147,0.9932,0.68,37,37,1.0,0.0,1,0.076
code_079,code_comments,2,cl100k_base,148,147,0.9932,0.68,37,37,1.0,0.0,1,0.163
code_079,code_comments,2,o200k_base,148,147,0.9932,0.68,37,37,1.0,0.0,1,0.13
code_079,code_comments,3,cl100k_base,148,147,0.9932,0.68,37,37,1.0,0.0,1,0.136
code_079,code_comments,3,o200k_base,148,147,0.9932,0.68,37,37,1.0,0.0,1,0.132
code_079,code_comments,4,cl100k_base,148,108,0.7297,27.03,37,54,1.4595,-45.95,0,0.168
code_079,code_comments,4,o200k_base,148,108,0.7297,27.03,37,54,1.4595,-45.95,0,0.158
code_079,code_comments,5,cl100k_base,148,108,0.7297,27.03,37,54,1.4595,-45.95,0,0.176
code_079,code_comments,5,o200k_base,148,108,0.7297,27.03,37,54,1.4595,-45.95,0,0.172
code_080,code_comments,1,cl100k_base,157,156,0.9936,0.64,39,39,1.0,0.0,1,0.085
code_080,code_comments,1,o200k_base,157,156,0.9936,0.64,41,41,1.0,0.0,1,0.083
code_080,code_comments,2,cl100k_base,157,156,0.9936,0.64,39,39,1.0,0.0,1,0.138
code_080,code_comments,2,o200k_base,157,156,0.9936,0.64,41,41,1.0,0.0,1,0.134
code_080,code_comments,3,cl100k_base,157,156,0.9936,0.64,39,39,1.0,0.0,1,0.139
code_080,code_comments,3,o200k_base,157,156,0.9936,0.64,41,41,1.0,0.0,1,0.137
code_080,code_comments,4,cl100k_base,157,116,0.7389,26.11,39,60,1.5385,-53.85,0,0.174
code_080,code_comments,4,o200k_base,157,116,0.7389,26.11,41,59,1.439,-43.9,0,0.165
code_080,code_comments,5,cl100k_base,157,116,0.7389,26.11,39,60,1.5385,-53.85,0,0.185
code_080,code_comments,5,o200k_base,157,116,0.7389,26.11,41,59,1.439,-43.9,0,0.203
code_081,code_comments,1,cl100k_base,173,173,1.0,0.0,40,40,1.0,0.0,0,0.088
code_081,code_comments,1,o200k_base,173,173,1.0,0.0,40,40,1.0,0.0,0,0.079
code_081,code_comments,2,cl100k_base,173,138,0.7977,20.23,40,38,0.95,5.0,0,0.145
code_081,code_comments,2,o200k_base,173,138,0.7977,20.23,40,38,0.95,5.0,0,0.137
code_081,code_comments,3,cl100k_base,173,124,0.7168,28.32,40,33,0.825,17.5,0,0.141
code_081,code_comments,3,o200k_base,173,124,0.7168,28.32,40,33,0.825,17.5,0,0.137
code_081,code_comments,4,cl100k_base,173,103,0.5954,40.46,40,43,1.075,-7.5,0,0.181
code_081,code_comments,4,o200k_base,173,103,0.5954,40.46,40,44,1.1,-10.0,0,0.158
code_081,code_comments,5,cl100k_base,173,100,0.578,42.2,40,44,1.1,-10.0,0,0.197
code_081,code_comments,5,o200k_base,173,100,0.578,42.2,40,45,1.125,-12.5,0,0.173
code_082,code_comments,1,cl100k_base,167,167,1.0,0.0,39,39,1.0,0.0,0,0.16
code_082,code_comments,1,o200k_base,167,167,1.0,0.0,39,39,1.0,0.0,0,0.084
code_082,code_comments,2,cl100k_base,167,132,0.7904,20.96,39,37,0.9487,5.13,0,0.151
code_082,code_comments,2,o200k_base,167,132,0.7904,20.96,39,37,0.9487,5.13,0,0.136
code_082,code_comments,3,cl100k_base,167,118,0.7066,29.34,39,32,0.8205,17.95,0,0.137
code_082,code_comments,3,o200k_base,167,118,0.7066,29.34,39,32,0.8205,17.95,0,0.134
code_082,code_comments,4,cl100k_base,167,98,0.5868,41.32,39,42,1.0769,-7.69,0,0.163
code_082,code_comments,4,o200k_base,167,98,0.5868,41.32,39,42,1.0769,-7.69,0,0.153
code_082,code_comments,5,cl100k_base,167,95,0.5689,43.11,39,43,1.1026,-10.26,0,0.198
code_082,code_comments,5,o200k_base,167,95,0.5689,43.11,39,45,1.1538,-15.38,0,0.167
code_083,code_comments,1,cl100k_base,185,185,1.0,0.0,43,43,1.0,0.0,0,0.093
code_083,code_comments,1,o200k_base,185,185,1.0,0.0,43,43,1.0,0.0,0,0.084
code_083,code_comments,2,cl100k_base,185,150,0.8108,18.92,43,41,0.9535,4.65,0,0.148
code_083,code_comments,2,o200k_base,185,150,0.8108,18.92,43,41,0.9535,4.65,0,0.144
code_083,code_comments,3,cl100k_base,185,136,0.7351,26.49,43,36,0.8372,16.28,0,0.147
code_083,code_comments,3,o200k_base,185,136,0.7351,26.49,43,36,0.8372,16.28,0,0.144
code_083,code_comments,4,cl100k_base,185,108,0.5838,41.62,43,50,1.1628,-16.28,0,0.172
code_083,code_comments,4,o200k_base,185,108,0.5838,41.62,43,50,1.1628,-16.28,0,0.177
code_083,code_comments,5,cl100k_base,185,107,0.5784,42.16,43,51,1.186,-18.6,0,0.187
code_083,code_comments,5,o200k_base,185,107,0.5784,42.16,43,51,1.186,-18.6,0,0.183
code_084,code_comments,1,cl100k_base,101,101,1.0,0.0,27,27,1.0,0.0,1,0.073
code_084,code_comments,1,o200k_base,101,101,1.0,0.0,27,27,1.0,0.0,1,0.06
code_084,code_comments,2,cl100k_base,101,101,1.0,0.0,27,27,1.0,0.0,1,0.104
code_084,code_comments,2,o200k_base,101,101,1.0,0.0,27,27,1.0,0.0,1,0.1
code_084,code_comments,3,cl100k_base,101,101,1.0,0.0,27,27,1.0,0.0,1,0.104
code_084,code_comments,3,o200k_base,101,101,1.0,0.0,27,27,1.0,0.0,1,0.101
code_084,code_comments,4,cl100k_base,101,72,0.7129,28.71,27,41,1.5185,-51.85,0,0.127
code_084,code_comments,4,o200k_base,101,72,0.7129,28.71,27,40,1.4815,-48.15,0,0.144
code_084,code_comments,5,cl100k_base,101,71,0.703,29.7,27,41,1.5185,-51.85,0,0.136
code_084,code_comments,5,o200k_base,101,71,0.703,29.7,27,40,1.4815,-48.15,0,0.131
code_085,code_comments,1,cl100k_base,127,122,0.9606,3.94,42,42,1.0,0.0,1,0.101
code_085,code_comments,1,o200k_base,127,122,0.9606,3.94,42,42,1.0,0.0,1,0.085
code_085,code_comments,2,cl100k_base,127,116,0.9134,8.66,42,38,0.9048,9.52,1,0.134
code_085,code_comments,2,o200k_base,127,116,0.9134,8.66,42,38,0.9048,9.52,1,0.129
code_085,code_comments,3,cl100k_base,127,116,0.9134,8.66,42,38,0.9048,9.52,1,0.136
code_085,code_comments,3,o200k_base,127,116,0.9134,8.66,42,38,0.9048,9.52,1,0.131
code_085,code_comments,4,cl100k_base,127,95,0.748,25.2,42,50,1.1905,-19.05,0,0.172
code_085,code_comments,4,o200k_base,127,95,0.748,25.2,42,50,1.1905,-19.05,0,0.156
code_085,code_comments,5,cl100k_base,127,95,0.748,25.2,42,50,1.1905,-19.05,0,0.168
code_085,code_comments,5,o200k_base,127,95,0.748,25.2,42,50,1.1905,-19.05,0,0.164
code_086,code_comments,1,cl100k_base,103,103,1.0,0.0,28,28,1.0,0.0,1,0.075
code_086,code_comments,1,o200k_base,103,103,1.0,0.0,30,30,1.0,0.0,1,0.061
code_086,code_comments,2,cl100k_base,103,103,1.0,0.0,28,28,1.0,0.0,1,0.107
code_086,code_comments,2,o200k_base,103,103,1.0,0.0,30,30,1.0,0.0,1,0.102
code_086,code_comments,3,cl100k_base,103,103,1.0,0.0,28,28,1.0,0.0,1,0.106
code_086,code_comments,3,o200k_base,103,103,1.0,0.0,30,30,1.0,0.0,1,0.103
code_086,code_comments,4,cl100k_base,103,78,0.7573,24.27,28,41,1.4643,-46.43,0,0.128
code_086,code_comments,4,o200k_base,103,78,0.7573,24.27,30,41,1.3667,-36.67,0,0.128
code_086,code_comments,5,cl100k_base,103,76,0.7379,26.21,28,41,1.4643,-46.43,0,0.138
code_086,code_comments,5,o200k_base,103,76,0.7379,26.21,30,41,1.3667,-36.67,0,0.134
code_087,code_comments,1,cl100k_base,128,123,0.9609,3.91,39,39,1.0,0.0,1,0.088
code_087,code_comments,1,o200k_base,128,123,0.9609,3.91,41,41,1.0,0.0,1,0.081
code_087,code_comments,2,cl100k_base,128,117,0.9141,8.59,39,35,0.8974,10.26,1,0.131
code_087,code_comments,2,o200k_base,128,117,0.9141,8.59,41,37,0.9024,9.76,1,0.125
code_087,code_comments,3,cl100k_base,128,117,0.9141,8.59,39,35,0.8974,10.26,1,0.13
code_087,code_comments,3,o200k_base,128,117,0.9141,8.59,41,37,0.9024,9.76,1,0.128
code_087,code_comments,4,cl100k_base,128,95,0.7422,25.78,39,50,1.2821,-28.21,0,0.17
code_087,code_comments,4,o200k_base,128,95,0.7422,25.78,41,49,1.1951,-19.51,0,0.152
code_087,code_comments,5,cl100k_base,128,95,0.7422,25.78,39,50,1.2821,-28.21,0,0.165
code_087,code_comments,5,o200k_base,128,95,0.7422,25.78,41,49,1.1951,-19.51,0,0.16
code_088,code_comments,1,cl100k_base,101,101,1.0,0.0,28,28,1.0,0.0,1,0.141
code_088,code_comments,1,o200k_base,101,101,1.0,0.0,28,28,1.0,0.0,1,0.067
code_088,code_comments,2,cl100k_base,101,101,1.0,0.0,28,28,1.0,0.0,1,0.137
code_088,code_comments,2,o200k_base,101,101,1.0,0.0,28,28,1.0,0.0,1,0.103
code_088,code_comments,3,cl100k_base,101,101,1.0,0.0,28,28,1.0,0.0,1,0.106
code_088,code_comments,3,o200k_base,101,101,1.0,0.0,28,28,1.0,0.0,1,0.104
code_088,code_comments,4,cl100k_base,101,76,0.7525,24.75,28,43,1.5357,-53.57,0,0.14
code_088,code_comments,4,o200k_base,101,76,0.7525,24.75,28,43,1.5357,-53.57,0,0.126
code_088,code_comments,5,cl100k_base,101,76,0.7525,24.75,28,43,1.5357,-53.57,0,0.139
code_088,code_comments,5,o200k_base,101,76,0.7525,24.75,28,43,1.5357,-53.57,0,0.134
code_089,code_comments,1,cl100k_base,154,153,0.9935,0.65,38,38,1.0,0.0,1,0.094
code_089,code_comments,1,o200k_base,154,153,0.9935,0.65,38,38,1.0,0.0,1,0.082
code_089,code_comments,2,cl100k_base,154,153,0.9935,0.65,38,38,1.0,0.0,1,0.177
code_089,code_comments,2,o200k_base,154,153,0.9935,0.65,38,38,1.0,0.0,1,0.133
code_089,code_comments,3,cl100k_base,154,153,0.9935,0.65,38,38,1.0,0.0,1,0.141
code_089,code_comments,3,o200k_base,154,153,0.9935,0.65,38,38,1.0,0.0,1,0.136
code_089,code_comments,4,cl100k_base,154,114,0.7403,25.97,38,56,1.4737,-47.37,0,0.176
code_089,code_comments,4,o200k_base,154,114,0.7403,25.97,38,55,1.4474,-44.74,0,0.169
code_089,code_comments,5,cl100k_base,154,114,0.7403,25.97,38,56,1.4737,-47.37,0,0.199
code_089,code_comments,5,o200k_base,154,114,0.7403,25.97,38,55,1.4474,-44.74,0,0.181
code_090,code_comments,1,cl100k_base,167,167,1.0,0.0,39,39,1.0,0.0,0,0.1
code_090,code_comments,1,o200k_base,167,167,1.0,0.0,39,39,1.0,0.0,0,0.093
code_090,code_comments,2,cl100k_base,167,132,0.7904,20.96,39,37,0.9487,5.13,0,0.151
code_090,code_comments,2,o200k_base,167,132,0.7904,20.96,39,37,0.9487,5.13,0,0.139
code_090,code_comments,3,cl100k_base,167,118,0.7066,29.34,39,32,0.8205,17.95,0,0.143
code_090,code_comments,3,o200k_base,167,118,0.7066,29.34,39,32,0.8205,17.95,0,0.139
code_090,code_comments,4,cl100k_base,167,96,0.5749,42.51,39,44,1.1282,-12.82,0,0.183
code_090,code_comments,4,o200k_base,167,96,0.5749,42.51,39,44,1.1282,-12.82,0,0.176
code_090,code_comments,5,cl100k_base,167,95,0.5689,43.11,39,45,1.1538,-15.38,0,0.242
code_090,code_comments,5,o200k_base,167,95,0.5689,43.11,39,45,1.1538,-15.38,0,0.169
code_091,code_comments,1,cl100k_base,144,143,0.9931,0.69,34,34,1.0,0.0,1,0.082
code_091,code_comments,1,o200k_base,144,143,0.9931,0.69,36,36,1.0,0.0,1,0.071
code_091,code_comments,2,cl100k_base,144,143,0.9931,0.69,34,34,1.0,0.0,1,0.128
code_091,code_comments,2,o200k_base,144,143,0.9931,0.69,36,36,1.0,0.0,1,0.122
code_091,code_comments,3,cl100k_base,144,143,0.9931,0.69,34,34,1.0,0.0,1,0.128
code_091,code_comments,3,o200k_base,144,143,0.9931,0.69,36,36,1.0,0.0,1,0.128
code_091,code_comments,4,cl100k_base,144,106,0.7361,26.39,34,53,1.5588,-55.88,0,0.162
code_091,code_comments,4,o200k_base,144,106,0.7361,26.39,36,53,1.4722,-47.22,0,0.212
code_091,code_comments,5,cl100k_base,144,106,0.7361,26.39,34,53,1.5588,-55.88,0,0.295
code_091,code_comments,5,o200k_base,144,106,0.7361,26.39,36,53,1.4722,-47.22,0,0.179
code_092,code_comments,1,cl100k_base,186,186,1.0,0.0,40,40,1.0,0.0,1,0.112
code_092,code_comments,1,o200k_base,186,186,1.0,0.0,41,41,1.0,0.0,1,0.083
code_092,code_comments,2,cl100k_base,186,155,0.8333,16.67,40,37,0.925,7.5,1,0.144
code_092,code_comments,2,o200k_base,186,155,0.8333,16.67,41,38,0.9268,7.32,1,0.138
code_092,code_comments,3,cl100k_base,186,151,0.8118,18.82,40,36,0.9,10.0,1,0.144
code_092,code_comments,3,o200k_base,186,151,0.8118,18.82,41,37,0.9024,9.76,1,0.141
code_092,code_comments,4,cl100k_base,186,114,0.6129,38.71,40,57,1.425,-42.5,0,0.291
code_092,code_comments,4,o200k_base,186,114,0.6129,38.71,41,55,1.3415,-34.15,0,0.187
code_092,code_comments,5,cl100k_base,186,112,0.6022,39.78,40,58,1.45,-45.0,0,0.197
code_092,code_comments,5,o200k_base,186,112,0.6022,39.78,41,56,1.3659,-36.59,0,0.188
code_093,code_comments,1,cl100k_base,175,175,1.0,0.0,40,40,1.0,0.0,1,0.094
code_093,code_comments,1,o200k_base,175,175,1.0,0.0,39,39,1.0,0.0,1,0.082
code_093,code_comments,2,cl100k_base,175,144,0.8229,17.71,40,37,0.925,7.5,1,0.14
code_093,code_comments,2,o200k_base,175,144,0.8229,17.71,39,36,0.9231,7.69,1,0.139
code_093,code_comments,3,cl100k_base,175,140,0.8,20.0,40,36,0.9,10.0,1,0.142
code_093,code_comments,3,o200k_base,175,140,0.8,20.0,39,35,0.8974,10.26,1,0.137
code_093,code_comments,4,cl100k_base,175,104,0.5943,40.57,40,54,1.35,-35.0,0,0.168
code_093,code_comments,4,o200k_base,175,104,0.5943,40.57,39,52,1.3333,-33.33,0,0.162
code_093,code_comments,5,cl100k_base,175,102,0.5829,41.71,40,55,1.375,-37.5,0,0.182
code_093,code_comments,5,o200k_base,175,102,0.5829,41.71,39,53,1.359,-35.9,0,0.176
code_094,code_comments,1,cl100k_base,175,175,1.0,0.0,40,40,1.0,0.0,1,0.103
code_094,code_comments,1,o200k_base,175,175,1.0,0.0,39,39,1.0,0.0,1,0.094
code_094,code_comments,2,cl100k_base,175,144,0.8229,17.71,40,37,0.925,7.5,1,0.14
code_094,code_comments,2,o200k_base,175,144,0.8229,17.71,39,36,0.9231,7.69,1,0.135
code_094,code_comments,3,cl100k_base,175,140,0.8,20.0,40,36,0.9,10.0,1,0.14
code_094,code_comments,3,o200k_base,175,140,0.8,20.0,39,35,0.8974,10.26,1,0.313
code_094,code_comments,4,cl100k_base,175,108,0.6171,38.29,40,52,1.3,-30.0,0,0.193
code_094,code_comments,4,o200k_base,175,108,0.6171,38.29,39,51,1.3077,-30.77,0,0.166
code_094,code_comments,5,cl100k_base,175,104,0.5943,40.57,40,53,1.325,-32.5,0,0.187
code_094,code_comments,5,o200k_base,175,104,0.5943,40.57,39,52,1.3333,-33.33,0,0.179
code_095,code_comments,1,cl100k_base,138,137,0.9928,0.72,36,36,1.0,0.0,1,0.104
code_095,code_comments,1,o200k_base,138,137,0.9928,0.72,36,36,1.0,0.0,1,0.072
code_095,code_comments,2,cl100k_base,138,137,0.9928,0.72,36,36,1.0,0.0,1,0.16
code_095,code_comments,2,o200k_base,138,137,0.9928,0.72,36,36,1.0,0.0,1,0.124
code_095,code_comments,3,cl100k_base,138,137,0.9928,0.72,36,36,1.0,0.0,1,0.131
code_095,code_comments,3,o200k_base,138,137,0.9928,0.72,36,36,1.0,0.0,1,0.127
code_095,code_comments,4,cl100k_base,138,102,0.7391,26.09,36,50,1.3889,-38.89,0,0.157
code_095,code_comments,4,o200k_base,138,102,0.7391,26.09,36,49,1.3611,-36.11,0,0.15
code_095,code_comments,5,cl100k_base,138,101,0.7319,26.81,36,50,1.3889,-38.89,0,0.169
code_095,code_comments,5,o200k_base,138,101,0.7319,26.81,36,50,1.3889,-38.89,0,0.163
code_096,code_comments,1,cl100k_base,182,182,1.0,0.0,40,40,1.0,0.0,1,0.093
code_096,code_comments,1,o200k_base,182,182,1.0,0.0,40,40,1.0,0.0,1,0.108
code_096,code_comments,2,cl100k_base,182,151,0.8297,17.03,40,37,0.925,7.5,1,0.144
code_096,code_comments,2,o200k_base,182,151,0.8297,17.03,40,37,0.925,7.5,1,0.136
code_096,code_comments,3,cl100k_base,182,147,0.8077,19.23,40,36,0.9,10.0,1,0.145
code_096,code_comments,3,o200k_base,182,147,0.8077,19.23,40,36,0.9,10.0,1,0.139
code_096,code_comments,4,cl100k_base,182,109,0.5989,40.11,40,56,1.4,-40.0,0,0.171
code_096,code_comments,4,o200k_base,182,109,0.5989,40.11,40,54,1.35,-35.0,0,0.166
code_096,code_comments,5,cl100k_base,182,107,0.5879,41.21,40,57,1.425,-42.5,0,0.187
code_096,code_comments,5,o200k_base,182,107,0.5879,41.21,40,55,1.375,-37.5,0,0.201
code_097,code_comments,1,cl100k_base,137,132,0.9635,3.65,41,41,1.0,0.0,1,0.099
code_097,code_comments,1,o200k_base,137,132,0.9635,3.65,43,43,1.0,0.0,1,0.085
code_097,code_comments,2,cl100k_base,137,126,0.9197,8.03,41,37,0.9024,9.76,1,0.138
code_097,code_comments,2,o200k_base,137,126,0.9197,8.03,43,39,0.907,9.3,1,0.131
code_097,code_comments,3,cl100k_base,137,126,0.9197,8.03,41,37,0.9024,9.76,1,0.137
code_097,code_comments,3,o200k_base,137,126,0.9197,8.03,43,39,0.907,9.3,1,0.133
code_097,code_comments,4,cl100k_base,137,101,0.7372,26.28,41,53,1.2927,-29.27,0,0.163
code_097,code_comments,4,o200k_base,137,101,0.7372,26.28,43,52,1.2093,-20.93,0,0.157
code_097,code_comments,5,cl100k_base,137,101,0.7372,26.28,41,53,1.2927,-29.27,0,0.197
code_097,code_comments,5,o200k_base,137,101,0.7372,26.28,43,52,1.2093,-20.93,0,0.171
code_098,code_comments,1,cl100k_base,173,173,1.0,0.0,43,43,1.0,0.0,1,0.092
code_098,code_comments,1,o200k_base,173,173,1.0,0.0,42,42,1.0,0.0,1,0.083
code_098,code_comments,2,cl100k_base,173,142,0.8208,17.92,43,40,0.9302,6.98,1,0.182
code_098,code_comments,2,o200k_base,173,142,0.8208,17.92,42,39,0.9286,7.14,1,0.144
code_098,code_comments,3,cl100k_base,173,138,0.7977,20.23,43,39,0.907,9.3,1,0.154
code_098,code_comments,3,o200k_base,173,138,0.7977,20.23,42,38,0.9048,9.52,1,0.145
code_098,code_comments,4,cl100k_base,173,108,0.6243,37.57,43,55,1.2791,-27.91,0,0.192
code_098,code_comments,4,o200k_base,173,108,0.6243,37.57,42,53,1.2619,-26.19,0,0.169
code_098,code_comments,5,cl100k_base,173,106,0.6127,38.73,43,56,1.3023,-30.23,0,0.191
code_098,code_comments,5,o200k_base,173,106,0.6127,38.73,42,54,1.2857,-28.57,0,0.263
code_099,code_comments,1,cl100k_base,148,147,0.9932,0.68,38,38,1.0,0.0,1,0.105
code_099,code_comments,1,o200k_base,148,147,0.9932,0.68,38,38,1.0,0.0,1,0.079
code_099,code_comments,2,cl100k_base,148,147,0.9932,0.68,38,38,1.0,0.0,1,0.164
code_099,code_comments,2,o200k_base,148,147,0.9932,0.68,38,38,1.0,0.0,1,0.134
code_099,code_comments,3,cl100k_base,148,147,0.9932,0.68,38,38,1.0,0.0,1,0.154
code_099,code_comments,3,o200k_base,148,147,0.9932,0.68,38,38,1.0,0.0,1,0.136
code_099,code_comments,4,cl100k_base,148,109,0.7365,26.35,38,56,1.4737,-47.37,0,0.18
code_099,code_comments,4,o200k_base,148,109,0.7365,26.35,38,54,1.4211,-42.11,0,0.212
code_099,code_comments,5,cl100k_base,148,109,0.7365,26.35,38,56,1.4737,-47.37,0,0.188
code_099,code_comments,5,o200k_base,148,109,0.7365,26.35,38,54,1.4211,-42.11,0,0.244
cfg_000,config_files,1,cl100k_base,101,93,0.9208,7.92,37,33,0.8919,10.81,1,0.104
cfg_000,config_files,1,o200k_base,101,93,0.9208,7.92,37,33,0.8919,10.81,1,0.081
cfg_000,config_files,2,cl100k_base,101,87,0.8614,13.86,37,30,0.8108,18.92,1,0.131
cfg_000,config_files,2,o200k_base,101,87,0.8614,13.86,37,30,0.8108,18.92,1,0.117
cfg_000,config_files,3,cl100k_base,101,87,0.8614,13.86,37,30,0.8108,18.92,1,0.119
cfg_000,config_files,3,o200k_base,101,87,0.8614,13.86,37,30,0.8108,18.92,1,0.117
cfg_000,config_files,4,cl100k_base,101,71,0.703,29.7,37,38,1.027,-2.7,1,0.142
cfg_000,config_files,4,o200k_base,101,71,0.703,29.7,37,39,1.0541,-5.41,1,0.135
cfg_000,config_files,5,cl100k_base,101,71,0.703,29.7,37,38,1.027,-2.7,1,0.147
cfg_000,config_files,5,o200k_base,101,71,0.703,29.7,37,39,1.0541,-5.41,1,0.143
cfg_001,config_files,1,cl100k_base,111,111,1.0,0.0,42,42,1.0,0.0,1,0.092
cfg_001,config_files,1,o200k_base,111,111,1.0,0.0,42,42,1.0,0.0,1,0.105
cfg_001,config_files,2,cl100k_base,111,105,0.9459,5.41,42,42,1.0,0.0,1,0.133
cfg_001,config_files,2,o200k_base,111,105,0.9459,5.41,42,42,1.0,0.0,1,0.128
cfg_001,config_files,3,cl100k_base,111,105,0.9459,5.41,42,42,1.0,0.0,1,0.132
cfg_001,config_files,3,o200k_base,111,105,0.9459,5.41,42,42,1.0,0.0,1,0.13
cfg_001,config_files,4,cl100k_base,111,90,0.8108,18.92,42,49,1.1667,-16.67,1,0.156
cfg_001,config_files,4,o200k_base,111,90,0.8108,18.92,42,49,1.1667,-16.67,1,0.15
cfg_001,config_files,5,cl100k_base,111,90,0.8108,18.92,42,49,1.1667,-16.67,1,0.167
cfg_001,config_files,5,o200k_base,111,90,0.8108,18.92,42,49,1.1667,-16.67,1,0.163
cfg_002,config_files,1,cl100k_base,97,89,0.9175,8.25,38,34,0.8947,10.53,1,0.094
cfg_002,config_files,1,o200k_base,97,89,0.9175,8.25,38,34,0.8947,10.53,1,0.08
cfg_002,config_files,2,cl100k_base,97,83,0.8557,14.43,38,31,0.8158,18.42,1,0.12
cfg_002,config_files,2,o200k_base,97,83,0.8557,14.43,38,31,0.8158,18.42,1,0.114
cfg_002,config_files,3,cl100k_base,97,83,0.8557,14.43,38,31,0.8158,18.42,1,0.119
cfg_002,config_files,3,o200k_base,97,83,0.8557,14.43,38,31,0.8158,18.42,1,0.116
cfg_002,config_files,4,cl100k_base,97,68,0.701,29.9,38,38,1.0,0.0,1,0.136
cfg_002,config_files,4,o200k_base,97,68,0.701,29.9,38,39,1.0263,-2.63,1,0.132
cfg_002,config_files,5,cl100k_base,97,68,0.701,29.9,38,38,1.0,0.0,1,0.144
cfg_002,config_files,5,o200k_base,97,68,0.701,29.9,38,39,1.0263,-2.63,1,0.14
cfg_003,config_files,1,cl100k_base,88,87,0.9886,1.14,34,34,1.0,0.0,1,0.083
cfg_003,config_files,1,o200k_base,88,87,0.9886,1.14,35,35,1.0,0.0,1,0.068
cfg_003,config_files,2,cl100k_base,88,81,0.9205,7.95,34,30,0.8824,11.76,1,0.108
cfg_003,config_files,2,o200k_base,88,81,0.9205,7.95,35,31,0.8857,11.43,1,0.101
cfg_003,config_files,3,cl100k_base,88,81,0.9205,7.95,34,30,0.8824,11.76,1,0.105
cfg_003,config_files,3,o200k_base,88,81,0.9205,7.95,35,31,0.8857,11.43,1,0.103
cfg_003,config_files,4,cl100k_base,88,67,0.7614,23.86,34,36,1.0588,-5.88,1,0.122
cfg_003,config_files,4,o200k_base,88,67,0.7614,23.86,35,38,1.0857,-8.57,1,0.119
cfg_003,config_files,5,cl100k_base,88,67,0.7614,23.86,34,36,1.0588,-5.88,1,0.132
cfg_003,config_files,5,o200k_base,88,67,0.7614,23.86,35,38,1.0857,-8.57,1,0.13
cfg_004,config_files,1,cl100k_base,116,116,1.0,0.0,41,41,1.0,0.0,1,0.087
cfg_004,config_files,1,o200k_base,116,116,1.0,0.0,41,41,1.0,0.0,1,0.106
cfg_004,config_files,2,cl100k_base,116,110,0.9483,5.17,41,41,1.0,0.0,1,0.134
cfg_004,config_files,2,o200k_base,116,110,0.9483,5.17,41,41,1.0,0.0,1,0.128
cfg_004,config_files,3,cl100k_base,116,110,0.9483,5.17,41,41,1.0,0.0,1,0.132
cfg_004,config_files,3,o200k_base,116,110,0.9483,5.17,41,41,1.0,0.0,1,0.131
cfg_004,config_files,4,cl100k_base,116,93,0.8017,19.83,41,49,1.1951,-19.51,1,0.16
cfg_004,config_files,4,o200k_base,116,93,0.8017,19.83,41,48,1.1707,-17.07,1,0.15
cfg_004,config_files,5,cl100k_base,116,93,0.8017,19.83,41,49,1.1951,-19.51,1,0.166
cfg_004,config_files,5,o200k_base,116,93,0.8017,19.83,41,48,1.1707,-17.07,1,0.164
cfg_005,config_files,1,cl100k_base,92,91,0.9891,1.09,33,33,1.0,0.0,1,0.081
cfg_005,config_files,1,o200k_base,92,91,0.9891,1.09,33,33,1.0,0.0,1,0.069
cfg_005,config_files,2,cl100k_base,92,85,0.9239,7.61,33,29,0.8788,12.12,1,0.109
cfg_005,config_files,2,o200k_base,92,85,0.9239,7.61,33,29,0.8788,12.12,1,0.206
cfg_005,config_files,3,cl100k_base,92,85,0.9239,7.61,33,29,0.8788,12.12,1,0.135
cfg_005,config_files,3,o200k_base,92,85,0.9239,7.61,33,29,0.8788,12.12,1,0.125
cfg_005,config_files,4,cl100k_base,92,67,0.7283,27.17,33,36,1.0909,-9.09,1,0.146
cfg_005,config_files,4,o200k_base,92,67,0.7283,27.17,33,37,1.1212,-12.12,1,0.14
cfg_005,config_files,5,cl100k_base,92,67,0.7283,27.17,33,36,1.0909,-9.09,1,0.154
cfg_005,config_files,5,o200k_base,92,67,0.7283,27.17,33,37,1.1212,-12.12,1,0.157
cfg_006,config_files,1,cl100k_base,102,94,0.9216,7.84,37,33,0.8919,10.81,1,0.094
cfg_006,config_files,1,o200k_base,102,94,0.9216,7.84,37,33,0.8919,10.81,1,0.087
cfg_006,config_files,2,cl100k_base,102,88,0.8627,13.73,37,30,0.8108,18.92,1,0.138
cfg_006,config_files,2,o200k_base,102,88,0.8627,13.73,37,30,0.8108,18.92,1,0.134
cfg_006,config_files,3,cl100k_base,102,88,0.8627,13.73,37,30,0.8108,18.92,1,0.139
cfg_006,config_files,3,o200k_base,102,88,0.8627,13.73,37,30,0.8108,18.92,1,0.137
cfg_006,config_files,4,cl100k_base,102,70,0.6863,31.37,37,39,1.0541,-5.41,1,0.16
cfg_006,config_files,4,o200k_base,102,70,0.6863,31.37,37,40,1.0811,-8.11,1,0.154
cfg_006,config_files,5,cl100k_base,102,70,0.6863,31.37,37,39,1.0541,-5.41,1,0.164
cfg_006,config_files,5,o200k_base,102,70,0.6863,31.37,37,40,1.0811,-8.11,1,0.147
cfg_007,config_files,1,cl100k_base,114,114,1.0,0.0,43,43,1.0,0.0,1,0.094
cfg_007,config_files,1,o200k_base,114,114,1.0,0.0,43,43,1.0,0.0,1,0.084
cfg_007,config_files,2,cl100k_base,114,108,0.9474,5.26,43,43,1.0,0.0,1,0.136
cfg_007,config_files,2,o200k_base,114,108,0.9474,5.26,43,43,1.0,0.0,1,0.13
cfg_007,config_files,3,cl100k_base,114,108,0.9474,5.26,43,43,1.0,0.0,1,0.135
cfg_007,config_files,3,o200k_base,114,108,0.9474,5.26,43,43,1.0,0.0,1,0.133
cfg_007,config_files,4,cl100k_base,114,90,0.7895,21.05,43,49,1.1395,-13.95,1,0.155
cfg_007,config_files,4,o200k_base,114,90,0.7895,21.05,43,48,1.1163,-11.63,1,0.162
cfg_007,config_files,5,cl100k_base,114,90,0.7895,21.05,43,49,1.1395,-13.95,1,0.168
cfg_007,config_files,5,o200k_base,114,90,0.7895,21.05,43,48,1.1163,-11.63,1,0.164
cfg_008,config_files,1,cl100k_base,118,118,1.0,0.0,42,42,1.0,0.0,1,0.087
cfg_008,config_files,1,o200k_base,118,118,1.0,0.0,42,42,1.0,0.0,1,0.083
cfg_008,config_files,2,cl100k_base,118,112,0.9492,5.08,42,42,1.0,0.0,1,0.133
cfg_008,config_files,2,o200k_base,118,112,0.9492,5.08,42,42,1.0,0.0,1,0.129
cfg_008,config_files,3,cl100k_base,118,112,0.9492,5.08,42,42,1.0,0.0,1,0.133
cfg_008,config_files,3,o200k_base,118,112,0.9492,5.08,42,42,1.0,0.0,1,0.131
cfg_008,config_files,4,cl100k_base,118,93,0.7881,21.19,42,51,1.2143,-21.43,1,0.163
cfg_008,config_files,4,o200k_base,118,93,0.7881,21.19,42,50,1.1905,-19.05,1,0.152
cfg_008,config_files,5,cl100k_base,118,93,0.7881,21.19,42,51,1.2143,-21.43,1,0.17
cfg_008,config_files,5,o200k_base,118,93,0.7881,21.19,42,50,1.1905,-19.05,1,0.168
cfg_009,config_files,1,cl100k_base,114,114,1.0,0.0,41,41,1.0,0.0,1,0.085
cfg_009,config_files,1,o200k_base,114,114,1.0,0.0,41,41,1.0,0.0,1,0.081
cfg_009,config_files,2,cl100k_base,114,108,0.9474,5.26,41,41,1.0,0.0,1,0.132
cfg_009,config_files,2,o200k_base,114,108,0.9474,5.26,41,41,1.0,0.0,1,0.128
cfg_009,config_files,3,cl100k_base,114,108,0.9474,5.26,41,41,1.0,0.0,1,0.131
cfg_009,config_files,3,o200k_base,114,108,0.9474,5.26,41,41,1.0,0.0,1,1.091
cfg_009,config_files,4,cl100k_base,114,90,0.7895,21.05,41,49,1.1951,-19.51,1,0.183
cfg_009,config_files,4,o200k_base,114,90,0.7895,21.05,41,48,1.1707,-17.07,1,0.154
cfg_009,config_files,5,cl100k_base,114,90,0.7895,21.05,41,49,1.1951,-19.51,1,0.169
cfg_009,config_files,5,o200k_base,114,90,0.7895,21.05,41,48,1.1707,-17.07,1,0.172
cfg_010,config_files,1,cl100k_base,100,92,0.92,8.0,37,34,0.9189,8.11,1,0.09
cfg_010,config_files,1,o200k_base,100,92,0.92,8.0,37,34,0.9189,8.11,1,0.079
cfg_010,config_files,2,cl100k_base,100,86,0.86,14.0,37,30,0.8108,18.92,1,0.12
cfg_010,config_files,2,o200k_base,100,86,0.86,14.0,37,30,0.8108,18.92,1,0.115
cfg_010,config_files,3,cl100k_base,100,86,0.86,14.0,37,30,0.8108,18.92,1,0.119
cfg_010,config_files,3,o200k_base,100,86,0.86,14.0,37,30,0.8108,18.92,1,0.116
cfg_010,config_files,4,cl100k_base,100,70,0.7,30.0,37,39,1.0541,-5.41,1,0.185
cfg_010,config_files,4,o200k_base,100,70,0.7,30.0,37,40,1.0811,-8.11,1,0.154
cfg_010,config_files,5,cl100k_base,100,70,0.7,30.0,37,39,1.0541,-5.41,1,0.152
cfg_010,config_files,5,o200k_base,100,70,0.7,30.0,37,40,1.0811,-8.11,1,0.146
cfg_011,config_files,1,cl100k_base,112,112,1.0,0.0,41,41,1.0,0.0,1,0.089
cfg_011,config_files,1,o200k_base,112,112,1.0,0.0,41,41,1.0,0.0,1,0.082
cfg_011,config_files,2,cl100k_base,112,106,0.9464,5.36,41,41,1.0,0.0,1,0.13
cfg_011,config_files,2,o200k_base,112,106,0.9464,5.36,41,41,1.0,0.0,1,0.127
cfg_011,config_files,3,cl100k_base,112,106,0.9464,5.36,41,41,1.0,0.0,1,0.131
cfg_011,config_files,3,o200k_base,112,106,0.9464,5.36,41,41,1.0,0.0,1,0.134
cfg_011,config_files,4,cl100k_base,112,88,0.7857,21.43,41,49,1.1951,-19.51,1,0.159
cfg_011,config_files,4,o200k_base,112,88,0.7857,21.43,41,48,1.1707,-17.07,1,0.148
cfg_011,config_files,5,cl100k_base,112,88,0.7857,21.43,41,49,1.1951,-19.51,1,0.163
cfg_011,config_files,5,o200k_base,112,88,0.7857,21.43,41,48,1.1707,-17.07,1,0.232
cfg_012,config_files,1,cl100k_base,111,110,0.991,0.9,41,41,1.0,0.0,1,0.137
cfg_012,config_files,1,o200k_base,111,110,0.991,0.9,41,41,1.0,0.0,1,0.086
cfg_012,config_files,2,cl100k_base,111,104,0.9369,6.31,41,37,0.9024,9.76,1,0.266
cfg_012,config_files,2,o200k_base,111,104,0.9369,6.31,41,37,0.9024,9.76,1,0.134
cfg_012,config_files,3,cl100k_base,111,104,0.9369,6.31,41,37,0.9024,9.76,1,0.136
cfg_012,config_files,3,o200k_base,111,104,0.9369,6.31,41,37,0.9024,9.76,1,0.133
cfg_012,config_files,4,cl100k_base,111,89,0.8018,19.82,41,45,1.0976,-9.76,1,0.156
cfg_012,config_files,4,o200k_base,111,89,0.8018,19.82,41,45,1.0976,-9.76,1,0.148
cfg_012,config_files,5,cl100k_base,111,87,0.7838,21.62,41,46,1.122,-12.2,1,0.166
cfg_012,config_files,5,o200k_base,111,87,0.7838,21.62,41,47,1.1463,-14.63,1,0.184
cfg_013,config_files,1,cl100k_base,114,114,1.0,0.0,41,41,1.0,0.0,1,0.199
cfg_013,config_files,1,o200k_base,114,114,1.0,0.0,41,41,1.0,0.0,1,0.095
cfg_013,config_files,2,cl100k_base,114,108,0.9474,5.26,41,41,1.0,0.0,1,0.162
cfg_013,config_files,2,o200k_base,114,108,0.9474,5.26,41,41,1.0,0.0,1,0.15
cfg_013,config_files,3,cl100k_base,114,108,0.9474,5.26,41,41,1.0,0.0,1,0.154
cfg_013,config_files,3,o200k_base,114,108,0.9474,5.26,41,41,1.0,0.0,1,0.152
cfg_013,config_files,4,cl100k_base,114,90,0.7895,21.05,41,50,1.2195,-21.95,1,0.181
cfg_013,config_files,4,o200k_base,114,90,0.7895,21.05,41,49,1.1951,-19.51,1,0.162
cfg_013,config_files,5,cl100k_base,114,90,0.7895,21.05,41,50,1.2195,-21.95,1,0.172
cfg_013,config_files,5,o200k_base,114,90,0.7895,21.05,41,49,1.1951,-19.51,1,0.167
cfg_014,config_files,1,cl100k_base,108,107,0.9907,0.93,41,41,1.0,0.0,1,0.096
cfg_014,config_files,1,o200k_base,108,107,0.9907,0.93,41,41,1.0,0.0,1,0.084
cfg_014,config_files,2,cl100k_base,108,101,0.9352,6.48,41,37,0.9024,9.76,1,0.132
cfg_014,config_files,2,o200k_base,108,101,0.9352,6.48,41,37,0.9024,9.76,1,0.125
cfg_014,config_files,3,cl100k_base,108,101,0.9352,6.48,41,37,0.9024,9.76,1,0.131
cfg_014,config_files,3,o200k_base,108,101,0.9352,6.48,41,37,0.9024,9.76,1,0.129
cfg_014,config_files,4,cl100k_base,108,85,0.787,21.3,41,43,1.0488,-4.88,1,0.16
cfg_014,config_files,4,o200k_base,108,85,0.787,21.3,41,43,1.0488,-4.88,1,0.144
cfg_014,config_files,5,cl100k_base,108,83,0.7685,23.15,41,44,1.0732,-7.32,1,0.161
cfg_014,config_files,5,o200k_base,108,83,0.7685,23.15,41,45,1.0976,-9.76,1,0.156
cfg_015,config_files,1,cl100k_base,110,110,1.0,0.0,43,43,1.0,0.0,1,0.093
cfg_015,config_files,1,o200k_base,110,110,1.0,0.0,43,43,1.0,0.0,1,0.084
cfg_015,config_files,2,cl100k_base,110,104,0.9455,5.45,43,43,1.0,0.0,1,0.133
cfg_015,config_files,2,o200k_base,110,104,0.9455,5.45,43,43,1.0,0.0,1,0.129
cfg_015,config_files,3,cl100k_base,110,104,0.9455,5.45,43,43,1.0,0.0,1,0.134
cfg_015,config_files,3,o200k_base,110,104,0.9455,5.45,43,43,1.0,0.0,1,0.136
cfg_015,config_files,4,cl100k_base,110,89,0.8091,19.09,43,50,1.1628,-16.28,1,0.155
cfg_015,config_files,4,o200k_base,110,89,0.8091,19.09,43,49,1.1395,-13.95,1,0.15
cfg_015,config_files,5,cl100k_base,110,89,0.8091,19.09,43,50,1.1628,-16.28,1,0.259
cfg_015,config_files,5,o200k_base,110,89,0.8091,19.09,43,49,1.1395,-13.95,1,0.235
cfg_016,config_files,1,cl100k_base,94,93,0.9894,1.06,36,36,1.0,0.0,1,0.112
cfg_016,config_files,1,o200k_base,94,93,0.9894,1.06,36,36,1.0,0.0,1,0.073
cfg_016,config_files,2,cl100k_base,94,87,0.9255,7.45,36,31,0.8611,13.89,1,0.118
cfg_016,config_files,2,o200k_base,94,87,0.9255,7.45,36,31,0.8611,13.89,1,0.106
cfg_016,config_files,3,cl100k_base,94,87,0.9255,7.45,36,31,0.8611,13.89,1,0.111
cfg_016,config_files,3,o200k_base,94,87,0.9255,7.45,36,31,0.8611,13.89,1,0.108
cfg_016,config_files,4,cl100k_base,94,70,0.7447,25.53,36,38,1.0556,-5.56,1,0.133
cfg_016,config_files,4,o200k_base,94,70,0.7447,25.53,36,39,1.0833,-8.33,1,0.125
cfg_016,config_files,5,cl100k_base,94,70,0.7447,25.53,36,38,1.0556,-5.56,1,0.139
cfg_016,config_files,5,o200k_base,94,70,0.7447,25.53,36,39,1.0833,-8.33,1,0.142
cfg_017,config_files,1,cl100k_base,90,89,0.9889,1.11,33,33,1.0,0.0,1,0.075
cfg_017,config_files,1,o200k_base,90,89,0.9889,1.11,33,33,1.0,0.0,1,0.068
cfg_017,config_files,2,cl100k_base,90,83,0.9222,7.78,33,29,0.8788,12.12,1,0.105
cfg_017,config_files,2,o200k_base,90,83,0.9222,7.78,33,29,0.8788,12.12,1,0.101
cfg_017,config_files,3,cl100k_base,90,83,0.9222,7.78,33,29,0.8788,12.12,1,0.105
cfg_017,config_files,3,o200k_base,90,83,0.9222,7.78,33,29,0.8788,12.12,1,0.103
cfg_017,config_files,4,cl100k_base,90,68,0.7556,24.44,33,37,1.1212,-12.12,1,0.123
cfg_017,config_files,4,o200k_base,90,68,0.7556,24.44,33,38,1.1515,-15.15,1,0.132
cfg_017,config_files,5,cl100k_base,90,68,0.7556,24.44,33,37,1.1212,-12.12,1,0.135
cfg_017,config_files,5,o200k_base,90,68,0.7556,24.44,33,38,1.1515,-15.15,1,0.14
cfg_018,config_files,1,cl100k_base,118,118,1.0,0.0,42,42,1.0,0.0,1,0.095
cfg_018,config_files,1,o200k_base,118,118,1.0,0.0,42,42,1.0,0.0,1,0.1
cfg_018,config_files,2,cl100k_base,118,112,0.9492,5.08,42,42,1.0,0.0,1,0.14
cfg_018,config_files,2,o200k_base,118,112,0.9492,5.08,42,42,1.0,0.0,1,0.137
cfg_018,config_files,3,cl100k_base,118,112,0.9492,5.08,42,42,1.0,0.0,1,0.142
cfg_018,config_files,3,o200k_base,118,112,0.9492,5.08,42,42,1.0,0.0,1,0.242
cfg_018,config_files,4,cl100k_base,118,94,0.7966,20.34,42,51,1.2143,-21.43,1,0.322
cfg_018,config_files,4,o200k_base,118,94,0.7966,20.34,42,50,1.1905,-19.05,1,0.218
cfg_018,config_files,5,cl100k_base,118,94,0.7966,20.34,42,51,1.2143,-21.43,1,0.177
cfg_018,config_files,5,o200k_base,118,94,0.7966,20.34,42,50,1.1905,-19.05,1,0.171
cfg_019,config_files,1,cl100k_base,87,86,0.9885,1.15,32,32,1.0,0.0,1,0.079
cfg_019,config_files,1,o200k_base,87,86,0.9885,1.15,32,32,1.0,0.0,1,0.067
cfg_019,config_files,2,cl100k_base,87,80,0.9195,8.05,32,28,0.875,12.5,1,0.106
cfg_019,config_files,2,o200k_base,87,80,0.9195,8.05,32,28,0.875,12.5,1,0.109
cfg_019,config_files,3,cl100k_base,87,80,0.9195,8.05,32,28,0.875,12.5,1,0.104
cfg_019,config_files,3,o200k_base,87,80,0.9195,8.05,32,28,0.875,12.5,1,0.101
cfg_019,config_files,4,cl100k_base,87,65,0.7471,25.29,32,34,1.0625,-6.25,1,0.123
cfg_019,config_files,4,o200k_base,87,65,0.7471,25.29,32,35,1.0938,-9.38,1,0.116
cfg_019,config_files,5,cl100k_base,87,65,0.7471,25.29,32,34,1.0625,-6.25,1,0.131
cfg_019,config_files,5,o200k_base,87,65,0.7471,25.29,32,35,1.0938,-9.38,1,0.127
cfg_020,config_files,1,cl100k_base,83,82,0.988,1.2,32,32,1.0,0.0,1,0.072
cfg_020,config_files,1,o200k_base,83,82,0.988,1.2,32,32,1.0,0.0,1,0.066
cfg_020,config_files,2,cl100k_base,83,76,0.9157,8.43,32,28,0.875,12.5,1,0.101
cfg_020,config_files,2,o200k_base,83,76,0.9157,8.43,32,28,0.875,12.5,1,0.097
cfg_020,config_files,3,cl100k_base,83,76,0.9157,8.43,32,28,0.875,12.5,1,0.119
cfg_020,config_files,3,o200k_base,83,76,0.9157,8.43,32,28,0.875,12.5,1,0.103
cfg_020,config_files,4,cl100k_base,83,61,0.7349,26.51,32,35,1.0938,-9.38,1,0.118
cfg_020,config_files,4,o200k_base,83,61,0.7349,26.51,32,36,1.125,-12.5,1,0.114
cfg_020,config_files,5,cl100k_base,83,61,0.7349,26.51,32,35,1.0938,-9.38,1,0.126
cfg_020,config_files,5,o200k_base,83,61,0.7349,26.51,32,36,1.125,-12.5,1,0.123
cfg_021,config_files,1,cl100k_base,97,89,0.9175,8.25,38,34,0.8947,10.53,1,0.087
cfg_021,config_files,1,o200k_base,97,89,0.9175,8.25,38,34,0.8947,10.53,1,0.079
cfg_021,config_files,2,cl100k_base,97,83,0.8557,14.43,38,31,0.8158,18.42,1,0.119
cfg_021,config_files,2,o200k_base,97,83,0.8557,14.43,38,31,0.8158,18.42,1,0.114
cfg_021,config_files,3,cl100k_base,97,83,0.8557,14.43,38,31,0.8158,18.42,1,0.119
cfg_021,config_files,3,o200k_base,97,83,0.8557,14.43,38,31,0.8158,18.42,1,0.136
cfg_021,config_files,4,cl100k_base,97,68,0.701,29.9,38,36,0.9474,5.26,1,0.136
cfg_021,config_files,4,o200k_base,97,68,0.701,29.9,38,37,0.9737,2.63,1,0.132
cfg_021,config_files,5,cl100k_base,97,68,0.701,29.9,38,36,0.9474,5.26,1,0.143
cfg_021,config_files,5,o200k_base,97,68,0.701,29.9,38,37,0.9737,2.63,1,0.139
cfg_022,config_files,1,cl100k_base,103,95,0.9223,7.77,37,33,0.8919,10.81,1,0.083
cfg_022,config_files,1,o200k_base,103,95,0.9223,7.77,37,33,0.8919,10.81,1,0.078
cfg_022,config_files,2,cl100k_base,103,89,0.8641,13.59,37,30,0.8108,18.92,1,0.117
cfg_022,config_files,2,o200k_base,103,89,0.8641,13.59,37,30,0.8108,18.92,1,0.114
cfg_022,config_files,3,cl100k_base,103,89,0.8641,13.59,37,30,0.8108,18.92,1,0.118
cfg_022,config_files,3,o200k_base,103,89,0.8641,13.59,37,30,0.8108,18.92,1,0.133
cfg_022,config_files,4,cl100k_base,103,71,0.6893,31.07,37,39,1.0541,-5.41,1,0.141
cfg_022,config_files,4,o200k_base,103,71,0.6893,31.07,37,40,1.0811,-8.11,1,0.133
cfg_022,config_files,5,cl100k_base,103,71,0.6893,31.07,37,39,1.0541,-5.41,1,0.145
cfg_022,config_files,5,o200k_base,103,71,0.6893,31.07,37,40,1.0811,-8.11,1,0.142
cfg_023,config_files,1,cl100k_base,104,96,0.9231,7.69,37,33,0.8919,10.81,1,0.083
cfg_023,config_files,1,o200k_base,104,96,0.9231,7.69,37,33,0.8919,10.81,1,0.078
cfg_023,config_files,2,cl100k_base,104,90,0.8654,13.46,37,30,0.8108,18.92,1,0.116
cfg_023,config_files,2,o200k_base,104,90,0.8654,13.46,37,30,0.8108,18.92,1,0.114
cfg_023,config_files,3,cl100k_base,104,90,0.8654,13.46,37,30,0.8108,18.92,1,0.118
cfg_023,config_files,3,o200k_base,104,90,0.8654,13.46,37,30,0.8108,18.92,1,0.217
cfg_023,config_files,4,cl100k_base,104,73,0.7019,29.81,37,40,1.0811,-8.11,1,0.142
cfg_023,config_files,4,o200k_base,104,73,0.7019,29.81,37,41,1.1081,-10.81,1,0.134
cfg_023,config_files,5,cl100k_base,104,73,0.7019,29.81,37,40,1.0811,-8.11,1,0.147
cfg_023,config_files,5,o200k_base,104,73,0.7019,29.81,37,41,1.1081,-10.81,1,0.145
cfg_024,config_files,1,cl100k_base,94,93,0.9894,1.06,33,33,1.0,0.0,1,0.08
cfg_024,config_files,1,o200k_base,94,93,0.9894,1.06,33,33,1.0,0.0,1,0.07
cfg_024,config_files,2,cl100k_base,94,87,0.9255,7.45,33,29,0.8788,12.12,1,0.11
cfg_024,config_files,2,o200k_base,94,87,0.9255,7.45,33,29,0.8788,12.12,1,0.104
cfg_024,config_files,3,cl100k_base,94,87,0.9255,7.45,33,29,0.8788,12.12,1,0.107
cfg_024,config_files,3,o200k_base,94,87,0.9255,7.45,33,29,0.8788,12.12,1,0.124
cfg_024,config_files,4,cl100k_base,94,69,0.734,26.6,33,38,1.1515,-15.15,1,0.129
cfg_024,config_files,4,o200k_base,94,69,0.734,26.6,33,39,1.1818,-18.18,1,0.125
cfg_024,config_files,5,cl100k_base,94,69,0.734,26.6,33,38,1.1515,-15.15,1,0.136
cfg_024,config_files,5,o200k_base,94,69,0.734,26.6,33,39,1.1818,-18.18,1,0.146
cfg_025,config_files,1,cl100k_base,91,90,0.989,1.1,35,35,1.0,0.0,1,0.077
cfg_025,config_files,1,o200k_base,91,90,0.989,1.1,35,35,1.0,0.0,1,0.069
cfg_025,config_files,2,cl100k_base,91,84,0.9231,7.69,35,30,0.8571,14.29,1,0.105
cfg_025,config_files,2,o200k_base,91,84,0.9231,7.69,35,30,0.8571,14.29,1,0.102
cfg_025,config_files,3,cl100k_base,91,84,0.9231,7.69,35,30,0.8571,14.29,1,0.105
cfg_025,config_files,3,o200k_base,91,84,0.9231,7.69,35,30,0.8571,14.29,1,0.104
cfg_025,config_files,4,cl100k_base,91,69,0.7582,24.18,35,36,1.0286,-2.86,1,0.177
cfg_025,config_files,4,o200k_base,91,69,0.7582,24.18,35,37,1.0571,-5.71,1,0.123
cfg_025,config_files,5,cl100k_base,91,69,0.7582,24.18,35,36,1.0286,-2.86,1,0.135
cfg_025,config_files,5,o200k_base,91,69,0.7582,24.18,35,37,1.0571,-5.71,1,0.131
cfg_026,config_files,1,cl100k_base,111,111,1.0,0.0,41,41,1.0,0.0,1,0.092
cfg_026,config_files,1,o200k_base,111,111,1.0,0.0,42,42,1.0,0.0,1,0.081
cfg_026,config_files,2,cl100k_base,111,105,0.9459,5.41,41,41,1.0,0.0,1,0.131
cfg_026,config_files,2,o200k_base,111,105,0.9459,5.41,42,42,1.0,0.0,1,0.127
cfg_026,config_files,3,cl100k_base,111,105,0.9459,5.41,41,41,1.0,0.0,1,0.133
cfg_026,config_files,3,o200k_base,111,105,0.9459,5.41,42,42,1.0,0.0,1,0.153
cfg_026,config_files,4,cl100k_base,111,89,0.8018,19.82,41,49,1.1951,-19.51,1,0.168
cfg_026,config_files,4,o200k_base,111,89,0.8018,19.82,42,49,1.1667,-16.67,1,0.155
cfg_026,config_files,5,cl100k_base,111,89,0.8018,19.82,41,49,1.1951,-19.51,1,0.171
cfg_026,config_files,5,o200k_base,111,89,0.8018,19.82,42,49,1.1667,-16.67,1,0.168
cfg_027,config_files,1,cl100k_base,100,92,0.92,8.0,37,33,0.8919,10.81,1,0.113
cfg_027,config_files,1,o200k_base,100,92,0.92,8.0,38,34,0.8947,10.53,1,0.082
cfg_027,config_files,2,cl100k_base,100,86,0.86,14.0,37,30,0.8108,18.92,1,0.138
cfg_027,config_files,2,o200k_base,100,86,0.86,14.0,38,31,0.8158,18.42,1,0.118
cfg_027,config_files,3,cl100k_base,100,86,0.86,14.0,37,30,0.8108,18.92,1,0.125
cfg_027,config_files,3,o200k_base,100,86,0.86,14.0,38,31,0.8158,18.42,1,0.118
cfg_027,config_files,4,cl100k_base,100,71,0.71,29.0,37,39,1.0541,-5.41,1,0.152
cfg_027,config_files,4,o200k_base,100,71,0.71,29.0,38,41,1.0789,-7.89,1,0.16
cfg_027,config_files,5,cl100k_base,100,71,0.71,29.0,37,39,1.0541,-5.41,1,0.157
cfg_027,config_files,5,o200k_base,100,71,0.71,29.0,38,41,1.0789,-7.89,1,0.146
cfg_028,config_files,1,cl100k_base,107,107,1.0,0.0,42,42,1.0,0.0,1,0.175
cfg_028,config_files,1,o200k_base,107,107,1.0,0.0,43,43,1.0,0.0,1,0.107
cfg_028,config_files,2,cl100k_base,107,101,0.9439,5.61,42,42,1.0,0.0,1,0.145
cfg_028,config_files,2,o200k_base,107,101,0.9439,5.61,43,43,1.0,0.0,1,0.131
cfg_028,config_files,3,cl100k_base,107,101,0.9439,5.61,42,42,1.0,0.0,1,0.135
cfg_028,config_files,3,o200k_base,107,101,0.9439,5.61,43,43,1.0,0.0,1,0.13
cfg_028,config_files,4,cl100k_base,107,86,0.8037,19.63,42,48,1.1429,-14.29,1,0.155
cfg_028,config_files,4,o200k_base,107,86,0.8037,19.63,43,48,1.1163,-11.63,1,0.15
cfg_028,config_files,5,cl100k_base,107,86,0.8037,19.63,42,48,1.1429,-14.29,1,0.17
cfg_028,config_files,5,o200k_base,107,86,0.8037,19.63,43,48,1.1163,-11.63,1,0.168
cfg_029,config_files,1,cl100k_base,98,90,0.9184,8.16,37,33,0.8919,10.81,1,0.089
cfg_029,config_files,1,o200k_base,98,90,0.9184,8.16,37,33,0.8919,10.81,1,0.079
cfg_029,config_files,2,cl100k_base,98,84,0.8571,14.29,37,30,0.8108,18.92,1,0.118
cfg_029,config_files,2,o200k_base,98,84,0.8571,14.29,37,30,0.8108,18.92,1,0.113
cfg_029,config_files,3,cl100k_base,98,84,0.8571,14.29,37,30,0.8108,18.92,1,0.117
cfg_029,config_files,3,o200k_base,98,84,0.8571,14.29,37,30,0.8108,18.92,1,0.114
cfg_029,config_files,4,cl100k_base,98,70,0.7143,28.57,37,38,1.027,-2.7,1,0.137
cfg_029,config_files,4,o200k_base,98,70,0.7143,28.57,37,39,1.0541,-5.41,1,0.131
cfg_029,config_files,5,cl100k_base,98,70,0.7143,28.57,37,38,1.027,-2.7,1,0.163
cfg_029,config_files,5,o200k_base,98,70,0.7143,28.57,37,39,1.0541,-5.41,1,0.145
cfg_030,config_files,1,cl100k_base,98,90,0.9184,8.16,37,33,0.8919,10.81,1,0.083
cfg_030,config_files,1,o200k_base,98,90,0.9184,8.16,37,33,0.8919,10.81,1,0.078
cfg_030,config_files,2,cl100k_base,98,84,0.8571,14.29,37,30,0.8108,18.92,1,0.117
cfg_030,config_files,2,o200k_base,98,84,0.8571,14.29,37,30,0.8108,18.92,1,0.113
cfg_030,config_files,3,cl100k_base,98,84,0.8571,14.29,37,30,0.8108,18.92,1,0.117
cfg_030,config_files,3,o200k_base,98,84,0.8571,14.29,37,30,0.8108,18.92,1,0.115
cfg_030,config_files,4,cl100k_base,98,69,0.7041,29.59,37,38,1.027,-2.7,1,0.133
cfg_030,config_files,4,o200k_base,98,69,0.7041,29.59,37,39,1.0541,-5.41,1,0.131
cfg_030,config_files,5,cl100k_base,98,69,0.7041,29.59,37,38,1.027,-2.7,1,0.144
cfg_030,config_files,5,o200k_base,98,69,0.7041,29.59,37,39,1.0541,-5.41,1,0.144
cfg_031,config_files,1,cl100k_base,115,115,1.0,0.0,41,41,1.0,0.0,1,0.088
cfg_031,config_files,1,o200k_base,115,115,1.0,0.0,41,41,1.0,0.0,1,0.081
cfg_031,config_files,2,cl100k_base,115,109,0.9478,5.22,41,41,1.0,0.0,1,0.132
cfg_031,config_files,2,o200k_base,115,109,0.9478,5.22,41,41,1.0,0.0,1,0.128
cfg_031,config_files,3,cl100k_base,115,109,0.9478,5.22,41,41,1.0,0.0,1,0.133
cfg_031,config_files,3,o200k_base,115,109,0.9478,5.22,41,41,1.0,0.0,1,0.13
cfg_031,config_files,4,cl100k_base,115,90,0.7826,21.74,41,51,1.2439,-24.39,1,0.156
cfg_031,config_files,4,o200k_base,115,90,0.7826,21.74,41,50,1.2195,-21.95,1,0.151
cfg_031,config_files,5,cl100k_base,115,90,0.7826,21.74,41,51,1.2439,-24.39,1,0.175
cfg_031,config_files,5,o200k_base,115,90,0.7826,21.74,41,50,1.2195,-21.95,1,0.164
cfg_032,config_files,1,cl100k_base,103,95,0.9223,7.77,38,35,0.9211,7.89,1,0.089
cfg_032,config_files,1,o200k_base,103,95,0.9223,7.77,38,35,0.9211,7.89,1,0.081
cfg_032,config_files,2,cl100k_base,103,89,0.8641,13.59,38,31,0.8158,18.42,1,0.121
cfg_032,config_files,2,o200k_base,103,89,0.8641,13.59,38,31,0.8158,18.42,1,0.117
cfg_032,config_files,3,cl100k_base,103,89,0.8641,13.59,38,31,0.8158,18.42,1,0.122
cfg_032,config_files,3,o200k_base,103,89,0.8641,13.59,38,31,0.8158,18.42,1,0.119
cfg_032,config_files,4,cl100k_base,103,73,0.7087,29.13,38,40,1.0526,-5.26,1,0.14
cfg_032,config_files,4,o200k_base,103,73,0.7087,29.13,38,41,1.0789,-7.89,1,0.156
cfg_032,config_files,5,cl100k_base,103,73,0.7087,29.13,38,40,1.0526,-5.26,1,0.154
cfg_032,config_files,5,o200k_base,103,73,0.7087,29.13,38,41,1.0789,-7.89,1,0.146
cfg_033,config_files,1,cl100k_base,111,110,0.991,0.9,40,40,1.0,0.0,1,0.094
cfg_033,config_files,1,o200k_base,111,110,0.991,0.9,40,40,1.0,0.0,1,0.083
cfg_033,config_files,2,cl100k_base,111,104,0.9369,6.31,40,37,0.925,7.5,1,0.134
cfg_033,config_files,2,o200k_base,111,104,0.9369,6.31,40,37,0.925,7.5,1,0.126
cfg_033,config_files,3,cl100k_base,111,104,0.9369,6.31,40,37,0.925,7.5,1,0.132
cfg_033,config_files,3,o200k_base,111,104,0.9369,6.31,40,37,0.925,7.5,1,0.13
cfg_033,config_files,4,cl100k_base,111,87,0.7838,21.62,40,45,1.125,-12.5,1,0.15
cfg_033,config_files,4,o200k_base,111,87,0.7838,21.62,40,45,1.125,-12.5,1,0.238
cfg_033,config_files,5,cl100k_base,111,85,0.7658,23.42,40,46,1.15,-15.0,1,0.38
cfg_033,config_files,5,o200k_base,111,85,0.7658,23.42,40,47,1.175,-17.5,1,0.174
cfg_034,config_files,1,cl100k_base,104,103,0.9904,0.96,40,40,1.0,0.0,1,0.092
cfg_034,config_files,1,o200k_base,104,103,0.9904,0.96,40,40,1.0,0.0,1,0.083
cfg_034,config_files,2,cl100k_base,104,97,0.9327,6.73,40,37,0.925,7.5,1,0.13
cfg_034,config_files,2,o200k_base,104,97,0.9327,6.73,40,37,0.925,7.5,1,0.123
cfg_034,config_files,3,cl100k_base,104,97,0.9327,6.73,40,37,0.925,7.5,1,0.224
cfg_034,config_files,3,o200k_base,104,97,0.9327,6.73,40,37,0.925,7.5,1,0.158
cfg_034,config_files,4,cl100k_base,104,83,0.7981,20.19,40,42,1.05,-5.0,1,0.156
cfg_034,config_files,4,o200k_base,104,83,0.7981,20.19,40,42,1.05,-5.0,1,0.144
cfg_034,config_files,5,cl100k_base,104,81,0.7788,22.12,40,43,1.075,-7.5,1,0.163
cfg_034,config_files,5,o200k_base,104,81,0.7788,22.12,40,44,1.1,-10.0,1,0.153
cfg_035,config_files,1,cl100k_base,90,89,0.9889,1.11,35,35,1.0,0.0,1,0.077
cfg_035,config_files,1,o200k_base,90,89,0.9889,1.11,36,36,1.0,0.0,1,0.07
cfg_035,config_files,2,cl100k_base,90,83,0.9222,7.78,35,31,0.8857,11.43,1,0.115
cfg_035,config_files,2,o200k_base,90,83,0.9222,7.78,36,32,0.8889,11.11,1,0.104
cfg_035,config_files,3,cl100k_base,90,83,0.9222,7.78,35,31,0.8857,11.43,1,0.108
cfg_035,config_files,3,o200k_base,90,83,0.9222,7.78,36,32,0.8889,11.11,1,0.105
cfg_035,config_files,4,cl100k_base,90,69,0.7667,23.33,35,37,1.0571,-5.71,1,0.126
cfg_035,config_files,4,o200k_base,90,69,0.7667,23.33,36,39,1.0833,-8.33,1,0.121
cfg_035,config_files,5,cl100k_base,90,69,0.7667,23.33,35,37,1.0571,-5.71,1,0.135
cfg_035,config_files,5,o200k_base,90,69,0.7667,23.33,36,39,1.0833,-8.33,1,0.132
cfg_036,config_files,1,cl100k_base,92,91,0.9891,1.09,35,35,1.0,0.0,1,0.075
cfg_036,config_files,1,o200k_base,92,91,0.9891,1.09,35,35,1.0,0.0,1,0.069
cfg_036,config_files,2,cl100k_base,92,85,0.9239,7.61,35,30,0.8571,14.29,1,0.107
cfg_036,config_files,2,o200k_base,92,85,0.9239,7.61,35,30,0.8571,14.29,1,0.109
cfg_036,config_files,3,cl100k_base,92,85,0.9239,7.61,35,30,0.8571,14.29,1,0.107
cfg_036,config_files,3,o200k_base,92,85,0.9239,7.61,35,30,0.8571,14.29,1,0.104
cfg_036,config_files,4,cl100k_base,92,70,0.7609,23.91,35,36,1.0286,-2.86,1,0.123
cfg_036,config_files,4,o200k_base,92,70,0.7609,23.91,35,37,1.0571,-5.71,1,0.12
cfg_036,config_files,5,cl100k_base,92,70,0.7609,23.91,35,36,1.0286,-2.86,1,0.135
cfg_036,config_files,5,o200k_base,92,70,0.7609,23.91,35,37,1.0571,-5.71,1,0.132
cfg_037,config_files,1,cl100k_base,110,110,1.0,0.0,43,43,1.0,0.0,1,0.092
cfg_037,config_files,1,o200k_base,110,110,1.0,0.0,43,43,1.0,0.0,1,0.085
cfg_037,config_files,2,cl100k_base,110,104,0.9455,5.45,43,43,1.0,0.0,1,0.133
cfg_037,config_files,2,o200k_base,110,104,0.9455,5.45,43,43,1.0,0.0,1,0.151
cfg_037,config_files,3,cl100k_base,110,104,0.9455,5.45,43,43,1.0,0.0,1,0.134
cfg_037,config_files,3,o200k_base,110,104,0.9455,5.45,43,43,1.0,0.0,1,0.13
cfg_037,config_files,4,cl100k_base,110,88,0.8,20.0,43,48,1.1163,-11.63,1,0.153
cfg_037,config_files,4,o200k_base,110,88,0.8,20.0,43,47,1.093,-9.3,1,0.149
cfg_037,config_files,5,cl100k_base,110,88,0.8,20.0,43,48,1.1163,-11.63,1,0.165
cfg_037,config_files,5,o200k_base,110,88,0.8,20.0,43,47,1.093,-9.3,1,0.162
cfg_038,config_files,1,cl100k_base,86,85,0.9884,1.16,32,32,1.0,0.0,1,0.073
cfg_038,config_files,1,o200k_base,86,85,0.9884,1.16,32,32,1.0,0.0,1,0.066
cfg_038,config_files,2,cl100k_base,86,79,0.9186,8.14,32,28,0.875,12.5,1,0.102
cfg_038,config_files,2,o200k_base,86,79,0.9186,8.14,32,28,0.875,12.5,1,0.103
cfg_038,config_files,3,cl100k_base,86,79,0.9186,8.14,32,28,0.875,12.5,1,0.102
cfg_038,config_files,3,o200k_base,86,79,0.9186,8.14,32,28,0.875,12.5,1,0.101
cfg_038,config_files,4,cl100k_base,86,64,0.7442,25.58,32,34,1.0625,-6.25,1,0.119
cfg_038,config_files,4,o200k_base,86,64,0.7442,25.58,32,35,1.0938,-9.38,1,0.116
cfg_038,config_files,5,cl100k_base,86,64,0.7442,25.58,32,34,1.0625,-6.25,1,0.128
cfg_038,config_files,5,o200k_base,86,64,0.7442,25.58,32,35,1.0938,-9.38,1,0.125
cfg_039,config_files,1,cl100k_base,103,102,0.9903,0.97,40,40,1.0,0.0,1,0.09
cfg_039,config_files,1,o200k_base,103,102,0.9903,0.97,41,41,1.0,0.0,1,0.082
cfg_039,config_files,2,cl100k_base,103,96,0.932,6.8,40,37,0.925,7.5,1,0.129
cfg_039,config_files,2,o200k_base,103,96,0.932,6.8,41,38,0.9268,7.32,1,0.257
cfg_039,config_files,3,cl100k_base,103,96,0.932,6.8,40,37,0.925,7.5,1,0.134
cfg_039,config_files,3,o200k_base,103,96,0.932,6.8,41,38,0.9268,7.32,1,0.128
cfg_039,config_files,4,cl100k_base,103,84,0.8155,18.45,40,43,1.075,-7.5,1,0.148
cfg_039,config_files,4,o200k_base,103,84,0.8155,18.45,41,44,1.0732,-7.32,1,0.142
cfg_039,config_files,5,cl100k_base,103,82,0.7961,20.39,40,44,1.1,-10.0,1,0.158
cfg_039,config_files,5,o200k_base,103,82,0.7961,20.39,41,46,1.122,-12.2,1,0.153
cfg_040,config_files,1,cl100k_base,116,116,1.0,0.0,41,41,1.0,0.0,1,0.09
cfg_040,config_files,1,o200k_base,116,116,1.0,0.0,41,41,1.0,0.0,1,0.082
cfg_040,config_files,2,cl100k_base,116,110,0.9483,5.17,41,41,1.0,0.0,1,0.155
cfg_040,config_files,2,o200k_base,116,110,0.9483,5.17,41,41,1.0,0.0,1,0.13
cfg_040,config_files,3,cl100k_base,116,110,0.9483,5.17,41,41,1.0,0.0,1,0.134
cfg_040,config_files,3,o200k_base,116,110,0.9483,5.17,41,41,1.0,0.0,1,0.132
cfg_040,config_files,4,cl100k_base,116,92,0.7931,20.69,41,50,1.2195,-21.95,1,0.157
cfg_040,config_files,4,o200k_base,116,92,0.7931,20.69,41,49,1.1951,-19.51,1,0.15
cfg_040,config_files,5,cl100k_base,116,92,0.7931,20.69,41,50,1.2195,-21.95,1,0.168
cfg_040,config_files,5,o200k_base,116,92,0.7931,20.69,41,49,1.1951,-19.51,1,0.165
cfg_041,config_files,1,cl100k_base,103,95,0.9223,7.77,38,35,0.9211,7.89,1,0.091
cfg_041,config_files,1,o200k_base,103,95,0.9223,7.77,38,35,0.9211,7.89,1,0.564
cfg_041,config_files,2,cl100k_base,103,89,0.8641,13.59,38,31,0.8158,18.42,1,0.169
cfg_041,config_files,2,o200k_base,103,89,0.8641,13.59,38,31,0.8158,18.42,1,0.137
cfg_041,config_files,3,cl100k_base,103,89,0.8641,13.59,38,31,0.8158,18.42,1,0.129
cfg_041,config_files,3,o200k_base,103,89,0.8641,13.59,38,31,0.8158,18.42,1,0.121
cfg_041,config_files,4,cl100k_base,103,73,0.7087,29.13,38,40,1.0526,-5.26,1,0.149
cfg_041,config_files,4,o200k_base,103,73,0.7087,29.13,38,41,1.0789,-7.89,1,0.145
cfg_041,config_files,5,cl100k_base,103,73,0.7087,29.13,38,40,1.0526,-5.26,1,0.15
cfg_041,config_files,5,o200k_base,103,73,0.7087,29.13,38,41,1.0789,-7.89,1,0.146
cfg_042,config_files,1,cl100k_base,106,105,0.9906,0.94,41,41,1.0,0.0,1,0.095
cfg_042,config_files,1,o200k_base,106,105,0.9906,0.94,42,42,1.0,0.0,1,0.083
cfg_042,config_files,2,cl100k_base,106,99,0.934,6.6,41,38,0.9268,7.32,1,0.132
cfg_042,config_files,2,o200k_base,106,99,0.934,6.6,42,39,0.9286,7.14,1,0.126
cfg_042,config_files,3,cl100k_base,106,99,0.934,6.6,41,38,0.9268,7.32,1,0.133
cfg_042,config_files,3,o200k_base,106,99,0.934,6.6,42,39,0.9286,7.14,1,0.128
cfg_042,config_files,4,cl100k_base,106,87,0.8208,17.92,41,44,1.0732,-7.32,1,0.171
cfg_042,config_files,4,o200k_base,106,87,0.8208,17.92,42,45,1.0714,-7.14,1,0.144
cfg_042,config_files,5,cl100k_base,106,85,0.8019,19.81,41,45,1.0976,-9.76,1,0.16
cfg_042,config_files,5,o200k_base,106,85,0.8019,19.81,42,47,1.119,-11.9,1,0.155
cfg_043,config_files,1,cl100k_base,112,112,1.0,0.0,43,43,1.0,0.0,1,0.092
cfg_043,config_files,1,o200k_base,112,112,1.0,0.0,43,43,1.0,0.0,1,0.084
cfg_043,config_files,2,cl100k_base,112,106,0.9464,5.36,43,43,1.0,0.0,1,0.134
cfg_043,config_files,2,o200k_base,112,106,0.9464,5.36,43,43,1.0,0.0,1,0.129
cfg_043,config_files,3,cl100k_base,112,106,0.9464,5.36,43,43,1.0,0.0,1,0.134
cfg_043,config_files,3,o200k_base,112,106,0.9464,5.36,43,43,1.0,0.0,1,0.152
cfg_043,config_files,4,cl100k_base,112,89,0.7946,20.54,43,49,1.1395,-13.95,1,0.156
cfg_043,config_files,4,o200k_base,112,89,0.7946,20.54,43,49,1.1395,-13.95,1,0.151
cfg_043,config_files,5,cl100k_base,112,89,0.7946,20.54,43,49,1.1395,-13.95,1,0.167
cfg_043,config_files,5,o200k_base,112,89,0.7946,20.54,43,49,1.1395,-13.95,1,0.163
cfg_044,config_files,1,cl100k_base,111,110,0.991,0.9,41,41,1.0,0.0,1,0.09
cfg_044,config_files,1,o200k_base,111,110,0.991,0.9,41,41,1.0,0.0,1,0.083
cfg_044,config_files,2,cl100k_base,111,104,0.9369,6.31,41,37,0.9024,9.76,1,0.13
cfg_044,config_files,2,o200k_base,111,104,0.9369,6.31,41,37,0.9024,9.76,1,0.126
cfg_044,config_files,3,cl100k_base,111,104,0.9369,6.31,41,37,0.9024,9.76,1,0.153
cfg_044,config_files,3,o200k_base,111,104,0.9369,6.31,41,37,0.9024,9.76,1,0.129
cfg_044,config_files,4,cl100k_base,111,89,0.8018,19.82,41,45,1.0976,-9.76,1,0.148
cfg_044,config_files,4,o200k_base,111,89,0.8018,19.82,41,45,1.0976,-9.76,1,0.145
cfg_044,config_files,5,cl100k_base,111,87,0.7838,21.62,41,46,1.122,-12.2,1,0.161
cfg_044,config_files,5,o200k_base,111,87,0.7838,21.62,41,47,1.1463,-14.63,1,0.158
cfg_045,config_files,1,cl100k_base,106,105,0.9906,0.94,39,39,1.0,0.0,1,0.086
cfg_045,config_files,1,o200k_base,106,105,0.9906,0.94,40,40,1.0,0.0,1,0.081
cfg_045,config_files,2,cl100k_base,106,99,0.934,6.6,39,36,0.9231,7.69,1,0.126
cfg_045,config_files,2,o200k_base,106,99,0.934,6.6,40,37,0.925,7.5,1,0.138
cfg_045,config_files,3,cl100k_base,106,99,0.934,6.6,39,36,0.9231,7.69,1,0.132
cfg_045,config_files,3,o200k_base,106,99,0.934,6.6,40,37,0.925,7.5,1,0.126
cfg_045,config_files,4,cl100k_base,106,85,0.8019,19.81,39,44,1.1282,-12.82,1,0.145
cfg_045,config_files,4,o200k_base,106,85,0.8019,19.81,40,45,1.125,-12.5,1,0.141
cfg_045,config_files,5,cl100k_base,106,83,0.783,21.7,39,45,1.1538,-15.38,1,0.158
cfg_045,config_files,5,o200k_base,106,83,0.783,21.7,40,47,1.175,-17.5,1,0.155
cfg_046,config_files,1,cl100k_base,117,117,1.0,0.0,42,42,1.0,0.0,1,0.09
cfg_046,config_files,1,o200k_base,117,117,1.0,0.0,42,42,1.0,0.0,1,0.083
cfg_046,config_files,2,cl100k_base,117,111,0.9487,5.13,42,42,1.0,0.0,1,0.135
cfg_046,config_files,2,o200k_base,117,111,0.9487,5.13,42,42,1.0,0.0,1,0.134
cfg_046,config_files,3,cl100k_base,117,111,0.9487,5.13,42,42,1.0,0.0,1,0.135
cfg_046,config_files,3,o200k_base,117,111,0.9487,5.13,42,42,1.0,0.0,1,0.133
cfg_046,config_files,4,cl100k_base,117,92,0.7863,21.37,42,51,1.2143,-21.43,1,0.156
cfg_046,config_files,4,o200k_base,117,92,0.7863,21.37,42,50,1.1905,-19.05,1,0.209
cfg_046,config_files,5,cl100k_base,117,92,0.7863,21.37,42,51,1.2143,-21.43,1,0.198
cfg_046,config_files,5,o200k_base,117,92,0.7863,21.37,42,50,1.1905,-19.05,1,0.209
cfg_047,config_files,1,cl100k_base,113,113,1.0,0.0,43,43,1.0,0.0,1,0.095
cfg_047,config_files,1,o200k_base,113,113,1.0,0.0,43,43,1.0,0.0,1,0.086
cfg_047,config_files,2,cl100k_base,113,107,0.9469,5.31,43,43,1.0,0.0,1,0.136
cfg_047,config_files,2,o200k_base,113,107,0.9469,5.31,43,43,1.0,0.0,1,0.131
cfg_047,config_files,3,cl100k_base,113,107,0.9469,5.31,43,43,1.0,0.0,1,0.136
cfg_047,config_files,3,o200k_base,113,107,0.9469,5.31,43,43,1.0,0.0,1,0.137
cfg_047,config_files,4,cl100k_base,113,92,0.8142,18.58,43,49,1.1395,-13.95,1,0.159
cfg_047,config_files,4,o200k_base,113,92,0.8142,18.58,43,48,1.1163,-11.63,1,0.192
cfg_047,config_files,5,cl100k_base,113,92,0.8142,18.58,43,49,1.1395,-13.95,1,0.191
cfg_047,config_files,5,o200k_base,113,92,0.8142,18.58,43,48,1.1163,-11.63,1,0.17
cfg_048,config_files,1,cl100k_base,104,103,0.9904,0.96,41,41,1.0,0.0,1,0.104
cfg_048,config_files,1,o200k_base,104,103,0.9904,0.96,42,42,1.0,0.0,1,0.091
cfg_048,config_files,2,cl100k_base,104,97,0.9327,6.73,41,38,0.9268,7.32,1,0.14
cfg_048,config_files,2,o200k_base,104,97,0.9327,6.73,42,39,0.9286,7.14,1,0.168
cfg_048,config_files,3,cl100k_base,104,97,0.9327,6.73,41,38,0.9268,7.32,1,0.181
cfg_048,config_files,3,o200k_base,104,97,0.9327,6.73,42,39,0.9286,7.14,1,0.131
cfg_048,config_files,4,cl100k_base,104,84,0.8077,19.23,41,43,1.0488,-4.88,1,0.16
cfg_048,config_files,4,o200k_base,104,84,0.8077,19.23,42,44,1.0476,-4.76,1,0.149
cfg_048,config_files,5,cl100k_base,104,82,0.7885,21.15,41,44,1.0732,-7.32,1,0.167
cfg_048,config_files,5,o200k_base,104,82,0.7885,21.15,42,46,1.0952,-9.52,1,0.158
cfg_049,config_files,1,cl100k_base,110,110,1.0,0.0,42,42,1.0,0.0,1,0.1
cfg_049,config_files,1,o200k_base,110,110,1.0,0.0,42,42,1.0,0.0,1,0.108
cfg_049,config_files,2,cl100k_base,110,104,0.9455,5.45,42,42,1.0,0.0,1,0.157
cfg_049,config_files,2,o200k_base,110,104,0.9455,5.45,42,42,1.0,0.0,1,0.129
cfg_049,config_files,3,cl100k_base,110,104,0.9455,5.45,42,42,1.0,0.0,1,0.132
cfg_049,config_files,3,o200k_base,110,104,0.9455,5.45,42,42,1.0,0.0,1,0.13
cfg_049,config_files,4,cl100k_base,110,90,0.8182,18.18,42,49,1.1667,-16.67,1,0.158
cfg_049,config_files,4,o200k_base,110,90,0.8182,18.18,42,48,1.1429,-14.29,1,0.15
cfg_049,config_files,5,cl100k_base,110,90,0.8182,18.18,42,49,1.1667,-16.67,1,0.167
cfg_049,config_files,5,o200k_base,110,90,0.8182,18.18,42,48,1.1429,-14.29,1,0.163
cfg_050,config_files,1,cl100k_base,91,90,0.989,1.1,34,34,1.0,0.0,1,0.086
cfg_050,config_files,1,o200k_base,91,90,0.989,1.1,34,34,1.0,0.0,1,0.069
cfg_050,config_files,2,cl100k_base,91,84,0.9231,7.69,34,30,0.8824,11.76,1,0.114
cfg_050,config_files,2,o200k_base,91,84,0.9231,7.69,34,30,0.8824,11.76,1,0.102
cfg_050,config_files,3,cl100k_base,91,84,0.9231,7.69,34,30,0.8824,11.76,1,0.105
cfg_050,config_files,3,o200k_base,91,84,0.9231,7.69,34,30,0.8824,11.76,1,0.103
cfg_050,config_files,4,cl100k_base,91,69,0.7582,24.18,34,36,1.0588,-5.88,1,0.125
cfg_050,config_files,4,o200k_base,91,69,0.7582,24.18,34,37,1.0882,-8.82,1,0.12
cfg_050,config_files,5,cl100k_base,91,69,0.7582,24.18,34,36,1.0588,-5.88,1,0.133
cfg_050,config_files,5,o200k_base,91,69,0.7582,24.18,34,37,1.0882,-8.82,1,0.13
cfg_051,config_files,1,cl100k_base,109,109,1.0,0.0,42,42,1.0,0.0,1,0.089
cfg_051,config_files,1,o200k_base,109,109,1.0,0.0,42,42,1.0,0.0,1,0.105
cfg_051,config_files,2,cl100k_base,109,103,0.945,5.5,42,42,1.0,0.0,1,0.132
cfg_051,config_files,2,o200k_base,109,103,0.945,5.5,42,42,1.0,0.0,1,0.128
cfg_051,config_files,3,cl100k_base,109,103,0.945,5.5,42,42,1.0,0.0,1,0.131
cfg_051,config_files,3,o200k_base,109,103,0.945,5.5,42,42,1.0,0.0,1,0.131
cfg_051,config_files,4,cl100k_base,109,86,0.789,21.1,42,47,1.119,-11.9,1,0.151
cfg_051,config_files,4,o200k_base,109,86,0.789,21.1,42,46,1.0952,-9.52,1,0.147
cfg_051,config_files,5,cl100k_base,109,86,0.789,21.1,42,47,1.119,-11.9,1,0.162
cfg_051,config_files,5,o200k_base,109,86,0.789,21.1,42,46,1.0952,-9.52,1,0.16
cfg_052,config_files,1,cl100k_base,99,91,0.9192,8.08,37,33,0.8919,10.81,1,0.09
cfg_052,config_files,1,o200k_base,99,91,0.9192,8.08,38,34,0.8947,10.53,1,0.078
cfg_052,config_files,2,cl100k_base,99,85,0.8586,14.14,37,30,0.8108,18.92,1,0.12
cfg_052,config_files,2,o200k_base,99,85,0.8586,14.14,38,31,0.8158,18.42,1,0.115
cfg_052,config_files,3,cl100k_base,99,85,0.8586,14.14,37,30,0.8108,18.92,1,0.118
cfg_052,config_files,3,o200k_base,99,85,0.8586,14.14,38,31,0.8158,18.42,1,0.116
cfg_052,config_files,4,cl100k_base,99,70,0.7071,29.29,37,39,1.0541,-5.41,1,0.138
cfg_052,config_files,4,o200k_base,99,70,0.7071,29.29,38,41,1.0789,-7.89,1,0.132
cfg_052,config_files,5,cl100k_base,99,70,0.7071,29.29,37,39,1.0541,-5.41,1,0.145
cfg_052,config_files,5,o200k_base,99,70,0.7071,29.29,38,41,1.0789,-7.89,1,0.142
cfg_053,config_files,1,cl100k_base,113,113,1.0,0.0,41,41,1.0,0.0,1,0.09
cfg_053,config_files,1,o200k_base,113,113,1.0,0.0,41,41,1.0,0.0,1,0.082
cfg_053,config_files,2,cl100k_base,113,107,0.9469,5.31,41,41,1.0,0.0,1,0.132
cfg_053,config_files,2,o200k_base,113,107,0.9469,5.31,41,41,1.0,0.0,1,0.126
cfg_053,config_files,3,cl100k_base,113,107,0.9469,5.31,41,41,1.0,0.0,1,0.131
cfg_053,config_files,3,o200k_base,113,107,0.9469,5.31,41,41,1.0,0.0,1,0.13
cfg_053,config_files,4,cl100k_base,113,89,0.7876,21.24,41,49,1.1951,-19.51,1,0.156
cfg_053,config_files,4,o200k_base,113,89,0.7876,21.24,41,49,1.1951,-19.51,1,0.15
cfg_053,config_files,5,cl100k_base,113,89,0.7876,21.24,41,49,1.1951,-19.51,1,0.166
cfg_053,config_files,5,o200k_base,113,89,0.7876,21.24,41,49,1.1951,-19.51,1,0.174
cfg_054,config_files,1,cl100k_base,87,86,0.9885,1.15,32,32,1.0,0.0,1,0.076
cfg_054,config_files,1,o200k_base,87,86,0.9885,1.15,32,32,1.0,0.0,1,0.067
cfg_054,config_files,2,cl100k_base,87,80,0.9195,8.05,32,28,0.875,12.5,1,0.103
cfg_054,config_files,2,o200k_base,87,80,0.9195,8.05,32,28,0.875,12.5,1,0.099
cfg_054,config_files,3,cl100k_base,87,80,0.9195,8.05,32,28,0.875,12.5,1,0.102
cfg_054,config_files,3,o200k_base,87,80,0.9195,8.05,32,28,0.875,12.5,1,0.101
cfg_054,config_files,4,cl100k_base,87,66,0.7586,24.14,32,35,1.0938,-9.38,1,0.121
cfg_054,config_files,4,o200k_base,87,66,0.7586,24.14,32,36,1.125,-12.5,1,0.117
cfg_054,config_files,5,cl100k_base,87,66,0.7586,24.14,32,35,1.0938,-9.38,1,0.13
cfg_054,config_files,5,o200k_base,87,66,0.7586,24.14,32,36,1.125,-12.5,1,0.127
cfg_055,config_files,1,cl100k_base,102,94,0.9216,7.84,38,34,0.8947,10.53,1,0.11
cfg_055,config_files,1,o200k_base,102,94,0.9216,7.84,38,34,0.8947,10.53,1,0.175
cfg_055,config_files,2,cl100k_base,102,88,0.8627,13.73,38,31,0.8158,18.42,1,0.139
cfg_055,config_files,2,o200k_base,102,88,0.8627,13.73,38,31,0.8158,18.42,1,0.119
cfg_055,config_files,3,cl100k_base,102,88,0.8627,13.73,38,31,0.8158,18.42,1,0.122
cfg_055,config_files,3,o200k_base,102,88,0.8627,13.73,38,31,0.8158,18.42,1,0.119
cfg_055,config_files,4,cl100k_base,102,72,0.7059,29.41,38,39,1.0263,-2.63,1,0.144
cfg_055,config_files,4,o200k_base,102,72,0.7059,29.41,38,40,1.0526,-5.26,1,0.135
cfg_055,config_files,5,cl100k_base,102,72,0.7059,29.41,38,39,1.0263,-2.63,1,0.15
cfg_055,config_files,5,o200k_base,102,72,0.7059,29.41,38,40,1.0526,-5.26,1,0.261
cfg_056,config_files,1,cl100k_base,96,95,0.9896,1.04,33,33,1.0,0.0,1,0.094
cfg_056,config_files,1,o200k_base,96,95,0.9896,1.04,33,33,1.0,0.0,1,0.072
cfg_056,config_files,2,cl100k_base,96,89,0.9271,7.29,33,29,0.8788,12.12,1,0.124
cfg_056,config_files,2,o200k_base,96,89,0.9271,7.29,33,29,0.8788,12.12,1,0.107
cfg_056,config_files,3,cl100k_base,96,89,0.9271,7.29,33,29,0.8788,12.12,1,0.111
cfg_056,config_files,3,o200k_base,96,89,0.9271,7.29,33,29,0.8788,12.12,1,0.108
cfg_056,config_files,4,cl100k_base,96,70,0.7292,27.08,33,37,1.1212,-12.12,1,0.132
cfg_056,config_files,4,o200k_base,96,70,0.7292,27.08,33,38,1.1515,-15.15,1,0.125
cfg_056,config_files,5,cl100k_base,96,70,0.7292,27.08,33,37,1.1212,-12.12,1,0.147
cfg_056,config_files,5,o200k_base,96,70,0.7292,27.08,33,38,1.1515,-15.15,1,0.135
cfg_057,config_files,1,cl100k_base,113,113,1.0,0.0,42,42,1.0,0.0,1,0.093
cfg_057,config_files,1,o200k_base,113,113,1.0,0.0,42,42,1.0,0.0,1,0.083
cfg_057,config_files,2,cl100k_base,113,107,0.9469,5.31,42,42,1.0,0.0,1,0.134
cfg_057,config_files,2,o200k_base,113,107,0.9469,5.31,42,42,1.0,0.0,1,0.13
cfg_057,config_files,3,cl100k_base,113,107,0.9469,5.31,42,42,1.0,0.0,1,0.134
cfg_057,config_files,3,o200k_base,113,107,0.9469,5.31,42,42,1.0,0.0,1,0.132
cfg_057,config_files,4,cl100k_base,113,91,0.8053,19.47,42,50,1.1905,-19.05,1,0.157
cfg_057,config_files,4,o200k_base,113,91,0.8053,19.47,42,49,1.1667,-16.67,1,0.175
cfg_057,config_files,5,cl100k_base,113,91,0.8053,19.47,42,50,1.1905,-19.05,1,0.17
cfg_057,config_files,5,o200k_base,113,91,0.8053,19.47,42,49,1.1667,-16.67,1,0.166
cfg_058,config_files,1,cl100k_base,99,91,0.9192,8.08,38,34,0.8947,10.53,1,0.087
cfg_058,config_files,1,o200k_base,99,91,0.9192,8.08,38,34,0.8947,10.53,1,0.08
cfg_058,config_files,2,cl100k_base,99,85,0.8586,14.14,38,31,0.8158,18.42,1,0.12
cfg_058,config_files,2,o200k_base,99,85,0.8586,14.14,38,31,0.8158,18.42,1,0.115
cfg_058,config_files,3,cl100k_base,99,85,0.8586,14.14,38,31,0.8158,18.42,1,0.119
cfg_058,config_files,3,o200k_base,99,85,0.8586,14.14,38,31,0.8158,18.42,1,0.116
cfg_058,config_files,4,cl100k_base,99,69,0.697,30.3,38,37,0.9737,2.63,1,0.136
cfg_058,config_files,4,o200k_base,99,69,0.697,30.3,38,38,1.0,0.0,1,0.137
cfg_058,config_files,5,cl100k_base,99,69,0.697,30.3,38,37,0.9737,2.63,1,0.146
cfg_058,config_files,5,o200k_base,99,69,0.697,30.3,38,38,1.0,0.0,1,0.141
cfg_059,config_files,1,cl100k_base,110,109,0.9909,0.91,42,42,1.0,0.0,1,0.095
cfg_059,config_files,1,o200k_base,110,109,0.9909,0.91,42,42,1.0,0.0,1,0.085
cfg_059,config_files,2,cl100k_base,110,103,0.9364,6.36,42,38,0.9048,9.52,1,0.135
cfg_059,config_files,2,o200k_base,110,103,0.9364,6.36,42,38,0.9048,9.52,1,0.128
cfg_059,config_files,3,cl100k_base,110,103,0.9364,6.36,42,38,0.9048,9.52,1,0.135
cfg_059,config_files,3,o200k_base,110,103,0.9364,6.36,42,38,0.9048,9.52,1,0.131
cfg_059,config_files,4,cl100k_base,110,88,0.8,20.0,42,45,1.0714,-7.14,1,0.176
cfg_059,config_files,4,o200k_base,110,88,0.8,20.0,42,45,1.0714,-7.14,1,0.148
cfg_059,config_files,5,cl100k_base,110,86,0.7818,21.82,42,46,1.0952,-9.52,1,0.164
cfg_059,config_files,5,o200k_base,110,86,0.7818,21.82,42,47,1.119,-11.9,1,0.16
cfg_060,config_files,1,cl100k_base,87,86,0.9885,1.15,34,34,1.0,0.0,1,0.077
cfg_060,config_files,1,o200k_base,87,86,0.9885,1.15,34,34,1.0,0.0,1,0.068
cfg_060,config_files,2,cl100k_base,87,80,0.9195,8.05,34,30,0.8824,11.76,1,0.106
cfg_060,config_files,2,o200k_base,87,80,0.9195,8.05,34,30,0.8824,11.76,1,0.101
cfg_060,config_files,3,cl100k_base,87,80,0.9195,8.05,34,30,0.8824,11.76,1,0.105
cfg_060,config_files,3,o200k_base,87,80,0.9195,8.05,34,30,0.8824,11.76,1,0.103
cfg_060,config_files,4,cl100k_base,87,64,0.7356,26.44,34,37,1.0882,-8.82,1,0.153
cfg_060,config_files,4,o200k_base,87,64,0.7356,26.44,34,38,1.1176,-11.76,1,0.12
cfg_060,config_files,5,cl100k_base,87,64,0.7356,26.44,34,37,1.0882,-8.82,1,0.132
cfg_060,config_files,5,o200k_base,87,64,0.7356,26.44,34,38,1.1176,-11.76,1,0.128
cfg_061,config_files,1,cl100k_base,101,100,0.9901,0.99,40,40,1.0,0.0,1,0.089
cfg_061,config_files,1,o200k_base,101,100,0.9901,0.99,40,40,1.0,0.0,1,0.081
cfg_061,config_files,2,cl100k_base,101,94,0.9307,6.93,40,37,0.925,7.5,1,0.127
cfg_061,config_files,2,o200k_base,101,94,0.9307,6.93,40,37,0.925,7.5,1,0.121
cfg_061,config_files,3,cl100k_base,101,94,0.9307,6.93,40,37,0.925,7.5,1,0.128
cfg_061,config_files,3,o200k_base,101,94,0.9307,6.93,40,37,0.925,7.5,1,0.125
cfg_061,config_files,4,cl100k_base,101,80,0.7921,20.79,40,42,1.05,-5.0,1,0.171
cfg_061,config_files,4,o200k_base,101,80,0.7921,20.79,40,42,1.05,-5.0,1,0.14
cfg_061,config_files,5,cl100k_base,101,78,0.7723,22.77,40,43,1.075,-7.5,1,0.155
cfg_061,config_files,5,o200k_base,101,78,0.7723,22.77,40,44,1.1,-10.0,1,0.151
cfg_062,config_files,1,cl100k_base,89,88,0.9888,1.12,34,34,1.0,0.0,1,0.075
cfg_062,config_files,1,o200k_base,89,88,0.9888,1.12,35,35,1.0,0.0,1,0.068
cfg_062,config_files,2,cl100k_base,89,82,0.9213,7.87,34,30,0.8824,11.76,1,0.106
cfg_062,config_files,2,o200k_base,89,82,0.9213,7.87,35,31,0.8857,11.43,1,0.101
cfg_062,config_files,3,cl100k_base,89,82,0.9213,7.87,34,30,0.8824,11.76,1,0.105
cfg_062,config_files,3,o200k_base,89,82,0.9213,7.87,35,31,0.8857,11.43,1,0.202
cfg_062,config_files,4,cl100k_base,89,68,0.764,23.6,34,37,1.0882,-8.82,1,0.131
cfg_062,config_files,4,o200k_base,89,68,0.764,23.6,35,39,1.1143,-11.43,1,0.123
cfg_062,config_files,5,cl100k_base,89,68,0.764,23.6,34,37,1.0882,-8.82,1,0.136
cfg_062,config_files,5,o200k_base,89,68,0.764,23.6,35,39,1.1143,-11.43,1,0.135
cfg_063,config_files,1,cl100k_base,95,87,0.9158,8.42,37,33,0.8919,10.81,1,0.091
cfg_063,config_files,1,o200k_base,95,87,0.9158,8.42,37,33,0.8919,10.81,1,0.091
cfg_063,config_files,2,cl100k_base,95,81,0.8526,14.74,37,30,0.8108,18.92,1,0.127
cfg_063,config_files,2,o200k_base,95,81,0.8526,14.74,37,30,0.8108,18.92,1,0.116
cfg_063,config_files,3,cl100k_base,95,81,0.8526,14.74,37,30,0.8108,18.92,1,0.13
cfg_063,config_files,3,o200k_base,95,81,0.8526,14.74,37,30,0.8108,18.92,1,0.12
cfg_063,config_files,4,cl100k_base,95,68,0.7158,28.42,37,37,1.0,0.0,1,0.141
cfg_063,config_files,4,o200k_base,95,68,0.7158,28.42,37,38,1.027,-2.7,1,0.135
cfg_063,config_files,5,cl100k_base,95,67,0.7053,29.47,37,37,1.0,0.0,1,0.165
cfg_063,config_files,5,o200k_base,95,67,0.7053,29.47,37,38,1.027,-2.7,1,0.143
cfg_064,config_files,1,cl100k_base,97,96,0.9897,1.03,35,35,1.0,0.0,1,0.09
cfg_064,config_files,1,o200k_base,97,96,0.9897,1.03,35,35,1.0,0.0,1,0.072
cfg_064,config_files,2,cl100k_base,97,90,0.9278,7.22,35,31,0.8857,11.43,1,0.132
cfg_064,config_files,2,o200k_base,97,90,0.9278,7.22,35,31,0.8857,11.43,1,0.201
cfg_064,config_files,3,cl100k_base,97,90,0.9278,7.22,35,31,0.8857,11.43,1,0.113
cfg_064,config_files,3,o200k_base,97,90,0.9278,7.22,35,31,0.8857,11.43,1,0.111
cfg_064,config_files,4,cl100k_base,97,73,0.7526,24.74,35,40,1.1429,-14.29,1,0.135
cfg_064,config_files,4,o200k_base,97,73,0.7526,24.74,35,41,1.1714,-17.14,1,0.126
cfg_064,config_files,5,cl100k_base,97,73,0.7526,24.74,35,40,1.1429,-14.29,1,0.14
cfg_064,config_files,5,o200k_base,97,73,0.7526,24.74,35,41,1.1714,-17.14,1,0.138
cfg_065,config_files,1,cl100k_base,85,84,0.9882,1.18,33,33,1.0,0.0,1,0.077
cfg_065,config_files,1,o200k_base,85,84,0.9882,1.18,33,33,1.0,0.0,1,0.069
cfg_065,config_files,2,cl100k_base,85,78,0.9176,8.24,33,29,0.8788,12.12,1,0.105
cfg_065,config_files,2,o200k_base,85,78,0.9176,8.24,33,29,0.8788,12.12,1,0.124
cfg_065,config_files,3,cl100k_base,85,78,0.9176,8.24,33,29,0.8788,12.12,1,0.111
cfg_065,config_files,3,o200k_base,85,78,0.9176,8.24,33,29,0.8788,12.12,1,0.102
cfg_065,config_files,4,cl100k_base,85,63,0.7412,25.88,33,35,1.0606,-6.06,1,0.121
cfg_065,config_files,4,o200k_base,85,63,0.7412,25.88,33,36,1.0909,-9.09,1,0.117
cfg_065,config_files,5,cl100k_base,85,63,0.7412,25.88,33,35,1.0606,-6.06,1,0.13
cfg_065,config_files,5,o200k_base,85,63,0.7412,25.88,33,36,1.0909,-9.09,1,0.127
cfg_066,config_files,1,cl100k_base,103,102,0.9903,0.97,40,40,1.0,0.0,1,0.096
cfg_066,config_files,1,o200k_base,103,102,0.9903,0.97,40,40,1.0,0.0,1,0.082
cfg_066,config_files,2,cl100k_base,103,96,0.932,6.8,40,36,0.9,10.0,1,0.127
cfg_066,config_files,2,o200k_base,103,96,0.932,6.8,40,36,0.9,10.0,1,0.123
cfg_066,config_files,3,cl100k_base,103,96,0.932,6.8,40,36,0.9,10.0,1,0.153
cfg_066,config_files,3,o200k_base,103,96,0.932,6.8,40,36,0.9,10.0,1,0.126
cfg_066,config_files,4,cl100k_base,103,84,0.8155,18.45,40,42,1.05,-5.0,1,0.146
cfg_066,config_files,4,o200k_base,103,84,0.8155,18.45,40,42,1.05,-5.0,1,0.141
cfg_066,config_files,5,cl100k_base,103,82,0.7961,20.39,40,43,1.075,-7.5,1,0.156
cfg_066,config_files,5,o200k_base,103,82,0.7961,20.39,40,44,1.1,-10.0,1,0.152
cfg_067,config_files,1,cl100k_base,97,96,0.9897,1.03,35,35,1.0,0.0,1,0.08
cfg_067,config_files,1,o200k_base,97,96,0.9897,1.03,35,35,1.0,0.0,1,0.071
cfg_067,config_files,2,cl100k_base,97,90,0.9278,7.22,35,30,0.8571,14.29,1,0.11
cfg_067,config_files,2,o200k_base,97,90,0.9278,7.22,35,30,0.8571,14.29,1,0.106
cfg_067,config_files,3,cl100k_base,97,90,0.9278,7.22,35,30,0.8571,14.29,1,0.119
cfg_067,config_files,3,o200k_base,97,90,0.9278,7.22,35,30,0.8571,14.29,1,0.109
cfg_067,config_files,4,cl100k_base,97,73,0.7526,24.74,35,38,1.0857,-8.57,1,0.13
cfg_067,config_files,4,o200k_base,97,73,0.7526,24.74,35,39,1.1143,-11.43,1,0.126
cfg_067,config_files,5,cl100k_base,97,73,0.7526,24.74,35,38,1.0857,-8.57,1,0.141
cfg_067,config_files,5,o200k_base,97,73,0.7526,24.74,35,39,1.1143,-11.43,1,0.137
cfg_068,config_files,1,cl100k_base,104,103,0.9904,0.96,40,40,1.0,0.0,1,0.088
cfg_068,config_files,1,o200k_base,104,103,0.9904,0.96,40,40,1.0,0.0,1,0.082
cfg_068,config_files,2,cl100k_base,104,97,0.9327,6.73,40,37,0.925,7.5,1,0.128
cfg_068,config_files,2,o200k_base,104,97,0.9327,6.73,40,37,0.925,7.5,1,0.123
cfg_068,config_files,3,cl100k_base,104,97,0.9327,6.73,40,37,0.925,7.5,1,0.152
cfg_068,config_files,3,o200k_base,104,97,0.9327,6.73,40,37,0.925,7.5,1,0.127
cfg_068,config_files,4,cl100k_base,104,82,0.7885,21.15,40,43,1.075,-7.5,1,0.146
cfg_068,config_files,4,o200k_base,104,82,0.7885,21.15,40,43,1.075,-7.5,1,0.141
cfg_068,config_files,5,cl100k_base,104,80,0.7692,23.08,40,44,1.1,-10.0,1,0.156
cfg_068,config_files,5,o200k_base,104,80,0.7692,23.08,40,45,1.125,-12.5,1,0.153
cfg_069,config_files,1,cl100k_base,98,90,0.9184,8.16,38,35,0.9211,7.89,1,0.088
cfg_069,config_files,1,o200k_base,98,90,0.9184,8.16,38,35,0.9211,7.89,1,0.08
cfg_069,config_files,2,cl100k_base,98,84,0.8571,14.29,38,31,0.8158,18.42,1,0.12
cfg_069,config_files,2,o200k_base,98,84,0.8571,14.29,38,31,0.8158,18.42,1,0.115
cfg_069,config_files,3,cl100k_base,98,84,0.8571,14.29,38,31,0.8158,18.42,1,0.125
cfg_069,config_files,3,o200k_base,98,84,0.8571,14.29,38,31,0.8158,18.42,1,0.118
cfg_069,config_files,4,cl100k_base,98,70,0.7143,28.57,38,37,0.9737,2.63,1,0.136
cfg_069,config_files,4,o200k_base,98,70,0.7143,28.57,38,38,1.0,0.0,1,0.133
cfg_069,config_files,5,cl100k_base,98,70,0.7143,28.57,38,37,0.9737,2.63,1,0.146
cfg_069,config_files,5,o200k_base,98,70,0.7143,28.57,38,38,1.0,0.0,1,0.183
cfg_070,config_files,1,cl100k_base,115,115,1.0,0.0,41,41,1.0,0.0,1,0.094
cfg_070,config_files,1,o200k_base,115,115,1.0,0.0,41,41,1.0,0.0,1,0.083
cfg_070,config_files,2,cl100k_base,115,109,0.9478,5.22,41,41,1.0,0.0,1,0.224
cfg_070,config_files,2,o200k_base,115,109,0.9478,5.22,41,41,1.0,0.0,1,0.162
cfg_070,config_files,3,cl100k_base,115,109,0.9478,5.22,41,41,1.0,0.0,1,0.157
cfg_070,config_files,3,o200k_base,115,109,0.9478,5.22,41,41,1.0,0.0,1,0.152
cfg_070,config_files,4,cl100k_base,115,91,0.7913,20.87,41,50,1.2195,-21.95,1,0.181
cfg_070,config_files,4,o200k_base,115,91,0.7913,20.87,41,50,1.2195,-21.95,1,0.173
cfg_070,config_files,5,cl100k_base,115,91,0.7913,20.87,41,50,1.2195,-21.95,1,0.206
cfg_070,config_files,5,o200k_base,115,91,0.7913,20.87,41,50,1.2195,-21.95,1,0.174
cfg_071,config_files,1,cl100k_base,100,92,0.92,8.0,37,34,0.9189,8.11,1,0.095
cfg_071,config_files,1,o200k_base,100,92,0.92,8.0,37,34,0.9189,8.11,1,0.079
cfg_071,config_files,2,cl100k_base,100,86,0.86,14.0,37,30,0.8108,18.92,1,0.119
cfg_071,config_files,2,o200k_base,100,86,0.86,14.0,37,30,0.8108,18.92,1,0.114
cfg_071,config_files,3,cl100k_base,100,86,0.86,14.0,37,30,0.8108,18.92,1,0.119
cfg_071,config_files,3,o200k_base,100,86,0.86,14.0,37,30,0.8108,18.92,1,0.116
cfg_071,config_files,4,cl100k_base,100,70,0.7,30.0,37,39,1.0541,-5.41,1,0.184
cfg_071,config_files,4,o200k_base,100,70,0.7,30.0,37,40,1.0811,-8.11,1,0.14
cfg_071,config_files,5,cl100k_base,100,70,0.7,30.0,37,39,1.0541,-5.41,1,0.151
cfg_071,config_files,5,o200k_base,100,70,0.7,30.0,37,40,1.0811,-8.11,1,0.145
cfg_072,config_files,1,cl100k_base,118,118,1.0,0.0,42,42,1.0,0.0,1,0.093
cfg_072,config_files,1,o200k_base,118,118,1.0,0.0,42,42,1.0,0.0,1,0.084
cfg_072,config_files,2,cl100k_base,118,112,0.9492,5.08,42,42,1.0,0.0,1,0.136
cfg_072,config_files,2,o200k_base,118,112,0.9492,5.08,42,42,1.0,0.0,1,0.131
cfg_072,config_files,3,cl100k_base,118,112,0.9492,5.08,42,42,1.0,0.0,1,0.143
cfg_072,config_files,3,o200k_base,118,112,0.9492,5.08,42,42,1.0,0.0,1,0.135
cfg_072,config_files,4,cl100k_base,118,93,0.7881,21.19,42,50,1.1905,-19.05,1,0.157
cfg_072,config_files,4,o200k_base,118,93,0.7881,21.19,42,49,1.1667,-16.67,1,0.153
cfg_072,config_files,5,cl100k_base,118,93,0.7881,21.19,42,50,1.1905,-19.05,1,0.17
cfg_072,config_files,5,o200k_base,118,93,0.7881,21.19,42,49,1.1667,-16.67,1,0.166
cfg_073,config_files,1,cl100k_base,84,83,0.9881,1.19,33,33,1.0,0.0,1,0.077
cfg_073,config_files,1,o200k_base,84,83,0.9881,1.19,33,33,1.0,0.0,1,0.068
cfg_073,config_files,2,cl100k_base,84,77,0.9167,8.33,33,28,0.8485,15.15,1,0.104
cfg_073,config_files,2,o200k_base,84,77,0.9167,8.33,33,28,0.8485,15.15,1,0.106
cfg_073,config_files,3,cl100k_base,84,77,0.9167,8.33,33,28,0.8485,15.15,1,0.104
cfg_073,config_files,3,o200k_base,84,77,0.9167,8.33,33,28,0.8485,15.15,1,0.101
cfg_073,config_files,4,cl100k_base,84,63,0.75,25.0,33,35,1.0606,-6.06,1,0.12
cfg_073,config_files,4,o200k_base,84,63,0.75,25.0,33,36,1.0909,-9.09,1,0.116
cfg_073,config_files,5,cl100k_base,84,63,0.75,25.0,33,35,1.0606,-6.06,1,0.128
cfg_073,config_files,5,o200k_base,84,63,0.75,25.0,33,36,1.0909,-9.09,1,0.125
cfg_074,config_files,1,cl100k_base,106,105,0.9906,0.94,39,39,1.0,0.0,1,0.086
cfg_074,config_files,1,o200k_base,106,105,0.9906,0.94,39,39,1.0,0.0,1,0.081
cfg_074,config_files,2,cl100k_base,106,99,0.934,6.6,39,36,0.9231,7.69,1,0.127
cfg_074,config_files,2,o200k_base,106,99,0.934,6.6,39,36,0.9231,7.69,1,0.122
cfg_074,config_files,3,cl100k_base,106,99,0.934,6.6,39,36,0.9231,7.69,1,0.135
cfg_074,config_files,3,o200k_base,106,99,0.934,6.6,39,36,0.9231,7.69,1,0.126
cfg_074,config_files,4,cl100k_base,106,83,0.783,21.7,39,44,1.1282,-12.82,1,0.146
cfg_074,config_files,4,o200k_base,106,83,0.783,21.7,39,44,1.1282,-12.82,1,0.141
cfg_074,config_files,5,cl100k_base,106,81,0.7642,23.58,39,45,1.1538,-15.38,1,0.156
cfg_074,config_files,5,o200k_base,106,81,0.7642,23.58,39,46,1.1795,-17.95,1,0.153
cfg_075,config_files,1,cl100k_base,113,113,1.0,0.0,41,41,1.0,0.0,1,0.088
cfg_075,config_files,1,o200k_base,113,113,1.0,0.0,41,41,1.0,0.0,1,0.082
cfg_075,config_files,2,cl100k_base,113,107,0.9469,5.31,41,41,1.0,0.0,1,0.131
cfg_075,config_files,2,o200k_base,113,107,0.9469,5.31,41,41,1.0,0.0,1,0.149
cfg_075,config_files,3,cl100k_base,113,107,0.9469,5.31,41,41,1.0,0.0,1,0.132
cfg_075,config_files,3,o200k_base,113,107,0.9469,5.31,41,41,1.0,0.0,1,0.13
cfg_075,config_files,4,cl100k_base,113,88,0.7788,22.12,41,49,1.1951,-19.51,1,0.153
cfg_075,config_files,4,o200k_base,113,88,0.7788,22.12,41,48,1.1707,-17.07,1,0.151
cfg_075,config_files,5,cl100k_base,113,88,0.7788,22.12,41,49,1.1951,-19.51,1,0.165
cfg_075,config_files,5,o200k_base,113,88,0.7788,22.12,41,48,1.1707,-17.07,1,0.163
cfg_076,config_files,1,cl100k_base,104,103,0.9904,0.96,40,40,1.0,0.0,1,0.09
cfg_076,config_files,1,o200k_base,104,103,0.9904,0.96,40,40,1.0,0.0,1,0.082
cfg_076,config_files,2,cl100k_base,104,97,0.9327,6.73,40,37,0.925,7.5,1,0.149
cfg_076,config_files,2,o200k_base,104,97,0.9327,6.73,40,37,0.925,7.5,1,0.123
cfg_076,config_files,3,cl100k_base,104,97,0.9327,6.73,40,37,0.925,7.5,1,0.129
cfg_076,config_files,3,o200k_base,104,97,0.9327,6.73,40,37,0.925,7.5,1,0.126
cfg_076,config_files,4,cl100k_base,104,84,0.8077,19.23,40,43,1.075,-7.5,1,0.146
cfg_076,config_files,4,o200k_base,104,84,0.8077,19.23,40,43,1.075,-7.5,1,0.141
cfg_076,config_files,5,cl100k_base,104,82,0.7885,21.15,40,44,1.1,-10.0,1,0.156
cfg_076,config_files,5,o200k_base,104,82,0.7885,21.15,40,45,1.125,-12.5,1,0.153
cfg_077,config_files,1,cl100k_base,92,91,0.9891,1.09,35,35,1.0,0.0,1,0.077
cfg_077,config_files,1,o200k_base,92,91,0.9891,1.09,35,35,1.0,0.0,1,0.07
cfg_077,config_files,2,cl100k_base,92,85,0.9239,7.61,35,30,0.8571,14.29,1,0.113
cfg_077,config_files,2,o200k_base,92,85,0.9239,7.61,35,30,0.8571,14.29,1,0.103
cfg_077,config_files,3,cl100k_base,92,85,0.9239,7.61,35,30,0.8571,14.29,1,0.107
cfg_077,config_files,3,o200k_base,92,85,0.9239,7.61,35,30,0.8571,14.29,1,1.385
cfg_077,config_files,4,cl100k_base,92,68,0.7391,26.09,35,38,1.0857,-8.57,1,0.201
cfg_077,config_files,4,o200k_base,92,68,0.7391,26.09,35,39,1.1143,-11.43,1,0.332
cfg_077,config_files,5,cl100k_base,92,68,0.7391,26.09,35,38,1.0857,-8.57,1,0.274
cfg_077,config_files,5,o200k_base,92,68,0.7391,26.09,35,39,1.1143,-11.43,1,0.146
cfg_078,config_files,1,cl100k_base,108,107,0.9907,0.93,39,39,1.0,0.0,1,0.094
cfg_078,config_files,1,o200k_base,108,107,0.9907,0.93,39,39,1.0,0.0,1,0.083
cfg_078,config_files,2,cl100k_base,108,101,0.9352,6.48,39,36,0.9231,7.69,1,0.135
cfg_078,config_files,2,o200k_base,108,101,0.9352,6.48,39,36,0.9231,7.69,1,0.125
cfg_078,config_files,3,cl100k_base,108,101,0.9352,6.48,39,36,0.9231,7.69,1,0.133
cfg_078,config_files,3,o200k_base,108,101,0.9352,6.48,39,36,0.9231,7.69,1,0.127
cfg_078,config_files,4,cl100k_base,108,84,0.7778,22.22,39,44,1.1282,-12.82,1,0.184
cfg_078,config_files,4,o200k_base,108,84,0.7778,22.22,39,44,1.1282,-12.82,1,0.264
cfg_078,config_files,5,cl100k_base,108,82,0.7593,24.07,39,45,1.1538,-15.38,1,0.169
cfg_078,config_files,5,o200k_base,108,82,0.7593,24.07,39,46,1.1795,-17.95,1,0.158
cfg_079,config_files,1,cl100k_base,99,91,0.9192,8.08,39,35,0.8974,10.26,1,0.094
cfg_079,config_files,1,o200k_base,99,91,0.9192,8.08,39,35,0.8974,10.26,1,0.111
cfg_079,config_files,2,cl100k_base,99,85,0.8586,14.14,39,32,0.8205,17.95,1,0.126
cfg_079,config_files,2,o200k_base,99,85,0.8586,14.14,39,32,0.8205,17.95,1,0.211
cfg_079,config_files,3,cl100k_base,99,85,0.8586,14.14,39,32,0.8205,17.95,1,0.157
cfg_079,config_files,3,o200k_base,99,85,0.8586,14.14,39,32,0.8205,17.95,1,0.12
cfg_079,config_files,4,cl100k_base,99,70,0.7071,29.29,39,38,0.9744,2.56,1,0.284
cfg_079,config_files,4,o200k_base,99,70,0.7071,29.29,39,39,1.0,0.0,1,0.224
cfg_079,config_files,5,cl100k_base,99,70,0.7071,29.29,39,38,0.9744,2.56,1,0.16
cfg_079,config_files,5,o200k_base,99,70,0.7071,29.29,39,39,1.0,0.0,1,0.146
cfg_080,config_files,1,cl100k_base,90,89,0.9889,1.11,32,32,1.0,0.0,1,0.102
cfg_080,config_files,1,o200k_base,90,89,0.9889,1.11,32,32,1.0,0.0,1,0.067
cfg_080,config_files,2,cl100k_base,90,83,0.9222,7.78,32,28,0.875,12.5,1,0.108
cfg_080,config_files,2,o200k_base,90,83,0.9222,7.78,32,28,0.875,12.5,1,0.1
cfg_080,config_files,3,cl100k_base,90,83,0.9222,7.78,32,28,0.875,12.5,1,0.105
cfg_080,config_files,3,o200k_base,90,83,0.9222,7.78,32,28,0.875,12.5,1,0.102
cfg_080,config_files,4,cl100k_base,90,67,0.7444,25.56,32,37,1.1562,-15.62,1,0.124
cfg_080,config_files,4,o200k_base,90,67,0.7444,25.56,32,38,1.1875,-18.75,1,0.119
cfg_080,config_files,5,cl100k_base,90,67,0.7444,25.56,32,37,1.1562,-15.62,1,0.133
cfg_080,config_files,5,o200k_base,90,67,0.7444,25.56,32,38,1.1875,-18.75,1,0.13
cfg_081,config_files,1,cl100k_base,103,102,0.9903,0.97,40,40,1.0,0.0,1,0.09
cfg_081,config_files,1,o200k_base,103,102,0.9903,0.97,40,40,1.0,0.0,1,0.085
cfg_081,config_files,2,cl100k_base,103,96,0.932,6.8,40,37,0.925,7.5,1,0.131
cfg_081,config_files,2,o200k_base,103,96,0.932,6.8,40,37,0.925,7.5,1,0.124
cfg_081,config_files,3,cl100k_base,103,96,0.932,6.8,40,37,0.925,7.5,1,0.13
cfg_081,config_files,3,o200k_base,103,96,0.932,6.8,40,37,0.925,7.5,1,0.126
cfg_081,config_files,4,cl100k_base,103,84,0.8155,18.45,40,44,1.1,-10.0,1,0.147
cfg_081,config_files,4,o200k_base,103,84,0.8155,18.45,40,44,1.1,-10.0,1,0.143
cfg_081,config_files,5,cl100k_base,103,82,0.7961,20.39,40,45,1.125,-12.5,1,0.159
cfg_081,config_files,5,o200k_base,103,82,0.7961,20.39,40,46,1.15,-15.0,1,0.155
cfg_082,config_files,1,cl100k_base,90,89,0.9889,1.11,34,34,1.0,0.0,1,0.08
cfg_082,config_files,1,o200k_base,90,89,0.9889,1.11,34,34,1.0,0.0,1,0.069
cfg_082,config_files,2,cl100k_base,90,83,0.9222,7.78,34,30,0.8824,11.76,1,0.109
cfg_082,config_files,2,o200k_base,90,83,0.9222,7.78,34,30,0.8824,11.76,1,0.102
cfg_082,config_files,3,cl100k_base,90,83,0.9222,7.78,34,30,0.8824,11.76,1,0.107
cfg_082,config_files,3,o200k_base,90,83,0.9222,7.78,34,30,0.8824,11.76,1,0.104
cfg_082,config_files,4,cl100k_base,90,67,0.7444,25.56,34,38,1.1176,-11.76,1,0.123
cfg_082,config_files,4,o200k_base,90,67,0.7444,25.56,34,39,1.1471,-14.71,1,0.119
cfg_082,config_files,5,cl100k_base,90,67,0.7444,25.56,34,38,1.1176,-11.76,1,0.133
cfg_082,config_files,5,o200k_base,90,67,0.7444,25.56,34,39,1.1471,-14.71,1,0.129
cfg_083,config_files,1,cl100k_base,99,98,0.9899,1.01,35,35,1.0,0.0,1,0.081
cfg_083,config_files,1,o200k_base,99,98,0.9899,1.01,35,35,1.0,0.0,1,0.094
cfg_083,config_files,2,cl100k_base,99,92,0.9293,7.07,35,30,0.8571,14.29,1,0.114
cfg_083,config_files,2,o200k_base,99,92,0.9293,7.07,35,30,0.8571,14.29,1,0.108
cfg_083,config_files,3,cl100k_base,99,92,0.9293,7.07,35,30,0.8571,14.29,1,0.111
cfg_083,config_files,3,o200k_base,99,92,0.9293,7.07,35,30,0.8571,14.29,1,0.11
cfg_083,config_files,4,cl100k_base,99,73,0.7374,26.26,35,39,1.1143,-11.43,1,0.13
cfg_083,config_files,4,o200k_base,99,73,0.7374,26.26,35,40,1.1429,-14.29,1,0.126
cfg_083,config_files,5,cl100k_base,99,73,0.7374,26.26,35,39,1.1143,-11.43,1,0.141
cfg_083,config_files,5,o200k_base,99,73,0.7374,26.26,35,40,1.1429,-14.29,1,0.136
cfg_084,config_files,1,cl100k_base,110,110,1.0,0.0,42,42,1.0,0.0,1,0.09
cfg_084,config_files,1,o200k_base,110,110,1.0,0.0,42,42,1.0,0.0,1,0.083
cfg_084,config_files,2,cl100k_base,110,104,0.9455,5.45,42,42,1.0,0.0,1,0.18
cfg_084,config_files,2,o200k_base,110,104,0.9455,5.45,42,42,1.0,0.0,1,0.415
cfg_084,config_files,3,cl100k_base,110,104,0.9455,5.45,42,42,1.0,0.0,1,0.49
cfg_084,config_files,3,o200k_base,110,104,0.9455,5.45,42,42,1.0,0.0,1,0.164
cfg_084,config_files,4,cl100k_base,110,89,0.8091,19.09,42,49,1.1667,-16.67,1,0.186
cfg_084,config_files,4,o200k_base,110,89,0.8091,19.09,42,48,1.1429,-14.29,1,0.167
cfg_084,config_files,5,cl100k_base,110,89,0.8091,19.09,42,49,1.1667,-16.67,1,0.543
cfg_084,config_files,5,o200k_base,110,89,0.8091,19.09,42,48,1.1429,-14.29,1,0.185
cfg_085,config_files,1,cl100k_base,106,98,0.9245,7.55,38,35,0.9211,7.89,1,0.096
cfg_085,config_files,1,o200k_base,106,98,0.9245,7.55,38,35,0.9211,7.89,1,0.083
cfg_085,config_files,2,cl100k_base,106,92,0.8679,13.21,38,31,0.8158,18.42,1,0.126
cfg_085,config_files,2,o200k_base,106,92,0.8679,13.21,38,31,0.8158,18.42,1,0.154
cfg_085,config_files,3,cl100k_base,106,92,0.8679,13.21,38,31,0.8158,18.42,1,0.126
cfg_085,config_files,3,o200k_base,106,92,0.8679,13.21,38,31,0.8158,18.42,1,0.12
cfg_085,config_files,4,cl100k_base,106,74,0.6981,30.19,38,41,1.0789,-7.89,1,0.145
cfg_085,config_files,4,o200k_base,106,74,0.6981,30.19,38,42,1.1053,-10.53,1,0.137
cfg_085,config_files,5,cl100k_base,106,74,0.6981,30.19,38,41,1.0789,-7.89,1,0.151
cfg_085,config_files,5,o200k_base,106,74,0.6981,30.19,38,42,1.1053,-10.53,1,0.147
cfg_086,config_files,1,cl100k_base,113,113,1.0,0.0,41,41,1.0,0.0,1,0.088
cfg_086,config_files,1,o200k_base,113,113,1.0,0.0,41,41,1.0,0.0,1,0.082
cfg_086,config_files,2,cl100k_base,113,107,0.9469,5.31,41,41,1.0,0.0,1,0.15
cfg_086,config_files,2,o200k_base,113,107,0.9469,5.31,41,41,1.0,0.0,1,0.131
cfg_086,config_files,3,cl100k_base,113,107,0.9469,5.31,41,41,1.0,0.0,1,0.132
cfg_086,config_files,3,o200k_base,113,107,0.9469,5.31,41,41,1.0,0.0,1,0.13
cfg_086,config_files,4,cl100k_base,113,89,0.7876,21.24,41,49,1.1951,-19.51,1,0.152
cfg_086,config_files,4,o200k_base,113,89,0.7876,21.24,41,48,1.1707,-17.07,1,0.148
cfg_086,config_files,5,cl100k_base,113,89,0.7876,21.24,41,49,1.1951,-19.51,1,0.165
cfg_086,config_files,5,o200k_base,113,89,0.7876,21.24,41,48,1.1707,-17.07,1,0.161
cfg_087,config_files,1,cl100k_base,88,87,0.9886,1.14,34,34,1.0,0.0,1,0.078
cfg_087,config_files,1,o200k_base,88,87,0.9886,1.14,34,34,1.0,0.0,1,0.068
cfg_087,config_files,2,cl100k_base,88,81,0.9205,7.95,34,30,0.8824,11.76,1,0.113
cfg_087,config_files,2,o200k_base,88,81,0.9205,7.95,34,30,0.8824,11.76,1,0.102
cfg_087,config_files,3,cl100k_base,88,81,0.9205,7.95,34,30,0.8824,11.76,1,0.105
cfg_087,config_files,3,o200k_base,88,81,0.9205,7.95,34,30,0.8824,11.76,1,0.103
cfg_087,config_files,4,cl100k_base,88,65,0.7386,26.14,34,37,1.0882,-8.82,1,0.122
cfg_087,config_files,4,o200k_base,88,65,0.7386,26.14,34,38,1.1176,-11.76,1,0.119
cfg_087,config_files,5,cl100k_base,88,65,0.7386,26.14,34,37,1.0882,-8.82,1,0.133
cfg_087,config_files,5,o200k_base,88,65,0.7386,26.14,34,38,1.1176,-11.76,1,0.13
cfg_088,config_files,1,cl100k_base,104,96,0.9231,7.69,37,34,0.9189,8.11,1,0.09
cfg_088,config_files,1,o200k_base,104,96,0.9231,7.69,37,34,0.9189,8.11,1,0.08
cfg_088,config_files,2,cl100k_base,104,90,0.8654,13.46,37,30,0.8108,18.92,1,0.119
cfg_088,config_files,2,o200k_base,104,90,0.8654,13.46,37,30,0.8108,18.92,1,0.12
cfg_088,config_files,3,cl100k_base,104,90,0.8654,13.46,37,30,0.8108,18.92,1,0.119
cfg_088,config_files,3,o200k_base,104,90,0.8654,13.46,37,30,0.8108,18.92,1,0.116
cfg_088,config_files,4,cl100k_base,104,74,0.7115,28.85,37,39,1.0541,-5.41,1,0.139
cfg_088,config_files,4,o200k_base,104,74,0.7115,28.85,37,40,1.0811,-8.11,1,0.134
cfg_088,config_files,5,cl100k_base,104,74,0.7115,28.85,37,39,1.0541,-5.41,1,0.148
cfg_088,config_files,5,o200k_base,104,74,0.7115,28.85,37,40,1.0811,-8.11,1,0.144
cfg_089,config_files,1,cl100k_base,90,89,0.9889,1.11,33,33,1.0,0.0,1,0.078
cfg_089,config_files,1,o200k_base,90,89,0.9889,1.11,33,33,1.0,0.0,1,0.069
cfg_089,config_files,2,cl100k_base,90,83,0.9222,7.78,33,29,0.8788,12.12,1,0.106
cfg_089,config_files,2,o200k_base,90,83,0.9222,7.78,33,29,0.8788,12.12,1,0.126
cfg_089,config_files,3,cl100k_base,90,83,0.9222,7.78,33,29,0.8788,12.12,1,0.106
cfg_089,config_files,3,o200k_base,90,83,0.9222,7.78,33,29,0.8788,12.12,1,0.104
cfg_089,config_files,4,cl100k_base,90,66,0.7333,26.67,33,37,1.1212,-12.12,1,0.124
cfg_089,config_files,4,o200k_base,90,66,0.7333,26.67,33,38,1.1515,-15.15,1,0.12
cfg_089,config_files,5,cl100k_base,90,66,0.7333,26.67,33,37,1.1212,-12.12,1,0.133
cfg_089,config_files,5,o200k_base,90,66,0.7333,26.67,33,38,1.1515,-15.15,1,0.13
cfg_090,config_files,1,cl100k_base,117,117,1.0,0.0,41,41,1.0,0.0,1,0.088
cfg_090,config_files,1,o200k_base,117,117,1.0,0.0,41,41,1.0,0.0,1,0.082
cfg_090,config_files,2,cl100k_base,117,111,0.9487,5.13,41,41,1.0,0.0,1,0.132
cfg_090,config_files,2,o200k_base,117,111,0.9487,5.13,41,41,1.0,0.0,1,0.145
cfg_090,config_files,3,cl100k_base,117,111,0.9487,5.13,41,41,1.0,0.0,1,0.137
cfg_090,config_files,3,o200k_base,117,111,0.9487,5.13,41,41,1.0,0.0,1,0.131
cfg_090,config_files,4,cl100k_base,117,93,0.7949,20.51,41,51,1.2439,-24.39,1,0.156
cfg_090,config_files,4,o200k_base,117,93,0.7949,20.51,41,50,1.2195,-21.95,1,0.151
cfg_090,config_files,5,cl100k_base,117,93,0.7949,20.51,41,51,1.2439,-24.39,1,0.168
cfg_090,config_files,5,o200k_base,117,93,0.7949,20.51,41,50,1.2195,-21.95,1,0.166
cfg_091,config_files,1,cl100k_base,92,91,0.9891,1.09,35,35,1.0,0.0,1,0.078
cfg_091,config_files,1,o200k_base,92,91,0.9891,1.09,36,36,1.0,0.0,1,0.148
cfg_091,config_files,2,cl100k_base,92,85,0.9239,7.61,35,31,0.8857,11.43,1,0.118
cfg_091,config_files,2,o200k_base,92,85,0.9239,7.61,36,32,0.8889,11.11,1,0.107
cfg_091,config_files,3,cl100k_base,92,85,0.9239,7.61,35,31,0.8857,11.43,1,0.109
cfg_091,config_files,3,o200k_base,92,85,0.9239,7.61,36,32,0.8889,11.11,1,0.107
cfg_091,config_files,4,cl100k_base,92,71,0.7717,22.83,35,38,1.0857,-8.57,1,0.129
cfg_091,config_files,4,o200k_base,92,71,0.7717,22.83,36,40,1.1111,-11.11,1,0.123
cfg_091,config_files,5,cl100k_base,92,71,0.7717,22.83,35,38,1.0857,-8.57,1,0.137
cfg_091,config_files,5,o200k_base,92,71,0.7717,22.83,36,40,1.1111,-11.11,1,0.174
cfg_092,config_files,1,cl100k_base,110,109,0.9909,0.91,42,42,1.0,0.0,1,0.1
cfg_092,config_files,1,o200k_base,110,109,0.9909,0.91,42,42,1.0,0.0,1,0.086
cfg_092,config_files,2,cl100k_base,110,103,0.9364,6.36,42,38,0.9048,9.52,1,0.137
cfg_092,config_files,2,o200k_base,110,103,0.9364,6.36,42,38,0.9048,9.52,1,0.13
cfg_092,config_files,3,cl100k_base,110,103,0.9364,6.36,42,38,0.9048,9.52,1,0.135
cfg_092,config_files,3,o200k_base,110,103,0.9364,6.36,42,38,0.9048,9.52,1,0.133
cfg_092,config_files,4,cl100k_base,110,88,0.8,20.0,42,45,1.0714,-7.14,1,0.183
cfg_092,config_files,4,o200k_base,110,88,0.8,20.0,42,45,1.0714,-7.14,1,0.151
cfg_092,config_files,5,cl100k_base,110,86,0.7818,21.82,42,46,1.0952,-9.52,1,0.164
cfg_092,config_files,5,o200k_base,110,86,0.7818,21.82,42,47,1.119,-11.9,1,0.16
cfg_093,config_files,1,cl100k_base,103,95,0.9223,7.77,37,33,0.8919,10.81,1,0.087
cfg_093,config_files,1,o200k_base,103,95,0.9223,7.77,37,33,0.8919,10.81,1,0.079
cfg_093,config_files,2,cl100k_base,103,89,0.8641,13.59,37,30,0.8108,18.92,1,0.119
cfg_093,config_files,2,o200k_base,103,89,0.8641,13.59,37,30,0.8108,18.92,1,0.115
cfg_093,config_files,3,cl100k_base,103,89,0.8641,13.59,37,30,0.8108,18.92,1,0.119
cfg_093,config_files,3,o200k_base,103,89,0.8641,13.59,37,30,0.8108,18.92,1,0.117
cfg_093,config_files,4,cl100k_base,103,72,0.699,30.1,37,40,1.0811,-8.11,1,0.153
cfg_093,config_files,4,o200k_base,103,72,0.699,30.1,37,41,1.1081,-10.81,1,0.134
cfg_093,config_files,5,cl100k_base,103,72,0.699,30.1,37,40,1.0811,-8.11,1,0.146
cfg_093,config_files,5,o200k_base,103,72,0.699,30.1,37,41,1.1081,-10.81,1,0.144
cfg_094,config_files,1,cl100k_base,92,91,0.9891,1.09,34,34,1.0,0.0,1,0.081
cfg_094,config_files,1,o200k_base,92,91,0.9891,1.09,34,34,1.0,0.0,1,0.069
cfg_094,config_files,2,cl100k_base,92,85,0.9239,7.61,34,30,0.8824,11.76,1,0.108
cfg_094,config_files,2,o200k_base,92,85,0.9239,7.61,34,30,0.8824,11.76,1,0.103
cfg_094,config_files,3,cl100k_base,92,85,0.9239,7.61,34,30,0.8824,11.76,1,0.106
cfg_094,config_files,3,o200k_base,92,85,0.9239,7.61,34,30,0.8824,11.76,1,0.105
cfg_094,config_files,4,cl100k_base,92,68,0.7391,26.09,34,37,1.0882,-8.82,1,0.145
cfg_094,config_files,4,o200k_base,92,68,0.7391,26.09,34,38,1.1176,-11.76,1,0.124
cfg_094,config_files,5,cl100k_base,92,68,0.7391,26.09,34,37,1.0882,-8.82,1,0.135
cfg_094,config_files,5,o200k_base,92,68,0.7391,26.09,34,38,1.1176,-11.76,1,0.133
cfg_095,config_files,1,cl100k_base,101,93,0.9208,7.92,37,33,0.8919,10.81,1,0.084
cfg_095,config_files,1,o200k_base,101,93,0.9208,7.92,37,33,0.8919,10.81,1,0.078
cfg_095,config_files,2,cl100k_base,101,87,0.8614,13.86,37,30,0.8108,18.92,1,0.118
cfg_095,config_files,2,o200k_base,101,87,0.8614,13.86,37,30,0.8108,18.92,1,0.114
cfg_095,config_files,3,cl100k_base,101,87,0.8614,13.86,37,30,0.8108,18.92,1,0.119
cfg_095,config_files,3,o200k_base,101,87,0.8614,13.86,37,30,0.8108,18.92,1,0.116
cfg_095,config_files,4,cl100k_base,101,70,0.6931,30.69,37,40,1.0811,-8.11,1,0.136
cfg_095,config_files,4,o200k_base,101,70,0.6931,30.69,37,41,1.1081,-10.81,1,0.138
cfg_095,config_files,5,cl100k_base,101,70,0.6931,30.69,37,40,1.0811,-8.11,1,0.147
cfg_095,config_files,5,o200k_base,101,70,0.6931,30.69,37,41,1.1081,-10.81,1,0.143
cfg_096,config_files,1,cl100k_base,114,114,1.0,0.0,41,41,1.0,0.0,1,0.088
cfg_096,config_files,1,o200k_base,114,114,1.0,0.0,41,41,1.0,0.0,1,0.082
cfg_096,config_files,2,cl100k_base,114,108,0.9474,5.26,41,41,1.0,0.0,1,0.131
cfg_096,config_files,2,o200k_base,114,108,0.9474,5.26,41,41,1.0,0.0,1,0.128
cfg_096,config_files,3,cl100k_base,114,108,0.9474,5.26,41,41,1.0,0.0,1,0.131
cfg_096,config_files,3,o200k_base,114,108,0.9474,5.26,41,41,1.0,0.0,1,0.13
cfg_096,config_files,4,cl100k_base,114,90,0.7895,21.05,41,50,1.2195,-21.95,1,0.175
cfg_096,config_files,4,o200k_base,114,90,0.7895,21.05,41,49,1.1951,-19.51,1,0.151
cfg_096,config_files,5,cl100k_base,114,90,0.7895,21.05,41,50,1.2195,-21.95,1,0.167
cfg_096,config_files,5,o200k_base,114,90,0.7895,21.05,41,49,1.1951,-19.51,1,0.164
cfg_097,config_files,1,cl100k_base,97,96,0.9897,1.03,33,33,1.0,0.0,1,0.081
cfg_097,config_files,1,o200k_base,97,96,0.9897,1.03,33,33,1.0,0.0,1,0.069
cfg_097,config_files,2,cl100k_base,97,90,0.9278,7.22,33,29,0.8788,12.12,1,0.109
cfg_097,config_files,2,o200k_base,97,90,0.9278,7.22,33,29,0.8788,12.12,1,0.103
cfg_097,config_files,3,cl100k_base,97,90,0.9278,7.22,33,29,0.8788,12.12,1,0.108
cfg_097,config_files,3,o200k_base,97,90,0.9278,7.22,33,29,0.8788,12.12,1,0.106
cfg_097,config_files,4,cl100k_base,97,72,0.7423,25.77,33,36,1.0909,-9.09,1,0.147
cfg_097,config_files,4,o200k_base,97,72,0.7423,25.77,33,37,1.1212,-12.12,1,0.123
cfg_097,config_files,5,cl100k_base,97,72,0.7423,25.77,33,36,1.0909,-9.09,1,0.137
cfg_097,config_files,5,o200k_base,97,72,0.7423,25.77,33,37,1.1212,-12.12,1,0.134
cfg_098,config_files,1,cl100k_base,91,90,0.989,1.1,35,35,1.0,0.0,1,0.076
cfg_098,config_files,1,o200k_base,91,90,0.989,1.1,35,35,1.0,0.0,1,0.069
cfg_098,config_files,2,cl100k_base,91,84,0.9231,7.69,35,30,0.8571,14.29,1,0.106
cfg_098,config_files,2,o200k_base,91,84,0.9231,7.69,35,30,0.8571,14.29,1,0.102
cfg_098,config_files,3,cl100k_base,91,84,0.9231,7.69,35,30,0.8571,14.29,1,0.106
cfg_098,config_files,3,o200k_base,91,84,0.9231,7.69,35,30,0.8571,14.29,1,0.103
cfg_098,config_files,4,cl100k_base,91,69,0.7582,24.18,35,36,1.0286,-2.86,1,0.123
cfg_098,config_files,4,o200k_base,91,69,0.7582,24.18,35,37,1.0571,-5.71,1,0.139
cfg_098,config_files,5,cl100k_base,91,69,0.7582,24.18,35,36,1.0286,-2.86,1,0.136
cfg_098,config_files,5,o200k_base,91,69,0.7582,24.18,35,37,1.0571,-5.71,1,0.13
cfg_099,config_files,1,cl100k_base,89,88,0.9888,1.12,34,34,1.0,0.0,1,0.072
cfg_099,config_files,1,o200k_base,89,88,0.9888,1.12,34,34,1.0,0.0,1,0.085
cfg_099,config_files,2,cl100k_base,89,82,0.9213,7.87,34,30,0.8824,11.76,1,0.127
cfg_099,config_files,2,o200k_base,89,82,0.9213,7.87,34,30,0.8824,11.76,1,0.11
cfg_099,config_files,3,cl100k_base,89,82,0.9213,7.87,34,30,0.8824,11.76,1,0.115
cfg_099,config_files,3,o200k_base,89,82,0.9213,7.87,34,30,0.8824,11.76,1,0.107
cfg_099,config_files,4,cl100k_base,89,66,0.7416,25.84,34,37,1.0882,-8.82,1,0.133
cfg_099,config_files,4,o200k_base,89,66,0.7416,25.84,34,38,1.1176,-11.76,1,0.123
cfg_099,config_files,5,cl100k_base,89,66,0.7416,25.84,34,37,1.0882,-8.82,1,0.139
cfg_099,config_files,5,o200k_base,89,66,0.7416,25.84,34,38,1.1176,-11.76,1,0.131
